gdc_file_id,gdc_filename,task_csv_filename,tcga_slide_uuid,patient_id,sample_id,gdc_case_id,tp53_label,tp53_status,tp53_label_all_nonsilent,tp53_variant_classes,task_csv_label,label_disagrees_with_task_csv,gdc_state
30e4624b-6f48-429b-b1d9-6a6bc5c82c5e,TCGA-2F-A9KO-01Z-00-DX1.195576CF-B739-4BD9-B15B-4A70AE287D3E.svs,TCGA-2F-A9KO-01Z-00-DX1.195576CF-B739-4BD9-B15B-4A70AE287D3E.svs,195576cf-b739-4bd9-b15b-4a70ae287d3e,TCGA-2F-A9KO,TCGA-2F-A9KO-01,dd3a6357-9087-44b2-9956-f981e0de6f1c,0,wildtype,0,,0,0,released
d8f6e145-eb97-4224-a691-e8ceff2f3885,TCGA-2F-A9KP-01Z-00-DX1.3CDF534E-958F-4467-AA7E-FD3C5A86AAAA.svs,TCGA-2F-A9KP-01Z-00-DX1.3CDF534E-958F-4467-AA7E-FD3C5A86AAAA.svs,3cdf534e-958f-4467-aa7e-fd3c5a86aaaa,TCGA-2F-A9KP,TCGA-2F-A9KP-01,65d1eaec-28db-4a41-a4db-1a710fcb24ad,1,mutant,1,Missense_Mutation,1,0,released
ebb0d7b8-faa6-4387-8eb8-c2380c788f42,TCGA-2F-A9KP-01Z-00-DX2.718C82A3-252B-498E-BFBE-F4E4EB431BF5.svs,TCGA-2F-A9KP-01Z-00-DX2.718C82A3-252B-498E-BFBE-F4E4EB431BF5.svs,718c82a3-252b-498e-bfbe-f4e4eb431bf5,TCGA-2F-A9KP,TCGA-2F-A9KP-01,65d1eaec-28db-4a41-a4db-1a710fcb24ad,1,mutant,1,Missense_Mutation,1,0,released
007b7ccb-0aea-446c-ad8a-a373da529f25,TCGA-2F-A9KQ-01Z-00-DX1.1C8CB2DD-5CC6-4E99-A0F9-32A0F598F5F9.svs,TCGA-2F-A9KQ-01Z-00-DX1.1C8CB2DD-5CC6-4E99-A0F9-32A0F598F5F9.svs,1c8cb2dd-5cc6-4e99-a0f9-32a0f598f5f9,TCGA-2F-A9KQ,TCGA-2F-A9KQ-01,25eaf3f9-c364-423c-aaae-925e7b393afc,0,wildtype,0,,0,0,released
0670d34d-ca21-45a2-89f8-01a4291c9e23,TCGA-2F-A9KR-01Z-00-DX1.D6A4BD2D-18F3-4FA6-8272-60392DDAF7B5.svs,TCGA-2F-A9KR-01Z-00-DX1.D6A4BD2D-18F3-4FA6-8272-60392DDAF7B5.svs,d6a4bd2d-18f3-4fa6-8272-60392ddaf7b5,TCGA-2F-A9KR,TCGA-2F-A9KR-01,f6d916b0-8e4c-49cb-a0d4-883908f3284f,0,wildtype,0,,0,0,released
bc9e3954-59d0-4f25-9022-42c97db7aea2,TCGA-2F-A9KT-01Z-00-DX1.ADD6D87C-0CC2-4B1F-A75F-108C9EB3970F.svs,TCGA-2F-A9KT-01Z-00-DX1.ADD6D87C-0CC2-4B1F-A75F-108C9EB3970F.svs,add6d87c-0cc2-4b1f-a75f-108c9eb3970f,TCGA-2F-A9KT,TCGA-2F-A9KT-01,bc6c516b-591e-4950-b6b0-decafa666f4e,0,wildtype,0,,0,0,released
a8143700-f0e4-4cbb-88a0-41fa455cef30,TCGA-2F-A9KT-01Z-00-DX2.A06896B2-FC9A-430D-8F59-C89EEA002C8B.svs,TCGA-2F-A9KT-01Z-00-DX2.A06896B2-FC9A-430D-8F59-C89EEA002C8B.svs,a06896b2-fc9a-430d-8f59-c89eea002c8b,TCGA-2F-A9KT,TCGA-2F-A9KT-01,bc6c516b-591e-4950-b6b0-decafa666f4e,0,wildtype,0,,0,0,released
33712e05-86a8-4dd4-81e6-3688e8fa261a,TCGA-2F-A9KW-01Z-00-DX1.CECFDA2E-2CE7-4115-B4E6-A3D75B130232.svs,TCGA-2F-A9KW-01Z-00-DX1.CECFDA2E-2CE7-4115-B4E6-A3D75B130232.svs,cecfda2e-2ce7-4115-b4e6-a3d75b130232,TCGA-2F-A9KW,TCGA-2F-A9KW-01,3b464065-b2e9-4fb2-a7da-09e963fd43b3,0,wildtype,0,,0,0,released
0cf6739d-68de-42ba-97fd-5c97edb5c757,TCGA-2F-A9KW-01Z-00-DX2.10D33B2F-631F-4E3D-BF53-24D40A1088A3.svs,TCGA-2F-A9KW-01Z-00-DX2.10D33B2F-631F-4E3D-BF53-24D40A1088A3.svs,10d33b2f-631f-4e3d-bf53-24d40a1088a3,TCGA-2F-A9KW,TCGA-2F-A9KW-01,3b464065-b2e9-4fb2-a7da-09e963fd43b3,0,wildtype,0,,0,0,released
34db838e-ad0e-46dd-961a-da26bce79427,TCGA-4Z-AA7M-01Z-00-DX1.05317C75-A8F3-4124-95D2-F039BEFFE63A.svs,TCGA-4Z-AA7M-01Z-00-DX1.05317C75-A8F3-4124-95D2-F039BEFFE63A.svs,05317c75-a8f3-4124-95d2-f039beffe63a,TCGA-4Z-AA7M,TCGA-4Z-AA7M-01,1ecfdf16-f5e9-4a08-8834-37f4b474179d,1,mutant,1,Missense_Mutation,1,0,released
567f305d-2107-408a-a669-a9403674440b,TCGA-4Z-AA7N-01Z-00-DX1.10AA3499-6678-4DB2-9466-9CB3EA25CBB6.svs,TCGA-4Z-AA7N-01Z-00-DX1.10AA3499-6678-4DB2-9466-9CB3EA25CBB6.svs,10aa3499-6678-4db2-9466-9cb3ea25cbb6,TCGA-4Z-AA7N,TCGA-4Z-AA7N-01,7934bd8c-0822-44a3-88a4-a3135a448f2b,0,wildtype,0,,0,0,released
c8ed362b-2b72-4f55-b5b7-f3e97b6b1daf,TCGA-4Z-AA7O-01Z-00-DX1.A45C32E8-AA40-4182-8A6F-986DFE56A748.svs,TCGA-4Z-AA7O-01Z-00-DX1.A45C32E8-AA40-4182-8A6F-986DFE56A748.svs,a45c32e8-aa40-4182-8a6f-986dfe56a748,TCGA-4Z-AA7O,TCGA-4Z-AA7O-01,835084d6-9f1e-408b-a58c-9d60493bbc6a,0,wildtype,0,,0,0,released
56d3d3e9-7f53-40da-a933-784500ad163b,TCGA-4Z-AA7Q-01Z-00-DX1.9C30EAED-8DE3-437C-8852-0C64B415AFA8.svs,TCGA-4Z-AA7Q-01Z-00-DX1.9C30EAED-8DE3-437C-8852-0C64B415AFA8.svs,9c30eaed-8de3-437c-8852-0c64b415afa8,TCGA-4Z-AA7Q,TCGA-4Z-AA7Q-01,ffafcbfd-0eb3-4e14-acd0-4407b641a4a5,1,mutant,1,Missense_Mutation,1,0,released
fc368199-a91d-49b3-bd0d-2bceee0f8203,TCGA-4Z-AA7R-01Z-00-DX1.8FBDAFEB-265F-4594-9069-E34BAB417FC4.svs,TCGA-4Z-AA7R-01Z-00-DX1.8FBDAFEB-265F-4594-9069-E34BAB417FC4.svs,8fbdafeb-265f-4594-9069-e34bab417fc4,TCGA-4Z-AA7R,TCGA-4Z-AA7R-01,72fe54b5-c1c8-468a-954a-09992429512a,1,mutant,1,Nonsense_Mutation,1,0,released
f32c2b52-aa5d-486b-b009-6c02af5bb430,TCGA-4Z-AA7S-01Z-00-DX1.35242781-51FD-4883-A347-6EADC40E39C2.svs,TCGA-4Z-AA7S-01Z-00-DX1.35242781-51FD-4883-A347-6EADC40E39C2.svs,35242781-51fd-4883-a347-6eadc40e39c2,TCGA-4Z-AA7S,TCGA-4Z-AA7S-01,f001cc02-8119-4726-b41c-14ac1e6a4216,0,wildtype,0,,0,0,released
e02597c2-45a7-4845-ab5b-640c46de6227,TCGA-4Z-AA7W-01Z-00-DX1.9BE6DF4E-480F-483E-8299-D949B5C09B4B.svs,TCGA-4Z-AA7W-01Z-00-DX1.9BE6DF4E-480F-483E-8299-D949B5C09B4B.svs,9be6df4e-480f-483e-8299-d949b5c09b4b,TCGA-4Z-AA7W,TCGA-4Z-AA7W-01,821b99bc-7e14-45b9-898d-6e8e149bc8a7,1,mutant,1,Missense_Mutation,1,0,released
b61a28e6-3e4e-4efb-b335-fa0b315e75ab,TCGA-4Z-AA7Y-01Z-00-DX1.5771D5DA-5163-4F6C-A99A-DA682D3F059F.svs,TCGA-4Z-AA7Y-01Z-00-DX1.5771D5DA-5163-4F6C-A99A-DA682D3F059F.svs,5771d5da-5163-4f6c-a99a-da682d3f059f,TCGA-4Z-AA7Y,TCGA-4Z-AA7Y-01,49ea6676-ae27-4ca0-a7b3-48423d606d48,0,wildtype,0,,0,0,released
5ab83ef7-0f70-45a6-b8c9-531af068aa0c,TCGA-4Z-AA80-01Z-00-DX1.303549D2-42A5-46C4-AD9D-D72337B416E5.svs,TCGA-4Z-AA80-01Z-00-DX1.303549D2-42A5-46C4-AD9D-D72337B416E5.svs,303549d2-42a5-46c4-ad9d-d72337b416e5,TCGA-4Z-AA80,TCGA-4Z-AA80-01,5df620fa-44d9-4361-91d0-f242e3e5e595,0,wildtype,1,Splice_Region,1,1,released
6aed3989-2700-4c98-a07b-892848345c16,TCGA-4Z-AA81-01Z-00-DX1.797432E9-56C6-4142-9AA4-233D7C565BF1.svs,TCGA-4Z-AA81-01Z-00-DX1.797432E9-56C6-4142-9AA4-233D7C565BF1.svs,797432e9-56c6-4142-9aa4-233d7c565bf1,TCGA-4Z-AA81,TCGA-4Z-AA81-01,35c7bb8a-7b5c-488d-9d3a-725b24d14478,0,wildtype,0,,0,0,released
b9ea21b8-0379-41e1-9119-7c222aaef47b,TCGA-4Z-AA82-01Z-00-DX1.D18C9339-88DE-48E7-9D75-1ACB95483F7D.svs,TCGA-4Z-AA82-01Z-00-DX1.D18C9339-88DE-48E7-9D75-1ACB95483F7D.svs,d18c9339-88de-48e7-9d75-1acb95483f7d,TCGA-4Z-AA82,TCGA-4Z-AA82-01,32e79b35-a33a-4ca0-bfb7-7ea7e4e26568,0,wildtype,0,,0,0,released
a539ceeb-e520-4635-930e-f24e2bffefa3,TCGA-4Z-AA83-01Z-00-DX1.432ADCAA-36B5-4F9F-B4AE-6D755805FEF5.svs,TCGA-4Z-AA83-01Z-00-DX1.432ADCAA-36B5-4F9F-B4AE-6D755805FEF5.svs,432adcaa-36b5-4f9f-b4ae-6d755805fef5,TCGA-4Z-AA83,TCGA-4Z-AA83-01,7976dbb0-57b0-463e-a766-126e23825743,0,wildtype,0,,0,0,released
65c68d5a-6fe1-4a30-bb8e-0bf6fb575fd8,TCGA-4Z-AA84-01Z-00-DX1.604B60F3-1E19-4335-9F8D-0D6920B1ACF8.svs,TCGA-4Z-AA84-01Z-00-DX1.604B60F3-1E19-4335-9F8D-0D6920B1ACF8.svs,604b60f3-1e19-4335-9f8d-0d6920b1acf8,TCGA-4Z-AA84,TCGA-4Z-AA84-01,8b091ac3-d03a-4dd2-bdde-f7f5c6987155,1,mutant,1,Missense_Mutation,1,0,released
0e4e931f-c3dc-4dd7-892c-24c9aacaec2d,TCGA-4Z-AA86-01Z-00-DX1.C4DC6342-85A3-4F8A-BA6E-B63C554880B4.svs,TCGA-4Z-AA86-01Z-00-DX1.C4DC6342-85A3-4F8A-BA6E-B63C554880B4.svs,c4dc6342-85a3-4f8a-ba6e-b63c554880b4,TCGA-4Z-AA86,TCGA-4Z-AA86-01,939b73d8-39fd-410e-aeae-53080ea99618,1,mutant,1,Missense_Mutation;Silent,1,0,released
fbcc6c1e-5e07-42cb-8a52-5ed5d2b02e8a,TCGA-4Z-AA87-01Z-00-DX1.84170458-631E-49C5-9D7F-70126388ADE3.svs,TCGA-4Z-AA87-01Z-00-DX1.84170458-631E-49C5-9D7F-70126388ADE3.svs,84170458-631e-49c5-9d7f-70126388ade3,TCGA-4Z-AA87,TCGA-4Z-AA87-01,45b4b153-e4aa-4080-b0dc-ee81a966978a,1,mutant,1,Splice_Site,1,0,released
06bf471f-a488-4506-bc45-96e7e466bb85,TCGA-4Z-AA89-01Z-00-DX1.6DD89FC0-A062-41F1-AED3-FF8975FAADF3.svs,TCGA-4Z-AA89-01Z-00-DX1.6DD89FC0-A062-41F1-AED3-FF8975FAADF3.svs,6dd89fc0-a062-41f1-aed3-ff8975faadf3,TCGA-4Z-AA89,TCGA-4Z-AA89-01,604c0d60-6ba9-4d2f-98db-e310c58bc8ca,0,wildtype,0,,0,0,released
1ccdaf02-b51c-4624-a958-5c7d78c11d20,TCGA-5N-A9KI-01Z-00-DX1.1BAE5EFF-859F-4D0A-8DDC-527E2901F7D4.svs,TCGA-5N-A9KI-01Z-00-DX1.1BAE5EFF-859F-4D0A-8DDC-527E2901F7D4.svs,1bae5eff-859f-4d0a-8ddc-527e2901f7d4,TCGA-5N-A9KI,TCGA-5N-A9KI-01,4fece3d0-649c-4771-b9c4-a3397cea0feb,1,mutant,1,Missense_Mutation;Silent,1,0,released
4b39d98c-4958-4a63-8b3e-78cf3f9697e2,TCGA-5N-A9KM-01Z-00-DX1.5197F750-D17F-459B-B74D-846F5F50F7B7.svs,TCGA-5N-A9KM-01Z-00-DX1.5197F750-D17F-459B-B74D-846F5F50F7B7.svs,5197f750-d17f-459b-b74d-846f5f50f7b7,TCGA-5N-A9KM,TCGA-5N-A9KM-01,9743e684-25dd-4dd9-9b84-6ae9518d1818,0,wildtype,0,,0,0,released
257f6baf-b6c9-4d4b-9b5d-cc566bdb7300,TCGA-BL-A0C8-01Z-00-DX1.E7FC7156-EF0C-4C79-93D1-1345ADB36A45.svs,TCGA-BL-A0C8-01Z-00-DX1.E7FC7156-EF0C-4C79-93D1-1345ADB36A45.svs,e7fc7156-ef0c-4c79-93d1-1345adb36a45,TCGA-BL-A0C8,TCGA-BL-A0C8-01,a6003b1c-56a9-430a-a5e2-b70af3f81bdb,0,wildtype,0,,0,0,released
37c4c69c-5734-48f2-946d-d379c1946bef,TCGA-BL-A0C8-01Z-00-DX2.1D788C7B-801F-4957-B1DE-43DCAA82A16A.svs,TCGA-BL-A0C8-01Z-00-DX2.1D788C7B-801F-4957-B1DE-43DCAA82A16A.svs,1d788c7b-801f-4957-b1de-43dcaa82a16a,TCGA-BL-A0C8,TCGA-BL-A0C8-01,a6003b1c-56a9-430a-a5e2-b70af3f81bdb,0,wildtype,0,,0,0,released
24b596c8-7cf5-41b3-8d29-5a1c16dca8a2,TCGA-BL-A13I-01Z-00-DX1.D08284EF-2E42-44FE-A3B9-BEF64076A86E.svs,TCGA-BL-A13I-01Z-00-DX1.D08284EF-2E42-44FE-A3B9-BEF64076A86E.svs,d08284ef-2e42-44fe-a3b9-bef64076a86e,TCGA-BL-A13I,TCGA-BL-A13I-01,ebc094a6-cdc9-4c02-b8ec-a181b25a364d,0,wildtype,0,,0,0,released
c85e943d-6cca-4b5b-ab63-ad8ef320aefc,TCGA-BL-A13I-01Z-00-DX2.251412B0-EECB-420A-B963-B19432DB3F29.svs,TCGA-BL-A13I-01Z-00-DX2.251412B0-EECB-420A-B963-B19432DB3F29.svs,251412b0-eecb-420a-b963-b19432db3f29,TCGA-BL-A13I,TCGA-BL-A13I-01,ebc094a6-cdc9-4c02-b8ec-a181b25a364d,0,wildtype,0,,0,0,released
5a2226a9-1f63-48dc-b5d9-3b2aabe08fe6,TCGA-BL-A13J-01Z-00-DX1.F2AFDD81-C88A-45EA-AC10-D9B38E878019.svs,TCGA-BL-A13J-01Z-00-DX1.F2AFDD81-C88A-45EA-AC10-D9B38E878019.svs,f2afdd81-c88a-45ea-ac10-d9b38e878019,TCGA-BL-A13J,TCGA-BL-A13J-01,556fcbc8-172a-4af1-8822-ae036e8d68e8,1,mutant,1,Missense_Mutation,1,0,released
511e366e-de4b-49fc-a70d-99ccc4c464d5,TCGA-BL-A13J-01Z-00-DX2.289B5C8E-56AF-440D-A844-36BD98B573AF.svs,TCGA-BL-A13J-01Z-00-DX2.289B5C8E-56AF-440D-A844-36BD98B573AF.svs,289b5c8e-56af-440d-a844-36bd98b573af,TCGA-BL-A13J,TCGA-BL-A13J-01,556fcbc8-172a-4af1-8822-ae036e8d68e8,1,mutant,1,Missense_Mutation,1,0,released
34363f68-b82c-4e5e-8e91-3b05dedfc60b,TCGA-BL-A3JM-01Z-00-DX1.33E53972-CEA4-4D84-A5D2-7DAD7B0C27F8.svs,TCGA-BL-A3JM-01Z-00-DX1.33E53972-CEA4-4D84-A5D2-7DAD7B0C27F8.svs,33e53972-cea4-4d84-a5d2-7dad7b0c27f8,TCGA-BL-A3JM,TCGA-BL-A3JM-01,0f4fb205-b13c-4a85-97b3-779429e6ccdd,1,mutant,1,Missense_Mutation,1,0,released
f09ed0ec-06e1-4a72-8ce2-731803f7ce49,TCGA-BL-A5ZZ-01Z-00-DX1.4CF32B22-118E-4570-B341-0F35258329E6.svs,TCGA-BL-A5ZZ-01Z-00-DX1.4CF32B22-118E-4570-B341-0F35258329E6.svs,4cf32b22-118e-4570-b341-0f35258329e6,TCGA-BL-A5ZZ,TCGA-BL-A5ZZ-01,c1afc5eb-8c1d-4b6c-8453-48728fc023ba,0,wildtype,0,,0,0,released
9d4b2fc3-ea45-4ae8-b344-ddb199261eb9,TCGA-BL-A5ZZ-01Z-00-DX2.BB151354-01C6-43DE-ABCC-0B03468D54FF.svs,TCGA-BL-A5ZZ-01Z-00-DX2.BB151354-01C6-43DE-ABCC-0B03468D54FF.svs,bb151354-01c6-43de-abcc-0b03468d54ff,TCGA-BL-A5ZZ,TCGA-BL-A5ZZ-01,c1afc5eb-8c1d-4b6c-8453-48728fc023ba,0,wildtype,0,,0,0,released
599c2ffd-dcba-4146-8ddf-787a24334a78,TCGA-BT-A0S7-01Z-00-DX1.32588823-EE4E-4F55-B586-29E8E9D98EDE.svs,TCGA-BT-A0S7-01Z-00-DX1.32588823-EE4E-4F55-B586-29E8E9D98EDE.svs,32588823-ee4e-4f55-b586-29e8e9d98ede,TCGA-BT-A0S7,TCGA-BT-A0S7-01,68bc786e-07c7-4964-bc88-5e2a8633626a,0,wildtype,0,,0,0,released
9b64edbe-36cb-4fcb-a72c-5fa1e1b64608,TCGA-BT-A0YX-01Z-00-DX1.B28C49EA-BF1C-44D8-B9A0-DC0A6172702E.svs,TCGA-BT-A0YX-01Z-00-DX1.B28C49EA-BF1C-44D8-B9A0-DC0A6172702E.svs,b28c49ea-bf1c-44d8-b9a0-dc0a6172702e,TCGA-BT-A0YX,TCGA-BT-A0YX-01,22473ad4-df39-4716-b558-3c1409d5fa0e,0,wildtype,0,,0,0,released
1bb84e18-4962-4e14-8be5-957d3d1d90ac,TCGA-BT-A20J-01Z-00-DX1.EB1BC7DB-9BF1-467D-B897-9BA2130320CB.svs,TCGA-BT-A20J-01Z-00-DX1.EB1BC7DB-9BF1-467D-B897-9BA2130320CB.svs,eb1bc7db-9bf1-467d-b897-9ba2130320cb,TCGA-BT-A20J,TCGA-BT-A20J-01,74b1e72d-fdd0-4d84-8858-3bb32d58ff7e,1,mutant,1,Missense_Mutation,1,0,released
83127071-db09-4522-8fd6-335770b3aee8,TCGA-BT-A20N-01Z-00-DX1.0FB9D7FF-BDF5-4768-A6F3-D8D16A899772.svs,TCGA-BT-A20N-01Z-00-DX1.0FB9D7FF-BDF5-4768-A6F3-D8D16A899772.svs,0fb9d7ff-bdf5-4768-a6f3-d8d16a899772,TCGA-BT-A20N,TCGA-BT-A20N-01,ebedab7c-dd7c-448e-8324-78c86f13be8b,1,mutant,1,Nonsense_Mutation,1,0,released
5e35ea9b-e437-4ecc-bd74-9ebd11c29a4c,TCGA-BT-A20O-01Z-00-DX1.BD64154E-5CB0-4088-94CC-C48C036E3715.svs,TCGA-BT-A20O-01Z-00-DX1.BD64154E-5CB0-4088-94CC-C48C036E3715.svs,bd64154e-5cb0-4088-94cc-c48c036e3715,TCGA-BT-A20O,TCGA-BT-A20O-01,c0e7fbe7-b9cb-4e65-941b-cd7d581c54ec,1,mutant,1,Missense_Mutation,1,0,released
ea2a0f52-7f9f-43a3-b56e-540ffe44f7a0,TCGA-BT-A20P-01Z-00-DX1.721A7D6B-C9F3-4A70-8E84-EA2556349AE1.svs,TCGA-BT-A20P-01Z-00-DX1.721A7D6B-C9F3-4A70-8E84-EA2556349AE1.svs,721a7d6b-c9f3-4a70-8e84-ea2556349ae1,TCGA-BT-A20P,TCGA-BT-A20P-01,f48937ed-e294-41f0-8872-7010391167a9,0,wildtype,0,,0,0,released
fa490ffe-dc9b-4159-8943-d0e59f97df61,TCGA-BT-A20Q-01Z-00-DX1.BFF3D35C-CB0C-49C3-8D35-D5C84E133B49.svs,TCGA-BT-A20Q-01Z-00-DX1.BFF3D35C-CB0C-49C3-8D35-D5C84E133B49.svs,bff3d35c-cb0c-49c3-8d35-d5c84e133b49,TCGA-BT-A20Q,TCGA-BT-A20Q-01,419deaac-ea45-4bdd-9fa0-b5cd8429b44f,0,wildtype,0,,0,0,released
4c7e155c-706f-4d7a-8470-bbe91a262c8f,TCGA-BT-A20R-01Z-00-DX1.38320FC0-F1E5-401B-9336-D77796456B30.svs,TCGA-BT-A20R-01Z-00-DX1.38320FC0-F1E5-401B-9336-D77796456B30.svs,38320fc0-f1e5-401b-9336-d77796456b30,TCGA-BT-A20R,TCGA-BT-A20R-01,f8780a4b-7f55-41d1-bf92-8513955d150e,1,mutant,1,Missense_Mutation,1,0,released
8539d38e-701b-4769-8aff-3e2948e93db6,TCGA-BT-A20T-01Z-00-DX1.96460E53-65E0-425F-B079-939D7AA537BE.svs,TCGA-BT-A20T-01Z-00-DX1.96460E53-65E0-425F-B079-939D7AA537BE.svs,96460e53-65e0-425f-b079-939d7aa537be,TCGA-BT-A20T,TCGA-BT-A20T-01,096b4f32-10c1-4737-a0dd-cae04c54ee33,0,wildtype,0,,0,0,released
3e9b9ef1-3a71-4dff-b712-9c29ce4cb141,TCGA-BT-A20U-01Z-00-DX1.C2FDF7E9-3391-44E8-9E84-C5EA8EB4AB4C.svs,TCGA-BT-A20U-01Z-00-DX1.C2FDF7E9-3391-44E8-9E84-C5EA8EB4AB4C.svs,c2fdf7e9-3391-44e8-9e84-c5ea8eb4ab4c,TCGA-BT-A20U,TCGA-BT-A20U-01,83b41d35-69b1-4218-be1a-8821d8a6899c,1,mutant,1,Missense_Mutation,1,0,released
930dc313-e558-4bc9-8790-4123d6e8c135,TCGA-BT-A20W-01Z-00-DX1.26F73765-704B-4D81-923D-F20860A3EFFC.svs,TCGA-BT-A20W-01Z-00-DX1.26F73765-704B-4D81-923D-F20860A3EFFC.svs,26f73765-704b-4d81-923d-f20860a3effc,TCGA-BT-A20W,TCGA-BT-A20W-01,4dc5cffe-ed8c-47ab-b5fc-f9615b5414f7,0,wildtype,0,,0,0,released
0e0b2c60-6f20-4eab-b41c-d046b63261b4,TCGA-BT-A2LA-01Z-00-DX1.B76379CE-99AB-4598-B55B-0FA800B8DB74.svs,TCGA-BT-A2LA-01Z-00-DX1.B76379CE-99AB-4598-B55B-0FA800B8DB74.svs,b76379ce-99ab-4598-b55b-0fa800b8db74,TCGA-BT-A2LA,TCGA-BT-A2LA-01,797a71ee-372d-41e5-aeee-5ab3c4661110,1,mutant,1,Missense_Mutation,1,0,released
5282dadb-4c34-456e-aca0-cf3906510f7a,TCGA-BT-A2LB-01Z-00-DX1.046294E0-4665-41B8-9B95-1A166163EC99.svs,TCGA-BT-A2LB-01Z-00-DX1.046294E0-4665-41B8-9B95-1A166163EC99.svs,046294e0-4665-41b8-9b95-1a166163ec99,TCGA-BT-A2LB,TCGA-BT-A2LB-01,d17a5ab1-3789-4652-aff5-d8f4f2291f9c,1,mutant,1,Missense_Mutation,1,0,released
05712f9b-5a9f-4e82-b714-fbc6f9b7e7c2,TCGA-BT-A2LD-01Z-00-DX1.A2AEDD2E-481A-401B-BDD7-5D680B5E36E9.svs,TCGA-BT-A2LD-01Z-00-DX1.A2AEDD2E-481A-401B-BDD7-5D680B5E36E9.svs,a2aedd2e-481a-401b-bdd7-5d680b5e36e9,TCGA-BT-A2LD,TCGA-BT-A2LD-01,9dd97821-7afd-4982-8b1d-f14f845b79f7,1,mutant,1,Missense_Mutation,1,0,released
aa9d43a2-99b5-4de5-87d7-225e42e4a424,TCGA-BT-A3PH-01Z-00-DX1.18FB196C-9F66-4676-81DC-F58A0A5577D8.svs,TCGA-BT-A3PH-01Z-00-DX1.18FB196C-9F66-4676-81DC-F58A0A5577D8.svs,18fb196c-9f66-4676-81dc-f58a0a5577d8,TCGA-BT-A3PH,TCGA-BT-A3PH-01,932bcdd4-5145-49e8-9a95-8a546396f572,1,mutant,1,Missense_Mutation,1,0,released
584518df-ade7-4be2-89cf-1a3b91ad76c4,TCGA-BT-A3PJ-01Z-00-DX1.C730AD35-81DF-4758-97B5-1E9F58E67A2B.svs,TCGA-BT-A3PJ-01Z-00-DX1.C730AD35-81DF-4758-97B5-1E9F58E67A2B.svs,c730ad35-81df-4758-97b5-1e9f58e67a2b,TCGA-BT-A3PJ,TCGA-BT-A3PJ-01,cb664eef-be6f-44ef-aa90-6f6da0e6440a,1,mutant,1,Missense_Mutation,1,0,released
14846abd-24d8-4394-b9dc-51a26e705a18,TCGA-BT-A3PK-01Z-00-DX1.0C10EB75-B766-47DB-8BD0-853F81074355.svs,TCGA-BT-A3PK-01Z-00-DX1.0C10EB75-B766-47DB-8BD0-853F81074355.svs,0c10eb75-b766-47db-8bd0-853f81074355,TCGA-BT-A3PK,TCGA-BT-A3PK-01,73041fcf-f3b6-4851-b34d-1d62a1fcf6fe,0,wildtype,0,,0,0,released
0fa7cb35-e412-4350-9fc8-b4fafb0399a9,TCGA-BT-A42B-01Z-00-DX1.00FCBDE2-728B-4024-A515-64A366DAB307.svs,TCGA-BT-A42B-01Z-00-DX1.00FCBDE2-728B-4024-A515-64A366DAB307.svs,00fcbde2-728b-4024-a515-64a366dab307,TCGA-BT-A42B,TCGA-BT-A42B-01,db84c62d-6904-4ea8-8e51-1262b8d6ff90,0,wildtype,0,,0,0,released
cc1f2a05-0e99-4bda-9721-dcb81fc71548,TCGA-BT-A42C-01Z-00-DX1.49949E15-B218-4E43-947C-5D73B87B1CA9.svs,TCGA-BT-A42C-01Z-00-DX1.49949E15-B218-4E43-947C-5D73B87B1CA9.svs,49949e15-b218-4e43-947c-5d73b87b1ca9,TCGA-BT-A42C,TCGA-BT-A42C-01,b9808ef9-e917-45f9-9e0f-b86f7834b5ff,0,wildtype,0,,0,0,released
8e09cb61-32a6-4718-a4bb-ab211b0ed85f,TCGA-BT-A42E-01Z-00-DX1.7DAF02FF-70D0-412D-8EE3-03AC04E83300.svs,TCGA-BT-A42E-01Z-00-DX1.7DAF02FF-70D0-412D-8EE3-03AC04E83300.svs,7daf02ff-70d0-412d-8ee3-03ac04e83300,TCGA-BT-A42E,TCGA-BT-A42E-01,8d434cfb-2414-4d93-bf79-7b957bf040db,0,wildtype,0,,0,0,released
dade7c04-745f-4b74-9d71-a0ba532db9da,TCGA-BT-A42F-01Z-00-DX1.B934B6A1-C16E-4796-A297-9E92DD74763F.svs,TCGA-BT-A42F-01Z-00-DX1.B934B6A1-C16E-4796-A297-9E92DD74763F.svs,b934b6a1-c16e-4796-a297-9e92dd74763f,TCGA-BT-A42F,TCGA-BT-A42F-01,da98be9d-7acf-43ce-aa24-38d1d2604506,1,mutant,1,Missense_Mutation;Nonsense_Mutation,0,1,released
f89ccebb-fa19-49cd-adf3-0117726181f6,TCGA-C4-A0EZ-01Z-00-DX1.993A12F0-9687-4E56-B887-13C9453A7E63.svs,TCGA-C4-A0EZ-01Z-00-DX1.993A12F0-9687-4E56-B887-13C9453A7E63.svs,993a12f0-9687-4e56-b887-13c9453a7e63,TCGA-C4-A0EZ,TCGA-C4-A0EZ-01,05935f1d-77c2-46ca-b87a-7a84bce38afd,1,mutant,1,Missense_Mutation,1,0,released
87f0ecc4-584b-42b0-b4d4-7f5a4bf98f5b,TCGA-C4-A0F0-01Z-00-DX1.8EBBC2EF-DA6F-4901-838D-C1AC80E83E92.svs,TCGA-C4-A0F0-01Z-00-DX1.8EBBC2EF-DA6F-4901-838D-C1AC80E83E92.svs,8ebbc2ef-da6f-4901-838d-c1ac80e83e92,TCGA-C4-A0F0,TCGA-C4-A0F0-01,40398c03-a9cc-476b-9ee9-aecf161be43f,0,wildtype,0,,0,0,released
e6e166e2-86bb-4c3a-9cc4-f2b51e4956d2,TCGA-C4-A0F1-01Z-00-DX1.C29436CC-B584-4898-8168-97B5552B1B24.svs,TCGA-C4-A0F1-01Z-00-DX1.C29436CC-B584-4898-8168-97B5552B1B24.svs,c29436cc-b584-4898-8168-97b5552b1b24,TCGA-C4-A0F1,TCGA-C4-A0F1-01,ab20d2d5-ea10-4aba-b495-fbe7b18bb394,0,wildtype,0,,0,0,released
14bc80a7-a468-48f0-bb70-ead200c7944c,TCGA-C4-A0F6-01Z-00-DX1.05FAB26A-4BE9-42B4-95F0-6BD15EBE8792.svs,TCGA-C4-A0F6-01Z-00-DX1.05FAB26A-4BE9-42B4-95F0-6BD15EBE8792.svs,05fab26a-4be9-42b4-95f0-6bd15ebe8792,TCGA-C4-A0F6,TCGA-C4-A0F6-01,4ff9b4f2-6d04-4fed-8796-155902a8bf28,0,wildtype,0,,0,0,released
9eab7aab-022b-4881-8f01-020a8f237521,TCGA-C4-A0F7-01Z-00-DX1.606C3AFA-F93D-4226-AA49-41B5916F9018.svs,TCGA-C4-A0F7-01Z-00-DX1.606C3AFA-F93D-4226-AA49-41B5916F9018.svs,606c3afa-f93d-4226-aa49-41b5916f9018,TCGA-C4-A0F7,TCGA-C4-A0F7-01,ca554128-da9d-4f37-9560-ca083509e01d,1,mutant,1,Missense_Mutation,1,0,released
f7f7d84e-570d-4f30-bf78-2e28eb169899,TCGA-CF-A1HR-01Z-00-DX1.C56E4296-EB85-4DBA-B0A0-9D6FA097A74F.svs,TCGA-CF-A1HR-01Z-00-DX1.C56E4296-EB85-4DBA-B0A0-9D6FA097A74F.svs,c56e4296-eb85-4dba-b0a0-9d6fa097a74f,TCGA-CF-A1HR,TCGA-CF-A1HR-01,39ea19e1-4959-4f1b-9934-54bdaf766842,0,wildtype,0,,0,0,released
d014e485-d958-491b-bf6d-3625eebbe7d0,TCGA-CF-A1HS-01Z-00-DX1.CA67D874-12C9-49AB-ACA1-92C202E27083.svs,TCGA-CF-A1HS-01Z-00-DX1.CA67D874-12C9-49AB-ACA1-92C202E27083.svs,ca67d874-12c9-49ab-aca1-92c202e27083,TCGA-CF-A1HS,TCGA-CF-A1HS-01,a73c0842-39c5-4c2c-aa6a-f31341a4f36e,1,mutant,1,Missense_Mutation;Silent,1,0,released
bc85d94e-e088-48b7-9393-674211e8fdcb,TCGA-CF-A27C-01Z-00-DX1.0FDBC44E-EC0D-4C6F-8B77-177CB1516CF1.svs,TCGA-CF-A27C-01Z-00-DX1.0FDBC44E-EC0D-4C6F-8B77-177CB1516CF1.svs,0fdbc44e-ec0d-4c6f-8b77-177cb1516cf1,TCGA-CF-A27C,TCGA-CF-A27C-01,7fee9d6f-c0ea-43c2-89c2-66d965a077a8,0,wildtype,0,,0,0,released
e2455e26-67da-4d60-837d-9afd7d202f1c,TCGA-CF-A3MF-01Z-00-DX1.91768C26-5BB1-4DE6-9737-AA26BD687A75.svs,TCGA-CF-A3MF-01Z-00-DX1.91768C26-5BB1-4DE6-9737-AA26BD687A75.svs,91768c26-5bb1-4de6-9737-aa26bd687a75,TCGA-CF-A3MF,TCGA-CF-A3MF-01,1e308b12-0590-4dae-94d0-a539fcf25df7,0,wildtype,0,,0,0,released
d0502ad0-24a4-438a-ac73-4d1ec96d999a,TCGA-CF-A3MG-01Z-00-DX1.49D55C73-735B-496E-82DA-1F6BFE88D607.svs,TCGA-CF-A3MG-01Z-00-DX1.49D55C73-735B-496E-82DA-1F6BFE88D607.svs,49d55c73-735b-496e-82da-1f6bfe88d607,TCGA-CF-A3MG,TCGA-CF-A3MG-01,39efa06a-ffe5-40b3-8f8a-a2d7071bc9e3,0,wildtype,0,,0,0,released
9fcfdd36-3608-451b-b391-24d9ab48caa6,TCGA-CF-A3MH-01Z-00-DX1.4A6F7BDC-B7D2-4203-AA8E-7BA5DB8BF3AC.svs,TCGA-CF-A3MH-01Z-00-DX1.4A6F7BDC-B7D2-4203-AA8E-7BA5DB8BF3AC.svs,4a6f7bdc-b7d2-4203-aa8e-7ba5db8bf3ac,TCGA-CF-A3MH,TCGA-CF-A3MH-01,b8a8d2fc-421b-4393-8d5a-946cf72cb496,0,wildtype,0,,0,0,released
e3557873-72bd-425f-9674-8c3e7614b9f7,TCGA-CF-A3MI-01Z-00-DX1.5619CA1A-F772-44CC-BBE2-F2C365E2699D.svs,TCGA-CF-A3MI-01Z-00-DX1.5619CA1A-F772-44CC-BBE2-F2C365E2699D.svs,5619ca1a-f772-44cc-bbe2-f2c365e2699d,TCGA-CF-A3MI,TCGA-CF-A3MI-01,f1ebf96b-8df9-4e59-acef-7ad433e40214,0,wildtype,0,,0,0,released
03414f4a-2121-4272-be1d-62c587d1ed26,TCGA-CF-A47S-01Z-00-DX1.1397F7C0-1098-4C42-B158-28A37723F5F6.svs,TCGA-CF-A47S-01Z-00-DX1.1397F7C0-1098-4C42-B158-28A37723F5F6.svs,1397f7c0-1098-4c42-b158-28a37723f5f6,TCGA-CF-A47S,TCGA-CF-A47S-01,d2df20d4-6704-41e6-b33d-616225bd737c,0,wildtype,0,,0,0,released
8d7331e4-56c7-49fa-b415-32cd4048d3db,TCGA-CF-A47T-01Z-00-DX1.2AFA4BB3-B97C-4C0D-86F4-53A5F3317129.svs,TCGA-CF-A47T-01Z-00-DX1.2AFA4BB3-B97C-4C0D-86F4-53A5F3317129.svs,2afa4bb3-b97c-4c0d-86f4-53a5f3317129,TCGA-CF-A47T,TCGA-CF-A47T-01,0db0f02f-94f5-492f-8840-5254792f6879,0,wildtype,0,,0,0,released
22d878be-b86b-4e56-b445-4f5d8b70f1d4,TCGA-CF-A47V-01Z-00-DX1.DCDFBB74-48BC-434A-ABD3-55367C56F2FD.svs,TCGA-CF-A47V-01Z-00-DX1.DCDFBB74-48BC-434A-ABD3-55367C56F2FD.svs,dcdfbb74-48bc-434a-abd3-55367c56f2fd,TCGA-CF-A47V,TCGA-CF-A47V-01,e5086eab-c920-4e3e-a965-90f3f495363a,0,wildtype,0,,0,0,released
f10659d6-8997-44c7-a087-aa1765fe6b1d,TCGA-CF-A47W-01Z-00-DX1.D14F1F9A-E684-4140-9714-3197A4325568.svs,TCGA-CF-A47W-01Z-00-DX1.D14F1F9A-E684-4140-9714-3197A4325568.svs,d14f1f9a-e684-4140-9714-3197a4325568,TCGA-CF-A47W,TCGA-CF-A47W-01,122fc134-8915-47db-96c9-ab1853c3cd18,0,wildtype,0,,0,0,released
e9c84c97-302d-4d91-b27c-c93cca263ce3,TCGA-CF-A47X-01Z-00-DX1.1FA2C95C-CFB9-47AA-9BA8-2C2D391BA5D7.svs,TCGA-CF-A47X-01Z-00-DX1.1FA2C95C-CFB9-47AA-9BA8-2C2D391BA5D7.svs,1fa2c95c-cfb9-47aa-9ba8-2c2d391ba5d7,TCGA-CF-A47X,TCGA-CF-A47X-01,82d5f37f-5a1b-49d8-b990-ac222b4e1c1d,0,wildtype,0,,0,0,released
51caffbc-2f14-4317-9ecf-51262c4ee6f1,TCGA-CF-A47Y-01Z-00-DX1.1D4B8964-E7AB-4C6F-80AC-AF84B80B80C2.svs,TCGA-CF-A47Y-01Z-00-DX1.1D4B8964-E7AB-4C6F-80AC-AF84B80B80C2.svs,1d4b8964-e7ab-4c6f-80ac-af84b80b80c2,TCGA-CF-A47Y,TCGA-CF-A47Y-01,9bcff619-f75a-4aa4-9e09-2e9aa7b59225,1,mutant,1,Missense_Mutation,1,0,released
7b8b1160-2f6b-44ac-936e-0daa66989d8f,TCGA-CF-A5U8-01Z-00-DX1.D0385BD3-3128-41C6-889D-4EC916B2B228.svs,TCGA-CF-A5U8-01Z-00-DX1.D0385BD3-3128-41C6-889D-4EC916B2B228.svs,d0385bd3-3128-41c6-889d-4ec916b2b228,TCGA-CF-A5U8,TCGA-CF-A5U8-01,4cc25adb-6db4-46aa-9fc9-c2c6339fb6d3,1,mutant,1,Missense_Mutation,1,0,released
acc9e18a-0cdb-4f6e-9ae3-4c5673fd1658,TCGA-CF-A5UA-01Z-00-DX1.7352D4EB-46F5-4EAA-95B9-1D869E8291C3.svs,TCGA-CF-A5UA-01Z-00-DX1.7352D4EB-46F5-4EAA-95B9-1D869E8291C3.svs,7352d4eb-46f5-4eaa-95b9-1d869e8291c3,TCGA-CF-A5UA,TCGA-CF-A5UA-01,b52c870c-bfb8-4e68-86c0-64d57e5c9ae3,0,wildtype,0,,0,0,released
78dd90eb-551f-4e06-adae-78d0c11312e8,TCGA-CF-A7I0-01Z-00-DX1.9920A024-B523-4CB6-992F-0BD80D9E11C9.svs,TCGA-CF-A7I0-01Z-00-DX1.9920A024-B523-4CB6-992F-0BD80D9E11C9.svs,9920a024-b523-4cb6-992f-0bd80d9e11c9,TCGA-CF-A7I0,TCGA-CF-A7I0-01,25ac9acd-328b-4fae-a448-4f3957b1b212,0,wildtype,0,,0,0,released
91bd618a-88fd-4f73-ad5b-1bd19e3139b3,TCGA-CF-A8HX-01Z-00-DX1.92B22756-3D98-4DE6-A077-36C9F1AF1EC2.svs,TCGA-CF-A8HX-01Z-00-DX1.92B22756-3D98-4DE6-A077-36C9F1AF1EC2.svs,92b22756-3d98-4de6-a077-36c9f1af1ec2,TCGA-CF-A8HX,TCGA-CF-A8HX-01,43f9b602-683a-4fa1-b044-8fc5794b1453,0,wildtype,0,,0,0,released
68c67807-46f4-468a-9030-63028e62f7bb,TCGA-CF-A8HY-01Z-00-DX1.53F599FE-3A6D-4BAC-92B2-CBE3F183BB71.svs,TCGA-CF-A8HY-01Z-00-DX1.53F599FE-3A6D-4BAC-92B2-CBE3F183BB71.svs,53f599fe-3a6d-4bac-92b2-cbe3f183bb71,TCGA-CF-A8HY,TCGA-CF-A8HY-01,6a3e87d7-e360-44c5-9764-4b630df383e6,0,wildtype,0,,0,0,released
70f25fb4-b80d-4d98-8c2c-7c38f16c4ac8,TCGA-CF-A9FF-01Z-00-DX1.69267287-0015-4BC2-A965-CEE9D0CFC5AA.svs,TCGA-CF-A9FF-01Z-00-DX1.69267287-0015-4BC2-A965-CEE9D0CFC5AA.svs,69267287-0015-4bc2-a965-cee9d0cfc5aa,TCGA-CF-A9FF,TCGA-CF-A9FF-01,736e8cdf-e2d7-4141-86a9-45c34178a1c8,0,wildtype,0,,0,0,released
d8f1d775-92b8-4e38-a410-db1eeae6763c,TCGA-CF-A9FH-01Z-00-DX1.26AACDC9-1C0B-4AD4-A484-E093515F42B1.svs,TCGA-CF-A9FH-01Z-00-DX1.26AACDC9-1C0B-4AD4-A484-E093515F42B1.svs,26aacdc9-1c0b-4ad4-a484-e093515f42b1,TCGA-CF-A9FH,TCGA-CF-A9FH-01,83a369ae-003b-432b-a7b2-c630805b43c1,0,wildtype,0,,0,0,released
7e25661c-30b0-44bc-87ee-97358e82acdb,TCGA-CF-A9FL-01Z-00-DX1.711B523B-E033-41ED-AE06-6233C89DCC57.svs,TCGA-CF-A9FL-01Z-00-DX1.711B523B-E033-41ED-AE06-6233C89DCC57.svs,711b523b-e033-41ed-ae06-6233c89dcc57,TCGA-CF-A9FL,TCGA-CF-A9FL-01,96292f0e-5d09-4c44-8dfc-73ebde6bf137,0,wildtype,0,,0,0,released
3e715b5b-c3eb-44b0-a444-21947a73628a,TCGA-CF-A9FM-01Z-00-DX1.F9379708-8E04-435E-BF12-8E3222AE728D.svs,TCGA-CF-A9FM-01Z-00-DX1.F9379708-8E04-435E-BF12-8E3222AE728D.svs,f9379708-8e04-435e-bf12-8e3222ae728d,TCGA-CF-A9FM,TCGA-CF-A9FM-01,aad167ab-4772-4616-afb3-265e00d4a3f0,0,wildtype,0,,0,0,released
03407226-2e96-466f-a0df-051dfb25db25,TCGA-CU-A0YN-01Z-00-DX1.6C5EAAAF-8F14-49D3-8FFC-9BDAE56CAFD0.svs,TCGA-CU-A0YN-01Z-00-DX1.6C5EAAAF-8F14-49D3-8FFC-9BDAE56CAFD0.svs,6c5eaaaf-8f14-49d3-8ffc-9bdae56cafd0,TCGA-CU-A0YN,TCGA-CU-A0YN-01,679a6869-2ce9-4472-8db1-8869e2c1a440,0,wildtype,0,,0,0,released
b2ab0307-7728-46e9-bae3-6e89e03d2dbf,TCGA-CU-A0YO-01Z-00-DX1.847097EC-2E17-44BA-9162-6AA298B7CAFD.svs,TCGA-CU-A0YO-01Z-00-DX1.847097EC-2E17-44BA-9162-6AA298B7CAFD.svs,847097ec-2e17-44ba-9162-6aa298b7cafd,TCGA-CU-A0YO,TCGA-CU-A0YO-01,4a9ef220-922c-49cf-bbed-d173b214ed31,0,wildtype,0,,0,0,released
11ce32b0-1488-4ea2-8523-b12ac427669a,TCGA-CU-A0YR-01Z-00-DX1.B3690B2C-0B90-47D6-8709-D493A74E3F7B.svs,TCGA-CU-A0YR-01Z-00-DX1.B3690B2C-0B90-47D6-8709-D493A74E3F7B.svs,b3690b2c-0b90-47d6-8709-d493a74e3f7b,TCGA-CU-A0YR,TCGA-CU-A0YR-01,811b3950-36e7-485f-bc48-aca1eee2ddef,0,wildtype,0,,0,0,released
15e047d2-e5d0-44f4-acb6-ef36b1cd4ab6,TCGA-CU-A3KJ-01Z-00-DX1.5E6E8B80-4059-4625-AED8-D049F4B63FF7.svs,TCGA-CU-A3KJ-01Z-00-DX1.5E6E8B80-4059-4625-AED8-D049F4B63FF7.svs,5e6e8b80-4059-4625-aed8-d049f4b63ff7,TCGA-CU-A3KJ,TCGA-CU-A3KJ-01,a75584bc-bef7-48f6-b4b3-c1472a3af768,1,mutant,1,Missense_Mutation,1,0,released
27b751e7-1747-47df-88e6-e5c0d31977f4,TCGA-CU-A3YL-01Z-00-DX1.813C9F59-869C-4B8E-B295-22F67AD83F37.svs,TCGA-CU-A3YL-01Z-00-DX1.813C9F59-869C-4B8E-B295-22F67AD83F37.svs,813c9f59-869c-4b8e-b295-22f67ad83f37,TCGA-CU-A3YL,TCGA-CU-A3YL-01,087a7f70-2fa8-4a16-b130-4df10a70c662,0,wildtype,0,,0,0,released
676cbd49-5da7-46f9-af87-2f8b901c4386,TCGA-CU-A5W6-01Z-00-DX1.11155086-4A71-4207-85B9-CAF7B6D3D60D.svs,TCGA-CU-A5W6-01Z-00-DX1.11155086-4A71-4207-85B9-CAF7B6D3D60D.svs,11155086-4a71-4207-85b9-caf7b6d3d60d,TCGA-CU-A5W6,TCGA-CU-A5W6-01,7a7fcdd3-cce9-47cf-a26f-cc6ff34ecd9a,0,wildtype,0,,0,0,released
792eec25-05cf-45ce-af22-3190e1875dce,TCGA-CU-A72E-01Z-00-DX1.11B1B313-85DB-460B-9B78-398224F63A04.svs,TCGA-CU-A72E-01Z-00-DX1.11B1B313-85DB-460B-9B78-398224F63A04.svs,11b1b313-85db-460b-9b78-398224f63a04,TCGA-CU-A72E,TCGA-CU-A72E-01,ae080e88-82da-480c-bd13-ae214da0463c,0,wildtype,0,,0,0,released
4ee8849c-3b39-4eb6-944c-044659bd19dd,TCGA-DK-A1A3-01Z-00-DX1.89FB6586-56D1-4EF7-AE4B-66EED29667CD.svs,TCGA-DK-A1A3-01Z-00-DX1.89FB6586-56D1-4EF7-AE4B-66EED29667CD.svs,89fb6586-56d1-4ef7-ae4b-66eed29667cd,TCGA-DK-A1A3,TCGA-DK-A1A3-01,c5b20ccc-523d-491c-8536-008e05c57212,1,mutant,1,Missense_Mutation;Nonsense_Mutation,1,0,released
9dfc71a1-59ba-460f-ad88-7ea26cc3639c,TCGA-DK-A1A5-01Z-00-DX1.463753DB-C4EA-4973-AF04-4BD0FF39C19D.svs,TCGA-DK-A1A5-01Z-00-DX1.463753DB-C4EA-4973-AF04-4BD0FF39C19D.svs,463753db-c4ea-4973-af04-4bd0ff39c19d,TCGA-DK-A1A5,TCGA-DK-A1A5-01,904a8757-e0c5-41ef-b583-c8f170caaac1,1,mutant,1,Missense_Mutation,1,0,released
b3e2f7ea-c5f2-4f36-a5cc-8afd23ed95b4,TCGA-DK-A1A6-01Z-00-DX1.FC604B50-6BA7-488C-A153-7F9610E6E37B.svs,TCGA-DK-A1A6-01Z-00-DX1.FC604B50-6BA7-488C-A153-7F9610E6E37B.svs,fc604b50-6ba7-488c-a153-7f9610e6e37b,TCGA-DK-A1A6,TCGA-DK-A1A6-01,9c274536-3ca1-4f0e-93a8-1688074d862f,0,wildtype,0,,1,1,released
6971ceaf-cb55-42b0-9880-effc1010e4a5,TCGA-DK-A1A7-01Z-00-DX1.57B1442D-8862-447F-98D4-0D52F7B94E62.svs,TCGA-DK-A1A7-01Z-00-DX1.57B1442D-8862-447F-98D4-0D52F7B94E62.svs,57b1442d-8862-447f-98d4-0d52f7b94e62,TCGA-DK-A1A7,TCGA-DK-A1A7-01,3ed614e7-f356-4d87-985b-d3bbbae3bb40,0,wildtype,0,,0,0,released
462c46dd-3533-43d9-8b1d-2c5f84a92df4,TCGA-DK-A1AA-01Z-00-DX1.11F015AE-3B8A-4827-93E2-54F8563BE248.svs,TCGA-DK-A1AA-01Z-00-DX1.11F015AE-3B8A-4827-93E2-54F8563BE248.svs,11f015ae-3b8a-4827-93e2-54f8563be248,TCGA-DK-A1AA,TCGA-DK-A1AA-01,56d8a1b8-1268-4362-a7f1-77b76fbf1b59,0,wildtype,0,,0,0,released
0f618882-a973-4134-aa31-fdd27c9a8add,TCGA-DK-A1AB-01Z-00-DX1.D6032D7B-43EF-469B-A29D-D6DC41DB46D7.svs,TCGA-DK-A1AB-01Z-00-DX1.D6032D7B-43EF-469B-A29D-D6DC41DB46D7.svs,d6032d7b-43ef-469b-a29d-d6dc41db46d7,TCGA-DK-A1AB,TCGA-DK-A1AB-01,f027d254-ec01-4882-a8a7-964ae90b7d49,1,mutant,1,Missense_Mutation;Nonsense_Mutation,1,0,released
d2cb0e7b-f462-462f-b0ed-62913cbfd94b,TCGA-DK-A1AC-01Z-00-DX1.6F484315-00FC-4D41-86E2-16200DC61A04.svs,TCGA-DK-A1AC-01Z-00-DX1.6F484315-00FC-4D41-86E2-16200DC61A04.svs,6f484315-00fc-4d41-86e2-16200dc61a04,TCGA-DK-A1AC,TCGA-DK-A1AC-01,36c14e9d-1863-4c55-bbbb-f8c9dd418932,1,mutant,1,Missense_Mutation;Nonsense_Mutation,1,0,released
23c0197d-267f-4b37-8d7e-5bfe2c162a5c,TCGA-DK-A1AD-01Z-00-DX1.1B438E00-C022-4CB8-994D-C4EE8E009F00.svs,TCGA-DK-A1AD-01Z-00-DX1.1B438E00-C022-4CB8-994D-C4EE8E009F00.svs,1b438e00-c022-4cb8-994d-c4ee8e009f00,TCGA-DK-A1AD,TCGA-DK-A1AD-01,88a521ce-a5e9-4c6f-83d4-ec36a62fedb6,1,mutant,1,Missense_Mutation,1,0,released
db6cc298-e297-4e32-8326-f0f90763f9f8,TCGA-DK-A1AE-01Z-00-DX1.85F1B791-E0CD-479F-9C2D-E411981E4471.svs,TCGA-DK-A1AE-01Z-00-DX1.85F1B791-E0CD-479F-9C2D-E411981E4471.svs,85f1b791-e0cd-479f-9c2d-e411981e4471,TCGA-DK-A1AE,TCGA-DK-A1AE-01,493a4ff2-37a5-4b79-928d-83dbfe534556,0,wildtype,0,,0,0,released
b6bd14fc-7e2c-41d2-aae3-7d510b58c105,TCGA-DK-A1AF-01Z-00-DX1.E18DE029-27A6-43A6-9E9D-D0225C7D5324.svs,TCGA-DK-A1AF-01Z-00-DX1.E18DE029-27A6-43A6-9E9D-D0225C7D5324.svs,e18de029-27a6-43a6-9e9d-d0225c7d5324,TCGA-DK-A1AF,TCGA-DK-A1AF-01,f3104468-bf17-434b-8a7e-bc3b253121ea,0,wildtype,0,,0,0,released
e0c0cbc0-d700-4ef6-96ab-74c63a3dd53c,TCGA-DK-A1AG-01Z-00-DX1.1794B149-3C25-4C51-B96F-1EA24BCBBB3C.svs,TCGA-DK-A1AG-01Z-00-DX1.1794B149-3C25-4C51-B96F-1EA24BCBBB3C.svs,1794b149-3c25-4c51-b96f-1ea24bcbbb3c,TCGA-DK-A1AG,TCGA-DK-A1AG-01,f8c0a69c-df53-4a0a-a30e-4424c0ce3dd5,0,wildtype,0,,0,0,released
52a5e756-a2c6-45a7-96a8-b80f02c8d6a8,TCGA-DK-A2HX-01Z-00-DX1.F5D261DF-5A52-4BF6-B892-89B245809F7B.svs,TCGA-DK-A2HX-01Z-00-DX1.F5D261DF-5A52-4BF6-B892-89B245809F7B.svs,f5d261df-5a52-4bf6-b892-89b245809f7b,TCGA-DK-A2HX,TCGA-DK-A2HX-01,c728fac9-5452-4759-a4ed-a366e0f757cb,0,wildtype,0,,0,0,released
80385c0d-007b-406a-a7e5-ffbff64be999,TCGA-DK-A2I1-01Z-00-DX1.7EBA720C-60F8-4012-95D2-F4B10FB74A18.svs,TCGA-DK-A2I1-01Z-00-DX1.7EBA720C-60F8-4012-95D2-F4B10FB74A18.svs,7eba720c-60f8-4012-95d2-f4b10fb74a18,TCGA-DK-A2I1,TCGA-DK-A2I1-01,036b9681-ab58-4734-a8fd-e0d5d078bf5a,1,mutant,1,Nonsense_Mutation,1,0,released
ec6b7364-e816-400f-9a57-79a014bad541,TCGA-DK-A2I2-01Z-00-DX1.FF39546E-EE64-4287-8CB5-585801A08519.svs,TCGA-DK-A2I2-01Z-00-DX1.FF39546E-EE64-4287-8CB5-585801A08519.svs,ff39546e-ee64-4287-8cb5-585801a08519,TCGA-DK-A2I2,TCGA-DK-A2I2-01,234086dd-5a74-4ff1-94ab-bad43ee69d5c,1,mutant,1,Missense_Mutation,1,0,released
569b33bb-c018-46a8-a1a0-0d1065c79572,TCGA-DK-A2I4-01Z-00-DX1.2DE79A2D-575E-4D5A-A6E3-89D551A5FA46.svs,TCGA-DK-A2I4-01Z-00-DX1.2DE79A2D-575E-4D5A-A6E3-89D551A5FA46.svs,2de79a2d-575e-4d5a-a6e3-89d551a5fa46,TCGA-DK-A2I4,TCGA-DK-A2I4-01,5c4aebeb-fb6f-4d66-b24a-89ef20de971e,0,wildtype,0,,0,0,released
8ff6e59c-e68d-4344-b1c6-4311c2969a91,TCGA-DK-A2I6-01Z-00-DX1.7BF86D3B-D4F7-47F9-B021-7FD6B673A238.svs,TCGA-DK-A2I6-01Z-00-DX1.7BF86D3B-D4F7-47F9-B021-7FD6B673A238.svs,7bf86d3b-d4f7-47f9-b021-7fd6b673a238,TCGA-DK-A2I6,TCGA-DK-A2I6-01,de810af0-4c18-4e8f-9836-f8abc425e3eb,1,mutant,1,Nonsense_Mutation,1,0,released
2aad4ab3-d05a-4a86-8191-3e0c21b1a04b,TCGA-DK-A3IK-01Z-00-DX1.2C3A7E93-113C-4321-94B1-7A228E4897F0.svs,TCGA-DK-A3IK-01Z-00-DX1.2C3A7E93-113C-4321-94B1-7A228E4897F0.svs,2c3a7e93-113c-4321-94b1-7a228e4897f0,TCGA-DK-A3IK,TCGA-DK-A3IK-01,3f0a0748-9acc-4d0b-ba18-7c08bd183f86,1,mutant,1,Missense_Mutation,1,0,released
1958d1c3-1668-42f7-8bda-a308069268ab,TCGA-DK-A3IL-01Z-00-DX1.B3F0006E-CB53-4475-9576-3411C835B25A.svs,TCGA-DK-A3IL-01Z-00-DX1.B3F0006E-CB53-4475-9576-3411C835B25A.svs,b3f0006e-cb53-4475-9576-3411c835b25a,TCGA-DK-A3IL,TCGA-DK-A3IL-01,178b28cd-99c3-48dc-8d09-1ef71b4cee80,1,mutant,1,Missense_Mutation,1,0,released
a45f8fbf-f199-4d63-b31a-dcda335ca504,TCGA-DK-A3IM-01Z-00-DX1.ED1A8B22-566E-4A95-AF6D-7C9E536BE2B7.svs,TCGA-DK-A3IM-01Z-00-DX1.ED1A8B22-566E-4A95-AF6D-7C9E536BE2B7.svs,ed1a8b22-566e-4a95-af6d-7c9e536be2b7,TCGA-DK-A3IM,TCGA-DK-A3IM-01,41b59716-116f-4942-8b63-409870a87e26,1,mutant,1,Missense_Mutation,1,0,released
b2023b23-df21-4165-92c3-211a9e43fb5f,TCGA-DK-A3IN-01Z-00-DX1.2AB0F8FC-CC41-4277-A8AF-8AE709D98DA0.svs,TCGA-DK-A3IN-01Z-00-DX1.2AB0F8FC-CC41-4277-A8AF-8AE709D98DA0.svs,2ab0f8fc-cc41-4277-a8af-8ae709d98da0,TCGA-DK-A3IN,TCGA-DK-A3IN-01,fc0032db-b6d8-4da3-bd1b-beec4196abf0,1,mutant,1,Missense_Mutation,1,0,released
aa874b25-70db-4fb7-954a-2ef544a23e92,TCGA-DK-A3IQ-01Z-00-DX1.D68A6FD8-6E48-4FC1-BAF3-B80D6198EFAE.svs,TCGA-DK-A3IQ-01Z-00-DX1.D68A6FD8-6E48-4FC1-BAF3-B80D6198EFAE.svs,d68a6fd8-6e48-4fc1-baf3-b80d6198efae,TCGA-DK-A3IQ,TCGA-DK-A3IQ-01,e44f60ec-66c4-45a2-a003-0a1faf1d6e03,0,wildtype,0,,0,0,released
0f58ae76-9875-4861-8d25-19de0b5c827e,TCGA-DK-A3IS-01Z-00-DX1.31CABE32-36D7-4920-BF5A-9C9D8B54320F.svs,TCGA-DK-A3IS-01Z-00-DX1.31CABE32-36D7-4920-BF5A-9C9D8B54320F.svs,31cabe32-36d7-4920-bf5a-9c9d8b54320f,TCGA-DK-A3IS,TCGA-DK-A3IS-01,9f75cc89-cc3f-4ae9-973d-da37c6417bfc,1,mutant,1,Frame_Shift_Ins,1,0,released
3f8555e6-9ebe-47ef-9997-bc6a5f5092b3,TCGA-DK-A3IT-01Z-00-DX1.819410F8-5E45-484B-8D98-0A3DAB314C6E.svs,TCGA-DK-A3IT-01Z-00-DX1.819410F8-5E45-484B-8D98-0A3DAB314C6E.svs,819410f8-5e45-484b-8d98-0a3dab314c6e,TCGA-DK-A3IT,TCGA-DK-A3IT-01,58520c66-7688-435a-b09f-653b18768c41,0,wildtype,0,,0,0,released
c5b07cb5-1eb1-4cfb-bf8e-479c60ff3e1d,TCGA-DK-A3IU-01Z-00-DX1.A624F891-20E8-48F6-8FAE-D046F30E257C.svs,TCGA-DK-A3IU-01Z-00-DX1.A624F891-20E8-48F6-8FAE-D046F30E257C.svs,a624f891-20e8-48f6-8fae-d046f30e257c,TCGA-DK-A3IU,TCGA-DK-A3IU-01,f093f043-efd4-4cba-a87f-8cbb5c1acd9e,1,mutant,1,Missense_Mutation,1,0,released
a56fb127-7155-465f-9173-d6096acd475c,TCGA-DK-A3IV-01Z-00-DX1.3E7EDFE4-61F6-4EA8-9A29-D70C2785E408.svs,TCGA-DK-A3IV-01Z-00-DX1.3E7EDFE4-61F6-4EA8-9A29-D70C2785E408.svs,3e7edfe4-61f6-4ea8-9a29-d70c2785e408,TCGA-DK-A3IV,TCGA-DK-A3IV-01,f953dc5d-58bf-4936-b9fe-74b45e8c00e5,1,mutant,1,Missense_Mutation,1,0,released
8618d5cf-1b09-4dcb-bad3-cdc79ef43e48,TCGA-DK-A3WW-01Z-00-DX1.4C3751B5-BD3E-4902-A092-B5877B67851F.svs,TCGA-DK-A3WW-01Z-00-DX1.4C3751B5-BD3E-4902-A092-B5877B67851F.svs,4c3751b5-bd3e-4902-a092-b5877b67851f,TCGA-DK-A3WW,TCGA-DK-A3WW-01,2ab0fb7b-ad2a-403d-9411-712974ccd878,0,wildtype,0,,1,1,released
51182b4e-1681-4587-8c48-9d03872a0132,TCGA-DK-A3WX-01Z-00-DX1.02E25F1B-4726-4D9E-BBC0-CF42F548F559.svs,TCGA-DK-A3WX-01Z-00-DX1.02E25F1B-4726-4D9E-BBC0-CF42F548F559.svs,02e25f1b-4726-4d9e-bbc0-cf42f548f559,TCGA-DK-A3WX,TCGA-DK-A3WX-01,d63c186d-add6-492e-8250-e83f46d39d00,0,wildtype,0,,1,1,released
804d84d8-6fd8-4e1c-b308-84bafd67b546,TCGA-DK-A3WY-01Z-00-DX1.B2B8F28A-A9A4-4C6E-8C7F-3008DF2DE498.svs,TCGA-DK-A3WY-01Z-00-DX1.B2B8F28A-A9A4-4C6E-8C7F-3008DF2DE498.svs,b2b8f28a-a9a4-4c6e-8c7f-3008df2de498,TCGA-DK-A3WY,TCGA-DK-A3WY-01,9bb5d187-033e-4e86-a76e-e1a6d20488f7,0,wildtype,0,,0,0,released
225d95fe-9db2-4378-a407-deda523b50b1,TCGA-DK-A3X1-01Z-00-DX1.DE470E1B-1DB4-4985-B11D-ECB02A65CA6C.svs,TCGA-DK-A3X1-01Z-00-DX1.DE470E1B-1DB4-4985-B11D-ECB02A65CA6C.svs,de470e1b-1db4-4985-b11d-ecb02a65ca6c,TCGA-DK-A3X1,TCGA-DK-A3X1-01,6bddafde-7004-49b6-80cf-8081cd4b7d44,1,mutant,1,Missense_Mutation,1,0,released
757f05ef-ac3e-4cf0-bf20-c16a9f47729c,TCGA-DK-A3X2-01Z-00-DX1.CB507611-E3AE-43A2-B5F8-EEAE59423E2E.svs,TCGA-DK-A3X2-01Z-00-DX1.CB507611-E3AE-43A2-B5F8-EEAE59423E2E.svs,cb507611-e3ae-43a2-b5f8-eeae59423e2e,TCGA-DK-A3X2,TCGA-DK-A3X2-01,40551d53-388b-4067-9341-76e94d023703,1,mutant,1,3'UTR;Missense_Mutation,1,0,released
95c514bc-8eaa-490a-afdc-b92e379d7ce1,TCGA-DK-A6AV-01Z-00-DX1.FC632EEE-668B-4757-B2FB-139D869812E0.svs,TCGA-DK-A6AV-01Z-00-DX1.FC632EEE-668B-4757-B2FB-139D869812E0.svs,fc632eee-668b-4757-b2fb-139d869812e0,TCGA-DK-A6AV,TCGA-DK-A6AV-01,b41df0b0-572e-4ddb-9f1d-1b69dd1ad290,0,wildtype,0,,0,0,released
e4229b0b-a9c1-477d-b61d-2c6a44803361,TCGA-DK-A6AW-01Z-00-DX1.C2453A8C-8282-443C-9E76-5B6CAD2FE69B.svs,TCGA-DK-A6AW-01Z-00-DX1.C2453A8C-8282-443C-9E76-5B6CAD2FE69B.svs,c2453a8c-8282-443c-9e76-5b6cad2fe69b,TCGA-DK-A6AW,TCGA-DK-A6AW-01,01c815ba-7bda-4f7e-865c-0c5776febf2c,0,wildtype,0,,0,0,released
5793a87f-f4be-4663-a751-348a7a04f8b2,TCGA-DK-A6B0-01Z-00-DX1.83628045-FDD9-4167-879F-7813FDCA7D97.svs,TCGA-DK-A6B0-01Z-00-DX1.83628045-FDD9-4167-879F-7813FDCA7D97.svs,83628045-fdd9-4167-879f-7813fdca7d97,TCGA-DK-A6B0,TCGA-DK-A6B0-01,73bc18a4-3600-409e-a2b5-e09e2b3f040d,0,wildtype,0,,0,0,released
d9a17af6-828f-4268-b96b-ec9fe8c2c0bf,TCGA-DK-A6B1-01Z-00-DX1.16F4E625-D690-45CD-B810-9E7F12EF9A90.svs,TCGA-DK-A6B1-01Z-00-DX1.16F4E625-D690-45CD-B810-9E7F12EF9A90.svs,16f4e625-d690-45cd-b810-9e7f12ef9a90,TCGA-DK-A6B1,TCGA-DK-A6B1-01,0d2cd56c-09c6-467d-b3aa-1f7fe0cc60e1,0,wildtype,0,,0,0,released
cf5450df-6e51-4baf-9c59-811e9d81f43a,TCGA-DK-A6B2-01Z-00-DX1.23D318D9-A05D-49D5-8C0E-BAA71BC2AFFA.svs,TCGA-DK-A6B2-01Z-00-DX1.23D318D9-A05D-49D5-8C0E-BAA71BC2AFFA.svs,23d318d9-a05d-49d5-8c0e-baa71bc2affa,TCGA-DK-A6B2,TCGA-DK-A6B2-01,10c825d7-4e21-43e7-ac95-dda75fbdaf74,0,wildtype,0,,0,0,released
f469e280-5dfb-481c-b95d-c10a1b8c3898,TCGA-DK-A6B5-01Z-00-DX1.A1A01D61-DAA3-4172-8D69-FF0456190967.svs,TCGA-DK-A6B5-01Z-00-DX1.A1A01D61-DAA3-4172-8D69-FF0456190967.svs,a1a01d61-daa3-4172-8d69-ff0456190967,TCGA-DK-A6B5,TCGA-DK-A6B5-01,d5e8d936-40ae-4fd3-b40e-cac54763d71f,0,wildtype,0,,0,0,released
ddb0374b-654d-48d3-a97b-8644dfcbcdb8,TCGA-DK-A6B6-01Z-00-DX1.CD8B2F09-A5BA-4795-92FD-03A7315C3A2D.svs,TCGA-DK-A6B6-01Z-00-DX1.CD8B2F09-A5BA-4795-92FD-03A7315C3A2D.svs,cd8b2f09-a5ba-4795-92fd-03a7315c3a2d,TCGA-DK-A6B6,TCGA-DK-A6B6-01,ab6580e4-5de9-4361-b06a-1d20e5571890,1,mutant,1,Nonsense_Mutation,1,0,released
c0d65bba-7e9d-4b02-8505-0f965d792846,TCGA-E5-A2PC-01Z-00-DX1.409697C6-097B-4B24-A54B-B52BEC5A0A9B.svs,TCGA-E5-A2PC-01Z-00-DX1.409697C6-097B-4B24-A54B-B52BEC5A0A9B.svs,409697c6-097b-4b24-a54b-b52bec5a0a9b,TCGA-E5-A2PC,TCGA-E5-A2PC-01,4107ae6f-502c-4bdc-bf14-e4b3711cba38,1,mutant,1,Missense_Mutation,1,0,released
4d33dc17-72aa-425a-b9b2-aba31b77847f,TCGA-E5-A4TZ-01Z-00-DX1.08FA5E08-5AF7-461E-8EBC-200BF969E505.svs,TCGA-E5-A4TZ-01Z-00-DX1.08FA5E08-5AF7-461E-8EBC-200BF969E505.svs,08fa5e08-5af7-461e-8ebc-200bf969e505,TCGA-E5-A4TZ,TCGA-E5-A4TZ-01,ca6403dd-3bd5-4023-8ea1-9957ec44dba5,1,mutant,1,Missense_Mutation,1,0,released
ab0c9a40-754d-4bbc-bea7-6b1e02befb29,TCGA-E5-A4U1-01Z-00-DX1.A088BCB3-86D7-4895-A168-00981B44EF78.svs,TCGA-E5-A4U1-01Z-00-DX1.A088BCB3-86D7-4895-A168-00981B44EF78.svs,a088bcb3-86d7-4895-a168-00981b44ef78,TCGA-E5-A4U1,TCGA-E5-A4U1-01,1c28f311-e0b0-4292-b29a-c6757665a4a4,1,mutant,1,Missense_Mutation,1,0,released
a3b36db5-6d4e-441d-9e5c-caabceeddfb5,TCGA-E7-A3X6-01Z-00-DX1.5566A0E9-E1C3-4F97-8C82-D2FF3FE3FD8D.svs,TCGA-E7-A3X6-01Z-00-DX1.5566A0E9-E1C3-4F97-8C82-D2FF3FE3FD8D.svs,5566a0e9-e1c3-4f97-8c82-d2ff3fe3fd8d,TCGA-E7-A3X6,TCGA-E7-A3X6-01,c871ea6b-fbd2-4e6f-ab29-f43f6e3ddcbb,0,wildtype,0,,0,0,released
186a13bd-b0af-488f-a658-ab57736a6a6b,TCGA-E7-A3Y1-01Z-00-DX1.D3E81A0B-1D20-4916-8872-81D469A1E276.svs,TCGA-E7-A3Y1-01Z-00-DX1.D3E81A0B-1D20-4916-8872-81D469A1E276.svs,d3e81a0b-1d20-4916-8872-81d469a1e276,TCGA-E7-A3Y1,TCGA-E7-A3Y1-01,f7c891eb-3b09-4e01-bb8a-53d570518cbe,0,wildtype,0,,0,0,released
23be87d1-1a62-4b49-b15e-eb268195efb6,TCGA-E7-A4IJ-01Z-00-DX1.7215592C-D179-4EE8-81F7-B3E32AE0D830.svs,TCGA-E7-A4IJ-01Z-00-DX1.7215592C-D179-4EE8-81F7-B3E32AE0D830.svs,7215592c-d179-4ee8-81f7-b3e32ae0d830,TCGA-E7-A4IJ,TCGA-E7-A4IJ-01,faf4c71c-c4f3-4513-8c44-9114a5d3729a,0,wildtype,0,,1,1,released
3ef706c3-31b6-4936-b732-eddd302e5754,TCGA-E7-A4XJ-01Z-00-DX1.70DA8872-34A6-41B7-8D17-2B15C80EF5CF.svs,TCGA-E7-A4XJ-01Z-00-DX1.70DA8872-34A6-41B7-8D17-2B15C80EF5CF.svs,70da8872-34a6-41b7-8d17-2b15c80ef5cf,TCGA-E7-A4XJ,TCGA-E7-A4XJ-01,92495a89-9974-4f75-99e0-28bd11114460,0,wildtype,0,,0,0,released
a018241b-b74a-434c-b1c5-d9850cd0602c,TCGA-E7-A519-01Z-00-DX1.F197805D-A2DB-4207-91EC-A9AE1FE16C53.svs,TCGA-E7-A519-01Z-00-DX1.F197805D-A2DB-4207-91EC-A9AE1FE16C53.svs,f197805d-a2db-4207-91ec-a9ae1fe16c53,TCGA-E7-A519,TCGA-E7-A519-01,74216d58-9e34-4a2b-b4af-886c4a3dc079,0,wildtype,0,,0,0,released
d0a1d261-204a-4c12-b35d-683887b91394,TCGA-E7-A541-01Z-00-DX1.8387CEF8-706B-486C-BC07-783EC1016BCC.svs,TCGA-E7-A541-01Z-00-DX1.8387CEF8-706B-486C-BC07-783EC1016BCC.svs,8387cef8-706b-486c-bc07-783ec1016bcc,TCGA-E7-A541,TCGA-E7-A541-01,d51abc3a-a652-4b13-9a41-ce52be87218b,0,wildtype,0,,0,0,released
e1f1d6e5-f42d-4aa3-b660-9ce1e465bd08,TCGA-E7-A5KE-01Z-00-DX1.BDCD4071-5EE5-4863-A722-DAA32F3A7FB4.svs,TCGA-E7-A5KE-01Z-00-DX1.BDCD4071-5EE5-4863-A722-DAA32F3A7FB4.svs,bdcd4071-5ee5-4863-a722-daa32f3a7fb4,TCGA-E7-A5KE,TCGA-E7-A5KE-01,514dcd02-0b33-40ef-8ef1-05272045fc39,0,wildtype,0,,0,0,released
a012d992-3706-46d7-90a4-47efa5e6e399,TCGA-E7-A5KF-01Z-00-DX1.61663245-91CA-423F-9639-30B9F7E216C4.svs,TCGA-E7-A5KF-01Z-00-DX1.61663245-91CA-423F-9639-30B9F7E216C4.svs,61663245-91ca-423f-9639-30b9f7e216c4,TCGA-E7-A5KF,TCGA-E7-A5KF-01,5d06cc19-8b10-4ed1-b6d4-8e044f1f8a8c,0,wildtype,0,,0,0,released
b48cf9cc-00b8-48ad-84f6-486d314bc1fb,TCGA-E7-A677-01Z-00-DX1.D66285D0-F67B-4423-929B-DF34BBC55C80.svs,TCGA-E7-A677-01Z-00-DX1.D66285D0-F67B-4423-929B-DF34BBC55C80.svs,d66285d0-f67b-4423-929b-df34bbc55c80,TCGA-E7-A677,TCGA-E7-A677-01,d492383f-5449-4845-bfb3-b2cb4eb49c4e,0,wildtype,0,,0,0,released
630161bd-eeca-4ee3-8ce9-60c3a7bf5c31,TCGA-E7-A678-01Z-00-DX1.C589E72B-7214-4EE9-A796-869C2372DD67.svs,TCGA-E7-A678-01Z-00-DX1.C589E72B-7214-4EE9-A796-869C2372DD67.svs,c589e72b-7214-4ee9-a796-869c2372dd67,TCGA-E7-A678,TCGA-E7-A678-01,29c52372-d3a7-4188-b468-67c3451c4f20,0,wildtype,0,,0,0,released
f51e7dbc-af1f-4a63-b688-e15076fdd20e,TCGA-E7-A6MD-01Z-00-DX1.7E0C04CD-B51E-47F7-B79D-FEEC9B5023FF.svs,TCGA-E7-A6MD-01Z-00-DX1.7E0C04CD-B51E-47F7-B79D-FEEC9B5023FF.svs,7e0c04cd-b51e-47f7-b79d-feec9b5023ff,TCGA-E7-A6MD,TCGA-E7-A6MD-01,92d27fec-30c2-4496-965d-df509d869eaa,0,wildtype,0,,0,0,released
018c8234-7315-4660-8a97-655217d0c79f,TCGA-E7-A6ME-01Z-00-DX1.114098C0-6CD9-4240-B8F4-C2E6D86A6868.svs,TCGA-E7-A6ME-01Z-00-DX1.114098C0-6CD9-4240-B8F4-C2E6D86A6868.svs,114098c0-6cd9-4240-b8f4-c2e6d86a6868,TCGA-E7-A6ME,TCGA-E7-A6ME-01,9f00847c-bd1f-4cd0-99f9-d51d638c0795,1,mutant,1,Missense_Mutation,1,0,released
e4f8d0fb-6343-4be2-b872-3f3e770bd984,TCGA-E7-A6MF-01Z-00-DX1.2B0C8CBF-3244-4D17-B9CA-3CBE000BEC29.svs,TCGA-E7-A6MF-01Z-00-DX1.2B0C8CBF-3244-4D17-B9CA-3CBE000BEC29.svs,2b0c8cbf-3244-4d17-b9ca-3cbe000bec29,TCGA-E7-A6MF,TCGA-E7-A6MF-01,faf3c230-c661-4d6e-9b73-2b679bc6deff,0,wildtype,0,,0,0,released
1b5b9ee1-2a6a-4c4b-9781-db85cfe8f2e2,TCGA-E7-A7DU-01Z-00-DX1.25C7F59E-1F03-47EF-9F17-DB9ADB16276E.svs,TCGA-E7-A7DU-01Z-00-DX1.25C7F59E-1F03-47EF-9F17-DB9ADB16276E.svs,25c7f59e-1f03-47ef-9f17-db9adb16276e,TCGA-E7-A7DU,TCGA-E7-A7DU-01,6f30b069-c8f5-424c-9fb5-f7dba508cb8b,1,mutant,1,Missense_Mutation,1,0,released
291a3c7c-0a2c-4ffe-987e-a8ae70bcea5f,TCGA-E7-A7DV-01Z-00-DX1.FCE4752B-30BC-4747-A9F4-38141E09F005.svs,TCGA-E7-A7DV-01Z-00-DX1.FCE4752B-30BC-4747-A9F4-38141E09F005.svs,fce4752b-30bc-4747-a9f4-38141e09f005,TCGA-E7-A7DV,TCGA-E7-A7DV-01,3effd691-570c-478a-8903-3771a1b43f2e,1,mutant,1,Missense_Mutation,1,0,released
b38528a5-e984-42c1-8b84-d30cf70bbfd4,TCGA-E7-A7PW-01Z-00-DX1.27B92FC6-D50C-4816-A2C2-35E73D379DDD.svs,TCGA-E7-A7PW-01Z-00-DX1.27B92FC6-D50C-4816-A2C2-35E73D379DDD.svs,27b92fc6-d50c-4816-a2c2-35e73d379ddd,TCGA-E7-A7PW,TCGA-E7-A7PW-01,045fe498-6a07-41ff-9956-dc0fb0483e7f,0,wildtype,0,,0,0,released
216930ae-bb2d-4d45-9a37-772ba560f0b9,TCGA-E7-A7XN-01Z-00-DX1.5C955881-5B13-4D6B-B99C-E849ADCDE647.svs,TCGA-E7-A7XN-01Z-00-DX1.5C955881-5B13-4D6B-B99C-E849ADCDE647.svs,5c955881-5b13-4d6b-b99c-e849adcde647,TCGA-E7-A7XN,TCGA-E7-A7XN-01,286cf147-b7f7-4a05-8e41-7fbd3717ad71,0,wildtype,0,,0,0,released
f797bd3e-32b3-42bc-b21a-4596bc0e1a28,TCGA-E7-A85H-01Z-00-DX1.0C1D94F2-1120-45AC-9053-7833DA12194F.svs,TCGA-E7-A85H-01Z-00-DX1.0C1D94F2-1120-45AC-9053-7833DA12194F.svs,0c1d94f2-1120-45ac-9053-7833da12194f,TCGA-E7-A85H,TCGA-E7-A85H-01,c8adce3d-4914-4851-9952-846b0c9c32de,0,wildtype,0,,0,0,released
323fd3a2-9547-4745-956f-4958e5d84a1d,TCGA-E7-A8O7-01Z-00-DX1.E3D79C43-608D-40A1-9F65-0414FDF27741.svs,TCGA-E7-A8O7-01Z-00-DX1.E3D79C43-608D-40A1-9F65-0414FDF27741.svs,e3d79c43-608d-40a1-9f65-0414fdf27741,TCGA-E7-A8O7,TCGA-E7-A8O7-01,1e15cb17-cf22-4f06-a3d9-e528e77d1876,0,wildtype,0,,0,0,released
966c3ccb-cf07-481b-908d-c0b683682e70,TCGA-E7-A97P-01Z-00-DX1.09FD969F-62C2-4C79-A826-657A7991C87B.svs,TCGA-E7-A97P-01Z-00-DX1.09FD969F-62C2-4C79-A826-657A7991C87B.svs,09fd969f-62c2-4c79-a826-657a7991c87b,TCGA-E7-A97P,TCGA-E7-A97P-01,18e6bdb0-b62d-4367-86e9-befbbf5e458c,0,wildtype,0,,0,0,released
0a40499d-b435-4958-a1de-640a9ee5d89e,TCGA-E7-A97Q-01Z-00-DX1.821AF545-5433-4D2C-AACE-EA206E15B13D.svs,TCGA-E7-A97Q-01Z-00-DX1.821AF545-5433-4D2C-AACE-EA206E15B13D.svs,821af545-5433-4d2c-aace-ea206e15b13d,TCGA-E7-A97Q,TCGA-E7-A97Q-01,ada19f65-5256-4c79-b3b9-7b9da69be437,1,mutant,1,Frame_Shift_Del,1,0,released
252cc0df-cd41-44fe-a160-9ee135c42ae8,TCGA-FD-A3B3-01Z-00-DX1.CD634C50-2746-468E-BEEC-50E76E400602.svs,TCGA-FD-A3B3-01Z-00-DX1.CD634C50-2746-468E-BEEC-50E76E400602.svs,cd634c50-2746-468e-beec-50e76e400602,TCGA-FD-A3B3,TCGA-FD-A3B3-01,4b5d873b-bfda-482e-92a0-bf84c0f9032a,1,mutant,1,Nonsense_Mutation,0,1,released
0d96b335-b5b9-4d40-bd94-b62956483c2d,TCGA-FD-A3B4-01Z-00-DX1.45B61DCC-09B4-4863-875A-ED1DEECE5F27.svs,TCGA-FD-A3B4-01Z-00-DX1.45B61DCC-09B4-4863-875A-ED1DEECE5F27.svs,45b61dcc-09b4-4863-875a-ed1deece5f27,TCGA-FD-A3B4,TCGA-FD-A3B4-01,899f8d52-4c3a-4371-90eb-1f106001eddc,0,wildtype,0,,0,0,released
94a7b0d7-dd0b-43ac-a199-3ba9a7a31635,TCGA-FD-A3B5-01Z-00-DX1.69DEA650-3D53-46AC-BB60-BF68C4413608.svs,TCGA-FD-A3B5-01Z-00-DX1.69DEA650-3D53-46AC-BB60-BF68C4413608.svs,69dea650-3d53-46ac-bb60-bf68c4413608,TCGA-FD-A3B5,TCGA-FD-A3B5-01,462d5a6b-9f39-4aae-a35b-d06a7811d053,0,wildtype,0,,0,0,released
50dc2b97-9a10-4b8f-a890-a6346e4dd815,TCGA-FD-A3B6-01Z-00-DX1.04CCC012-F2FF-4CBA-9A2C-8EC979427204.svs,TCGA-FD-A3B6-01Z-00-DX1.04CCC012-F2FF-4CBA-9A2C-8EC979427204.svs,04ccc012-f2ff-4cba-9a2c-8ec979427204,TCGA-FD-A3B6,TCGA-FD-A3B6-01,36054200-3fa4-4541-a25c-47282e4ef88d,1,mutant,1,Missense_Mutation,1,0,released
053d8d19-75c9-4268-ab58-140387da56ad,TCGA-FD-A3B7-01Z-00-DX1.758419EB-E5A3-4383-817A-B3870FBA1776.svs,TCGA-FD-A3B7-01Z-00-DX1.758419EB-E5A3-4383-817A-B3870FBA1776.svs,758419eb-e5a3-4383-817a-b3870fba1776,TCGA-FD-A3B7,TCGA-FD-A3B7-01,ef5dd4b3-b77a-444a-b5b0-c999a5a3d129,1,mutant,1,Missense_Mutation,1,0,released
96b9a01f-f30f-45a3-b912-56c272f186f2,TCGA-FD-A3B8-01Z-00-DX1.85E75835-8607-47C3-B8BD-4F01E54E5574.svs,TCGA-FD-A3B8-01Z-00-DX1.85E75835-8607-47C3-B8BD-4F01E54E5574.svs,85e75835-8607-47c3-b8bd-4f01e54e5574,TCGA-FD-A3B8,TCGA-FD-A3B8-01,537ca5d1-5b26-496f-b7b4-05fea7b46353,1,mutant,1,Nonsense_Mutation,0,1,released
e4e91c91-ea3d-4db3-8bad-a17f11ae27a1,TCGA-FD-A3N5-01Z-00-DX1.C42537CC-55C9-43CD-921E-75D010B06582.svs,TCGA-FD-A3N5-01Z-00-DX1.C42537CC-55C9-43CD-921E-75D010B06582.svs,c42537cc-55c9-43cd-921e-75d010b06582,TCGA-FD-A3N5,TCGA-FD-A3N5-01,a658becf-3934-49f2-9e74-291dca61d4bb,1,mutant,1,Missense_Mutation,1,0,released
33af3377-4fd5-4a6e-b156-624be9d60b08,TCGA-FD-A3N6-01Z-00-DX1.C94C21D1-83F2-45EE-A7BE-6A4E5C9B1A89.svs,TCGA-FD-A3N6-01Z-00-DX1.C94C21D1-83F2-45EE-A7BE-6A4E5C9B1A89.svs,c94c21d1-83f2-45ee-a7be-6a4e5c9b1a89,TCGA-FD-A3N6,TCGA-FD-A3N6-01,8c1dd7f7-b74a-4fa2-b6a7-86f0348d2567,0,wildtype,0,,0,0,released
4b01fc02-9c0d-40b7-8056-6988b682915d,TCGA-FD-A3NA-01Z-00-DX1.2AD62CEE-0D76-4382-AE2E-9B7FCB1130D9.svs,TCGA-FD-A3NA-01Z-00-DX1.2AD62CEE-0D76-4382-AE2E-9B7FCB1130D9.svs,2ad62cee-0d76-4382-ae2e-9b7fcb1130d9,TCGA-FD-A3NA,TCGA-FD-A3NA-01,14917461-dae4-44cb-909d-42ac45aef450,1,mutant,1,Nonsense_Mutation,1,0,released
48e53d11-fbcc-4b95-9bb0-a1594148746f,TCGA-FD-A3SJ-01Z-00-DX1.CF7DF110-22A8-4071-9717-A71915407248.svs,TCGA-FD-A3SJ-01Z-00-DX1.CF7DF110-22A8-4071-9717-A71915407248.svs,cf7df110-22a8-4071-9717-a71915407248,TCGA-FD-A3SJ,TCGA-FD-A3SJ-01,6d8d8169-0c1a-4cdb-be6f-9761c981a369,1,mutant,1,Missense_Mutation,1,0,released
c005a813-35e9-4548-a7e6-323a48463a3a,TCGA-FD-A3SL-01Z-00-DX1.7B364C1F-3879-43C1-A3C7-B1CB03A7616B.svs,TCGA-FD-A3SL-01Z-00-DX1.7B364C1F-3879-43C1-A3C7-B1CB03A7616B.svs,7b364c1f-3879-43c1-a3c7-b1cb03a7616b,TCGA-FD-A3SL,TCGA-FD-A3SL-01,4570b6e2-d430-41ca-aab1-ce4d14c36463,1,mutant,1,Nonsense_Mutation,1,0,released
214b9807-9e79-4f93-b963-0c03f1785472,TCGA-FD-A3SM-01Z-00-DX1.D391C864-B5B5-4C4D-915F-FBD8BCACAD36.svs,TCGA-FD-A3SM-01Z-00-DX1.D391C864-B5B5-4C4D-915F-FBD8BCACAD36.svs,d391c864-b5b5-4c4d-915f-fbd8bcacad36,TCGA-FD-A3SM,TCGA-FD-A3SM-01,474582f2-8dec-4fbc-803f-4fd9ba2e0957,0,wildtype,0,,0,0,released
6471c335-4600-49dc-99c5-4da1f56b1f97,TCGA-FD-A3SN-01Z-00-DX1.CB50ED59-FB7E-4892-AF72-6D297EC62466.svs,TCGA-FD-A3SN-01Z-00-DX1.CB50ED59-FB7E-4892-AF72-6D297EC62466.svs,cb50ed59-fb7e-4892-af72-6d297ec62466,TCGA-FD-A3SN,TCGA-FD-A3SN-01,0fb043d3-d86b-4cd8-8c01-9e2b3e965bb0,0,wildtype,0,,0,0,released
5f86bf45-2fca-40aa-9fe8-2f6a619cdef7,TCGA-FD-A3SO-01Z-00-DX1.C3A855BF-976F-4E2B-9E39-3D1AEA1A67F6.svs,TCGA-FD-A3SO-01Z-00-DX1.C3A855BF-976F-4E2B-9E39-3D1AEA1A67F6.svs,c3a855bf-976f-4e2b-9e39-3d1aea1a67f6,TCGA-FD-A3SO,TCGA-FD-A3SO-01,94809fbf-4895-42c0-a7c6-f39ee1a41f1a,1,mutant,1,Missense_Mutation;Nonsense_Mutation,1,0,released
d72c739a-e030-4746-8ed2-71438aeaa386,TCGA-FD-A3SP-01Z-00-DX1.05986238-A4B9-497D-9D00-8DB37B0040FE.svs,TCGA-FD-A3SP-01Z-00-DX1.05986238-A4B9-497D-9D00-8DB37B0040FE.svs,05986238-a4b9-497d-9d00-8db37b0040fe,TCGA-FD-A3SP,TCGA-FD-A3SP-01,5f99dcff-d809-4c87-8024-c9b30bd565e9,1,mutant,1,Missense_Mutation;Silent,1,0,released
efa9faae-f049-44e7-8e20-0bf6d9faeb45,TCGA-FD-A3SQ-01Z-00-DX1.86DF2023-BD72-4D84-B7AA-2330AA433DB9.svs,TCGA-FD-A3SQ-01Z-00-DX1.86DF2023-BD72-4D84-B7AA-2330AA433DB9.svs,86df2023-bd72-4d84-b7aa-2330aa433db9,TCGA-FD-A3SQ,TCGA-FD-A3SQ-01,3071cb51-dcf5-41f7-b047-afc2dcbf0aaf,0,wildtype,0,,0,0,released
66421b9b-a4b6-4cf0-ba66-d7ded0abb773,TCGA-FD-A3SR-01Z-00-DX1.7E2FB51A-9562-4B3D-8431-6283342B4311.svs,TCGA-FD-A3SR-01Z-00-DX1.7E2FB51A-9562-4B3D-8431-6283342B4311.svs,7e2fb51a-9562-4b3d-8431-6283342b4311,TCGA-FD-A3SR,TCGA-FD-A3SR-01,72d6e9aa-4a99-4fc9-a67b-4631e95fb043,1,mutant,1,Frame_Shift_Ins;Missense_Mutation,1,0,released
0c10dee1-68bc-497d-ba8a-8bbed3b9dbcb,TCGA-FD-A3SS-01Z-00-DX1.FEEC4D8E-E87D-4742-B377-5DA2999D6997.svs,TCGA-FD-A3SS-01Z-00-DX1.FEEC4D8E-E87D-4742-B377-5DA2999D6997.svs,feec4d8e-e87d-4742-b377-5da2999d6997,TCGA-FD-A3SS,TCGA-FD-A3SS-01,7b98b829-fdc7-4719-bee9-c83f6154019c,1,mutant,1,Missense_Mutation,1,0,released
5e5ae252-aa14-4176-8306-185f4a7288d4,TCGA-FD-A43N-01Z-00-DX1.57422C5F-A3A1-4595-9E06-C05C7FF5944B.svs,TCGA-FD-A43N-01Z-00-DX1.57422C5F-A3A1-4595-9E06-C05C7FF5944B.svs,57422c5f-a3a1-4595-9e06-c05c7ff5944b,TCGA-FD-A43N,TCGA-FD-A43N-01,3cccffea-bd7d-4548-bb38-fe5eda630de6,1,mutant,1,Missense_Mutation,1,0,released
27e268c5-e085-41b2-a92e-7370a6e7e724,TCGA-FD-A43P-01Z-00-DX1.792612F7-802C-4A90-A2B5-A6A82FCDE92F.svs,TCGA-FD-A43P-01Z-00-DX1.792612F7-802C-4A90-A2B5-A6A82FCDE92F.svs,792612f7-802c-4a90-a2b5-a6a82fcde92f,TCGA-FD-A43P,TCGA-FD-A43P-01,41e8c196-ef93-47c6-ad06-0031f23d4347,1,mutant,1,Missense_Mutation;Silent,1,0,released
4d9bd666-d557-48cf-b461-dc6494b0a170,TCGA-FD-A43U-01Z-00-DX1.003EC6EC-229E-4578-BF5B-1FB3EBF68845.svs,TCGA-FD-A43U-01Z-00-DX1.003EC6EC-229E-4578-BF5B-1FB3EBF68845.svs,003ec6ec-229e-4578-bf5b-1fb3ebf68845,TCGA-FD-A43U,TCGA-FD-A43U-01,140b83db-badd-4b8d-b0f5-0f8c8060a228,0,wildtype,0,,0,0,released
5ba44018-7df6-4d72-9e98-a1462b862cd9,TCGA-FD-A43X-01Z-00-DX1.CB2A73D9-F64C-4553-8D11-4C25CEF98C45.svs,TCGA-FD-A43X-01Z-00-DX1.CB2A73D9-F64C-4553-8D11-4C25CEF98C45.svs,cb2a73d9-f64c-4553-8d11-4c25cef98c45,TCGA-FD-A43X,TCGA-FD-A43X-01,4ff4d9fe-eab8-4ab3-9ae4-9f15b2581a8f,0,wildtype,0,,0,0,released
42e13a41-3653-43d4-b64f-e5ee8f77f9b0,TCGA-FD-A43Y-01Z-00-DX1.6516167F-A303-4524-98D6-E32CB521ED08.svs,TCGA-FD-A43Y-01Z-00-DX1.6516167F-A303-4524-98D6-E32CB521ED08.svs,6516167f-a303-4524-98d6-e32cb521ed08,TCGA-FD-A43Y,TCGA-FD-A43Y-01,d349fae0-dd40-4292-908c-ac86a9938240,0,wildtype,0,,0,0,released
4d57395f-752b-4005-a144-83de7f11499e,TCGA-FD-A5BR-01Z-00-DX1.53CA363B-8DA6-465A-9FEA-2D120B5787A8.svs,TCGA-FD-A5BR-01Z-00-DX1.53CA363B-8DA6-465A-9FEA-2D120B5787A8.svs,53ca363b-8da6-465a-9fea-2d120b5787a8,TCGA-FD-A5BR,TCGA-FD-A5BR-01,dfdaebd6-e0ab-49d1-9ae9-3a57b3c318b5,1,mutant,1,In_Frame_Del,1,0,released
20d94d8e-67b1-42dc-b191-624335cc60d2,TCGA-FD-A5BS-01Z-00-DX1.A7155CEB-37C9-4AD2-B229-B76F18814585.svs,TCGA-FD-A5BS-01Z-00-DX1.A7155CEB-37C9-4AD2-B229-B76F18814585.svs,a7155ceb-37c9-4ad2-b229-b76f18814585,TCGA-FD-A5BS,TCGA-FD-A5BS-01,b581e799-93d1-4f1c-bcb7-7e7ae86a869e,0,wildtype,0,,0,0,released
d4eedc75-e603-471a-8b1e-e84849f06ef5,TCGA-FD-A5BT-01Z-00-DX1.2A4716E6-A5C0-4C69-82FD-E771ABB3B28D.svs,TCGA-FD-A5BT-01Z-00-DX1.2A4716E6-A5C0-4C69-82FD-E771ABB3B28D.svs,2a4716e6-a5c0-4c69-82fd-e771abb3b28d,TCGA-FD-A5BT,TCGA-FD-A5BT-01,cc2350ca-9220-400d-8b76-cc36d26f68d6,0,wildtype,0,,0,0,released
8a68864a-187e-4425-9565-709e93d4e794,TCGA-FD-A5BU-01Z-00-DX1.94A8468C-59E7-4185-A877-CC271EA01C90.svs,TCGA-FD-A5BU-01Z-00-DX1.94A8468C-59E7-4185-A877-CC271EA01C90.svs,94a8468c-59e7-4185-a877-cc271ea01c90,TCGA-FD-A5BU,TCGA-FD-A5BU-01,980c7214-f708-4499-818d-f3de87dc6de7,0,wildtype,0,,0,0,released
94c5db73-5025-45c9-8023-1bbc0479426e,TCGA-FD-A5BV-01Z-00-DX1.FD47C060-5104-45AC-95F8-0C4C5924FE26.svs,TCGA-FD-A5BV-01Z-00-DX1.FD47C060-5104-45AC-95F8-0C4C5924FE26.svs,fd47c060-5104-45ac-95f8-0c4c5924fe26,TCGA-FD-A5BV,TCGA-FD-A5BV-01,4fa31971-15e2-4c9b-b49a-b3b7096262e4,1,mutant,1,Missense_Mutation,1,0,released
01af073c-e0ab-4ac3-85a1-99701ba13863,TCGA-FD-A5BX-01Z-00-DX1.172B23F4-4651-4C93-93E1-D0E81331DCA7.svs,TCGA-FD-A5BX-01Z-00-DX1.172B23F4-4651-4C93-93E1-D0E81331DCA7.svs,172b23f4-4651-4c93-93e1-d0e81331dca7,TCGA-FD-A5BX,TCGA-FD-A5BX-01,6bd85ae2-9d27-4285-a280-4469dd2a8b0a,0,wildtype,0,,0,0,released
55e6215f-b659-4e0c-a2ee-acce130842d1,TCGA-FD-A5BY-01Z-00-DX1.9DF7C69C-FABA-46DC-9954-A7120C65061F.svs,TCGA-FD-A5BY-01Z-00-DX1.9DF7C69C-FABA-46DC-9954-A7120C65061F.svs,9df7c69c-faba-46dc-9954-a7120c65061f,TCGA-FD-A5BY,TCGA-FD-A5BY-01,8da76432-3004-47e5-a474-bd94bd4c0b33,0,wildtype,0,,0,0,released
f6616f1b-24bf-44d0-b479-0279160b934e,TCGA-FD-A5BZ-01Z-00-DX1.344B1F8F-3B3A-4D42-894E-27C5AE265F42.svs,TCGA-FD-A5BZ-01Z-00-DX1.344B1F8F-3B3A-4D42-894E-27C5AE265F42.svs,344b1f8f-3b3a-4d42-894e-27c5ae265f42,TCGA-FD-A5BZ,TCGA-FD-A5BZ-01,ac187cd1-a5ef-47da-88b2-1d4df27e0e76,0,wildtype,0,,0,0,released
af4f7f0a-c619-41ba-a27b-bd2cc92f81da,TCGA-FD-A5C0-01Z-00-DX1.D11E8348-04DE-4934-B063-2E3F3AD8D110.svs,TCGA-FD-A5C0-01Z-00-DX1.D11E8348-04DE-4934-B063-2E3F3AD8D110.svs,d11e8348-04de-4934-b063-2e3f3ad8d110,TCGA-FD-A5C0,TCGA-FD-A5C0-01,0628e443-3d7f-4a38-9d2a-ebc7f4f7e11d,0,wildtype,0,,0,0,released
6359535c-ece1-422f-a111-41cfa24f9a99,TCGA-FD-A5C1-01Z-00-DX1.EAD87C49-A25C-4D37-AF27-E27F7016E065.svs,TCGA-FD-A5C1-01Z-00-DX1.EAD87C49-A25C-4D37-AF27-E27F7016E065.svs,ead87c49-a25c-4d37-af27-e27f7016e065,TCGA-FD-A5C1,TCGA-FD-A5C1-01,070c66fa-ef48-46cb-af4f-357d2c641118,0,wildtype,0,,0,0,released
bf106879-4a61-4751-8758-728f8bd17e9c,TCGA-FD-A62N-01Z-00-DX1.204E48B7-51D1-49D7-88F3-4BD33A07146A.svs,TCGA-FD-A62N-01Z-00-DX1.204E48B7-51D1-49D7-88F3-4BD33A07146A.svs,204e48b7-51d1-49d7-88f3-4bd33a07146a,TCGA-FD-A62N,TCGA-FD-A62N-01,b7439edc-b7ab-407e-810a-c60864a915bf,1,mutant,1,Frame_Shift_Del,1,0,released
3dcbc25a-4751-4cec-a765-187bf2a02a4f,TCGA-FD-A62O-01Z-00-DX1.4DD5E512-EF71-498B-8C25-18F42D0E1F1F.svs,TCGA-FD-A62O-01Z-00-DX1.4DD5E512-EF71-498B-8C25-18F42D0E1F1F.svs,4dd5e512-ef71-498b-8c25-18f42d0e1f1f,TCGA-FD-A62O,TCGA-FD-A62O-01,472502eb-ad99-4a1a-8445-1a11dc02a6d9,0,wildtype,0,,0,0,released
d6fb219d-a1aa-482f-a60c-bdb4617b3412,TCGA-FD-A62P-01Z-00-DX1.56B14555-896E-420A-AE8B-4E2D35D87871.svs,TCGA-FD-A62P-01Z-00-DX1.56B14555-896E-420A-AE8B-4E2D35D87871.svs,56b14555-896e-420a-ae8b-4e2d35d87871,TCGA-FD-A62P,TCGA-FD-A62P-01,741311b6-cb15-498f-932d-ca282e1db10d,0,wildtype,0,,0,0,released
bd476c77-62d9-4cb0-abce-373d4d8a5b30,TCGA-FD-A62S-01Z-00-DX1.B35DA29A-6F19-4663-9DB2-AB57DAFC84A7.svs,TCGA-FD-A62S-01Z-00-DX1.B35DA29A-6F19-4663-9DB2-AB57DAFC84A7.svs,b35da29a-6f19-4663-9db2-ab57dafc84a7,TCGA-FD-A62S,TCGA-FD-A62S-01,05a1402e-5a79-4d54-9430-065844ed1505,1,mutant,1,Missense_Mutation,1,0,released
339ad859-ac98-4146-89f4-87a7dea7cf0a,TCGA-FD-A6TA-01Z-00-DX1.FC156A8A-B71C-46A3-B83F-99DB0FC41FC8.svs,TCGA-FD-A6TA-01Z-00-DX1.FC156A8A-B71C-46A3-B83F-99DB0FC41FC8.svs,fc156a8a-b71c-46a3-b83f-99db0fc41fc8,TCGA-FD-A6TA,TCGA-FD-A6TA-01,fcda9873-3a93-40b2-913d-4df1e6a27efb,0,wildtype,0,,0,0,released
9b7c29d8-a81c-4035-b27b-f53ba599c021,TCGA-FD-A6TB-01Z-00-DX1.CDCC077C-2DFE-4B04-A0D0-69E1CFE80AC5.svs,TCGA-FD-A6TB-01Z-00-DX1.CDCC077C-2DFE-4B04-A0D0-69E1CFE80AC5.svs,cdcc077c-2dfe-4b04-a0d0-69e1cfe80ac5,TCGA-FD-A6TB,TCGA-FD-A6TB-01,389d1e21-5b97-4231-a3d7-71fecb918beb,0,wildtype,0,,0,0,released
ad57dd81-a109-4dc2-898f-ca43d9d7ccbc,TCGA-FD-A6TC-01Z-00-DX1.AC96EA62-D56E-4565-88E0-EBAEB8087C4F.svs,TCGA-FD-A6TC-01Z-00-DX1.AC96EA62-D56E-4565-88E0-EBAEB8087C4F.svs,ac96ea62-d56e-4565-88e0-ebaeb8087c4f,TCGA-FD-A6TC,TCGA-FD-A6TC-01,00d8e96f-f231-4475-9e9f-c1f8aec28e4e,1,mutant,1,Missense_Mutation,1,0,released
3ea6a891-18fa-45f8-824d-45c1b6514c5d,TCGA-FD-A6TD-01Z-00-DX1.836B03BC-CD19-437D-A925-9862BB08AB1D.svs,TCGA-FD-A6TD-01Z-00-DX1.836B03BC-CD19-437D-A925-9862BB08AB1D.svs,836b03bc-cd19-437d-a925-9862bb08ab1d,TCGA-FD-A6TD,TCGA-FD-A6TD-01,c80e71b3-7c6c-4e16-8446-6dfda780bc18,1,mutant,1,Missense_Mutation,1,0,released
80f522c8-62ad-4b73-bef9-809bc26defab,TCGA-FD-A6TE-01Z-00-DX1.1CD738A0-1D6D-461B-9322-21F77CC3D167.svs,TCGA-FD-A6TE-01Z-00-DX1.1CD738A0-1D6D-461B-9322-21F77CC3D167.svs,1cd738a0-1d6d-461b-9322-21f77cc3d167,TCGA-FD-A6TE,TCGA-FD-A6TE-01,5c771ee8-2aea-498d-ba8c-cdbaebfd57ac,1,mutant,1,Missense_Mutation;Splice_Site,1,0,released
a19355d2-4a3e-4794-bc14-63ffffbd6aae,TCGA-FD-A6TF-01Z-00-DX1.15B2C3E0-A0D7-4879-82B1-6C9AB09AF8E2.svs,TCGA-FD-A6TF-01Z-00-DX1.15B2C3E0-A0D7-4879-82B1-6C9AB09AF8E2.svs,15b2c3e0-a0d7-4879-82b1-6c9ab09af8e2,TCGA-FD-A6TF,TCGA-FD-A6TF-01,6134f549-6876-4c07-8e58-49ec87eaf4c0,1,mutant,1,Frame_Shift_Del,1,0,released
79a09a98-422c-45da-b62b-5cac9f5e67db,TCGA-FD-A6TG-01Z-00-DX1.C49D520E-3589-4623-9BBE-9676BAC83A8F.svs,TCGA-FD-A6TG-01Z-00-DX1.C49D520E-3589-4623-9BBE-9676BAC83A8F.svs,c49d520e-3589-4623-9bbe-9676bac83a8f,TCGA-FD-A6TG,TCGA-FD-A6TG-01,0c890030-9bdb-4247-a3d5-a004f992f99c,0,wildtype,0,,0,0,released
b05f150e-2830-4848-a5e5-ef122cce89af,TCGA-FD-A6TH-01Z-00-DX1.1791761E-876F-4AAB-A0B1-272A37A41E3A.svs,TCGA-FD-A6TH-01Z-00-DX1.1791761E-876F-4AAB-A0B1-272A37A41E3A.svs,1791761e-876f-4aab-a0b1-272a37a41e3a,TCGA-FD-A6TH,TCGA-FD-A6TH-01,08d13748-0946-49a1-8eb3-5afd1deebc84,0,wildtype,0,,0,0,released
21dae48c-7058-4c61-af6d-b14d584c4a6a,TCGA-FD-A6TI-01Z-00-DX1.A451F82D-983B-4646-BFC6-E40A66F2B9C8.svs,TCGA-FD-A6TI-01Z-00-DX1.A451F82D-983B-4646-BFC6-E40A66F2B9C8.svs,a451f82d-983b-4646-bfc6-e40a66f2b9c8,TCGA-FD-A6TI,TCGA-FD-A6TI-01,0f956645-35aa-4a68-98d3-ea589459be00,0,wildtype,0,,0,0,released
37dd70f7-4405-41f0-a17e-34069c1b0feb,TCGA-FD-A6TK-01Z-00-DX1.B685DA87-72A6-4C38-8AA1-40B6E543383C.svs,TCGA-FD-A6TK-01Z-00-DX1.B685DA87-72A6-4C38-8AA1-40B6E543383C.svs,b685da87-72a6-4c38-8aa1-40b6e543383c,TCGA-FD-A6TK,TCGA-FD-A6TK-01,65295450-36cd-45a7-a4a6-2d52ee11378f,0,wildtype,0,,1,1,released
782b064b-7748-4d8e-ad36-4415dec3bd10,TCGA-FJ-A3Z7-01Z-00-DX1.B36BF723-0E71-4FA9-A915-823634B91EA9.svs,TCGA-FJ-A3Z7-01Z-00-DX1.B36BF723-0E71-4FA9-A915-823634B91EA9.svs,b36bf723-0e71-4fa9-a915-823634b91ea9,TCGA-FJ-A3Z7,TCGA-FJ-A3Z7-01,6b2d63f2-f390-4601-9640-f769f6e91bf4,1,mutant,1,Nonsense_Mutation,1,0,released
6646b483-4099-4c90-82ae-a9950d1df476,TCGA-FJ-A3Z7-01Z-00-DX2.C4531060-32B7-4472-8B6D-3E4477810B9F.svs,TCGA-FJ-A3Z7-01Z-00-DX2.C4531060-32B7-4472-8B6D-3E4477810B9F.svs,c4531060-32b7-4472-8b6d-3e4477810b9f,TCGA-FJ-A3Z7,TCGA-FJ-A3Z7-01,6b2d63f2-f390-4601-9640-f769f6e91bf4,1,mutant,1,Nonsense_Mutation,1,0,released
a252e490-27df-4cb8-8983-3ec6489ef244,TCGA-FJ-A3Z7-01Z-00-DX3.6709359F-68F9-4B02-B793-359B83F26372.svs,TCGA-FJ-A3Z7-01Z-00-DX3.6709359F-68F9-4B02-B793-359B83F26372.svs,6709359f-68f9-4b02-b793-359b83f26372,TCGA-FJ-A3Z7,TCGA-FJ-A3Z7-01,6b2d63f2-f390-4601-9640-f769f6e91bf4,1,mutant,1,Nonsense_Mutation,1,0,released
6579f461-68e9-46e5-a9ec-608c56af7414,TCGA-FJ-A3Z7-01Z-00-DX4.7DDE20DA-894A-4751-A7C0-D5740CB30DD9.svs,TCGA-FJ-A3Z7-01Z-00-DX4.7DDE20DA-894A-4751-A7C0-D5740CB30DD9.svs,7dde20da-894a-4751-a7c0-d5740cb30dd9,TCGA-FJ-A3Z7,TCGA-FJ-A3Z7-01,6b2d63f2-f390-4601-9640-f769f6e91bf4,1,mutant,1,Nonsense_Mutation,1,0,released
a073205e-d1d7-4515-a37d-7a3da2387c98,TCGA-FJ-A3Z7-01Z-00-DX5.B0ABE3C5-94EC-4650-9698-0D4C57291267.svs,TCGA-FJ-A3Z7-01Z-00-DX5.B0ABE3C5-94EC-4650-9698-0D4C57291267.svs,b0abe3c5-94ec-4650-9698-0d4c57291267,TCGA-FJ-A3Z7,TCGA-FJ-A3Z7-01,6b2d63f2-f390-4601-9640-f769f6e91bf4,1,mutant,1,Nonsense_Mutation,1,0,released
fed5f7ea-43b0-4a72-92b6-3ec43fac6b60,TCGA-FJ-A3Z7-01Z-00-DX6.28B723F7-1035-4DC2-8DB1-87F08166A9FA.svs,TCGA-FJ-A3Z7-01Z-00-DX6.28B723F7-1035-4DC2-8DB1-87F08166A9FA.svs,28b723f7-1035-4dc2-8db1-87f08166a9fa,TCGA-FJ-A3Z7,TCGA-FJ-A3Z7-01,6b2d63f2-f390-4601-9640-f769f6e91bf4,1,mutant,1,Nonsense_Mutation,1,0,released
ca3a0bba-7394-4635-841e-70bf2dee82d2,TCGA-FJ-A3Z9-01Z-00-DX1.012EC33E-2BEF-4EDB-81D5-6EAC32D90C87.svs,TCGA-FJ-A3Z9-01Z-00-DX1.012EC33E-2BEF-4EDB-81D5-6EAC32D90C87.svs,012ec33e-2bef-4edb-81d5-6eac32d90c87,TCGA-FJ-A3Z9,TCGA-FJ-A3Z9-01,72ff655f-bb08-40ed-b4c3-e9497d4da108,0,wildtype,0,,0,0,released
97627fb1-4093-4420-8f13-661b6b0c1028,TCGA-FJ-A3ZE-01Z-00-DX1.CD478617-4D80-4F36-8908-8480738367C6.svs,TCGA-FJ-A3ZE-01Z-00-DX1.CD478617-4D80-4F36-8908-8480738367C6.svs,cd478617-4d80-4f36-8908-8480738367c6,TCGA-FJ-A3ZE,TCGA-FJ-A3ZE-01,917961e2-78ad-4182-9cdb-5efb09808111,1,mutant,1,Missense_Mutation,1,0,released
4cf90a49-f346-4434-a178-74b1d50db518,TCGA-FJ-A3ZE-01Z-00-DX2.147C2363-55A3-4C02-BAF5-4F1256E30542.svs,TCGA-FJ-A3ZE-01Z-00-DX2.147C2363-55A3-4C02-BAF5-4F1256E30542.svs,147c2363-55a3-4c02-baf5-4f1256e30542,TCGA-FJ-A3ZE,TCGA-FJ-A3ZE-01,917961e2-78ad-4182-9cdb-5efb09808111,1,mutant,1,Missense_Mutation,1,0,released
f791603b-74e3-4d17-a459-6db2841bb267,TCGA-FJ-A3ZF-01Z-00-DX1.1B5E03AA-51A0-4E2B-A2B3-9652B1FA1D55.svs,TCGA-FJ-A3ZF-01Z-00-DX1.1B5E03AA-51A0-4E2B-A2B3-9652B1FA1D55.svs,1b5e03aa-51a0-4e2b-a2b3-9652b1fa1d55,TCGA-FJ-A3ZF,TCGA-FJ-A3ZF-01,fae38579-5fe2-4d81-9729-39fde866d18c,1,mutant,1,Missense_Mutation,1,0,released
92f34841-7547-488b-98f3-0b4ff9f8bc46,TCGA-FJ-A871-01Z-00-DX1.72748A33-5021-4AC6-AEF4-9BDA17233AB3.svs,TCGA-FJ-A871-01Z-00-DX1.72748A33-5021-4AC6-AEF4-9BDA17233AB3.svs,72748a33-5021-4ac6-aef4-9bda17233ab3,TCGA-FJ-A871,TCGA-FJ-A871-01,bb38805e-2ccc-4169-ba01-34b98adf5bd0,0,wildtype,0,,0,0,released
ad9fc3d4-e33f-4cc3-9e0b-c5f5d46f79d4,TCGA-FJ-A871-01Z-00-DX2.B09F27BF-6786-4CC7-8471-5A73E048A813.svs,TCGA-FJ-A871-01Z-00-DX2.B09F27BF-6786-4CC7-8471-5A73E048A813.svs,b09f27bf-6786-4cc7-8471-5a73e048a813,TCGA-FJ-A871,TCGA-FJ-A871-01,bb38805e-2ccc-4169-ba01-34b98adf5bd0,0,wildtype,0,,0,0,released
5955f6e0-73b7-43aa-a155-dc4b8404ae45,TCGA-FJ-A871-01Z-00-DX3.23DB58B1-62E3-4B74-AF08-198BD843FA22.svs,TCGA-FJ-A871-01Z-00-DX3.23DB58B1-62E3-4B74-AF08-198BD843FA22.svs,23db58b1-62e3-4b74-af08-198bd843fa22,TCGA-FJ-A871,TCGA-FJ-A871-01,bb38805e-2ccc-4169-ba01-34b98adf5bd0,0,wildtype,0,,0,0,released
e5709924-83c1-4c7e-9229-2bb6751880a0,TCGA-FJ-A871-01Z-00-DX4.5917B34B-0752-40A9-B749-FB4B5514229B.svs,TCGA-FJ-A871-01Z-00-DX4.5917B34B-0752-40A9-B749-FB4B5514229B.svs,5917b34b-0752-40a9-b749-fb4b5514229b,TCGA-FJ-A871,TCGA-FJ-A871-01,bb38805e-2ccc-4169-ba01-34b98adf5bd0,0,wildtype,0,,0,0,released
3caa2d31-55fc-4117-9c53-c15624e8927a,TCGA-FJ-A871-01Z-00-DX5.8F79D0A8-5DE6-4159-AA77-61DACB21E867.svs,TCGA-FJ-A871-01Z-00-DX5.8F79D0A8-5DE6-4159-AA77-61DACB21E867.svs,8f79d0a8-5de6-4159-aa77-61dacb21e867,TCGA-FJ-A871,TCGA-FJ-A871-01,bb38805e-2ccc-4169-ba01-34b98adf5bd0,0,wildtype,0,,0,0,released
7166e202-a57c-4fda-a792-aea2256ec858,TCGA-FT-A3EE-01Z-00-DX1.1CA5BFA3-F6F7-45DE-83EC-F328AC4EBE80.svs,TCGA-FT-A3EE-01Z-00-DX1.1CA5BFA3-F6F7-45DE-83EC-F328AC4EBE80.svs,1ca5bfa3-f6f7-45de-83ec-f328ac4ebe80,TCGA-FT-A3EE,TCGA-FT-A3EE-01,cce62116-3dcd-400d-ada0-9839ca02466e,0,wildtype,0,,0,0,released
f1cb62cc-b920-484f-89cf-a960bd4fe56a,TCGA-FT-A61P-01Z-00-DX1.39960BA6-ECC6-4EE0-B3ED-F3991E3742F6.svs,TCGA-FT-A61P-01Z-00-DX1.39960BA6-ECC6-4EE0-B3ED-F3991E3742F6.svs,39960ba6-ecc6-4ee0-b3ed-f3991e3742f6,TCGA-FT-A61P,TCGA-FT-A61P-01,7c698a35-7694-47f0-b681-f08840b95c02,0,wildtype,0,,0,0,released
d56f4775-c7d8-430e-a88f-96681d899968,TCGA-G2-A2EC-01Z-00-DX1.44DA27E7-C499-46A1-A871-DBA4E5BCAA6A.svs,TCGA-G2-A2EC-01Z-00-DX1.44DA27E7-C499-46A1-A871-DBA4E5BCAA6A.svs,44da27e7-c499-46a1-a871-dba4e5bcaa6a,TCGA-G2-A2EC,TCGA-G2-A2EC-01,28e25ffb-8b0c-4839-a735-ed7b78e3213a,0,wildtype,0,,0,0,released
091f2959-0a7e-4f82-8048-4d6db3d8c639,TCGA-G2-A2EC-01Z-00-DX2.42C4093A-A313-41E6-B2FD-B7928F9B32F9.svs,TCGA-G2-A2EC-01Z-00-DX2.42C4093A-A313-41E6-B2FD-B7928F9B32F9.svs,42c4093a-a313-41e6-b2fd-b7928f9b32f9,TCGA-G2-A2EC,TCGA-G2-A2EC-01,28e25ffb-8b0c-4839-a735-ed7b78e3213a,0,wildtype,0,,0,0,released
43d8d9d5-e0e6-4310-9db3-05bb60821b4e,TCGA-G2-A2EC-01Z-00-DX3.6DD4B773-86DE-4D58-A405-3C1B45FD6004.svs,TCGA-G2-A2EC-01Z-00-DX3.6DD4B773-86DE-4D58-A405-3C1B45FD6004.svs,6dd4b773-86de-4d58-a405-3c1b45fd6004,TCGA-G2-A2EC,TCGA-G2-A2EC-01,28e25ffb-8b0c-4839-a735-ed7b78e3213a,0,wildtype,0,,0,0,released
18231e47-c304-4a08-80f9-be305395fe9e,TCGA-G2-A2EC-01Z-00-DX4.8E4382A4-71F9-4BC3-89AA-09B4F1B54985.svs,TCGA-G2-A2EC-01Z-00-DX4.8E4382A4-71F9-4BC3-89AA-09B4F1B54985.svs,8e4382a4-71f9-4bc3-89aa-09b4f1b54985,TCGA-G2-A2EC,TCGA-G2-A2EC-01,28e25ffb-8b0c-4839-a735-ed7b78e3213a,0,wildtype,0,,0,0,released
9d8b8e00-958c-44fd-a182-96a1c459bd54,TCGA-G2-A2EC-01Z-00-DX5.94164B15-8070-4F16-B0A5-C9345E00BB83.svs,TCGA-G2-A2EC-01Z-00-DX5.94164B15-8070-4F16-B0A5-C9345E00BB83.svs,94164b15-8070-4f16-b0a5-c9345e00bb83,TCGA-G2-A2EC,TCGA-G2-A2EC-01,28e25ffb-8b0c-4839-a735-ed7b78e3213a,0,wildtype,0,,0,0,released
3d73b4a3-e636-4c81-91b2-f0c4689565f8,TCGA-G2-A2EC-01Z-00-DX6.60307899-9A64-4176-8617-BEBEFEF81CEE.svs,TCGA-G2-A2EC-01Z-00-DX6.60307899-9A64-4176-8617-BEBEFEF81CEE.svs,60307899-9a64-4176-8617-bebefef81cee,TCGA-G2-A2EC,TCGA-G2-A2EC-01,28e25ffb-8b0c-4839-a735-ed7b78e3213a,0,wildtype,0,,0,0,released
04120e10-4594-4111-b712-a69a698c211b,TCGA-G2-A2EC-01Z-00-DX7.F421FDF6-AF52-44C9-8AB2-9E37E1B8C8CC.svs,TCGA-G2-A2EC-01Z-00-DX7.F421FDF6-AF52-44C9-8AB2-9E37E1B8C8CC.svs,f421fdf6-af52-44c9-8ab2-9e37e1b8c8cc,TCGA-G2-A2EC,TCGA-G2-A2EC-01,28e25ffb-8b0c-4839-a735-ed7b78e3213a,0,wildtype,0,,0,0,released
3df71af2-13e2-47bb-bc5a-4c238e550abe,TCGA-G2-A2EC-01Z-00-DX8.59E69965-ADB5-4E9D-B455-D766A90EB2AD.svs,TCGA-G2-A2EC-01Z-00-DX8.59E69965-ADB5-4E9D-B455-D766A90EB2AD.svs,59e69965-adb5-4e9d-b455-d766a90eb2ad,TCGA-G2-A2EC,TCGA-G2-A2EC-01,28e25ffb-8b0c-4839-a735-ed7b78e3213a,0,wildtype,0,,0,0,released
c07b3f9f-8a49-4e4e-b161-9aef54e0fc83,TCGA-G2-A2EF-01Z-00-DX1.5FA6C53C-C749-46CE-B85C-DDFE27962F7C.svs,TCGA-G2-A2EF-01Z-00-DX1.5FA6C53C-C749-46CE-B85C-DDFE27962F7C.svs,5fa6c53c-c749-46ce-b85c-ddfe27962f7c,TCGA-G2-A2EF,TCGA-G2-A2EF-01,2a142731-119c-495d-ad30-eb0b48bacb46,1,mutant,1,In_Frame_Del,1,0,released
7a43f91b-7d9a-42d7-80c1-17ce73d86222,TCGA-G2-A2EF-01Z-00-DX2.90428613-C414-421F-9502-EADCEBC47184.svs,TCGA-G2-A2EF-01Z-00-DX2.90428613-C414-421F-9502-EADCEBC47184.svs,90428613-c414-421f-9502-eadcebc47184,TCGA-G2-A2EF,TCGA-G2-A2EF-01,2a142731-119c-495d-ad30-eb0b48bacb46,1,mutant,1,In_Frame_Del,1,0,released
19165972-903e-40d1-83d4-f6e5029699e1,TCGA-G2-A2EF-01Z-00-DX3.04EC2CA4-7CCF-4DB6-829D-9067E7EF07C4.svs,TCGA-G2-A2EF-01Z-00-DX3.04EC2CA4-7CCF-4DB6-829D-9067E7EF07C4.svs,04ec2ca4-7ccf-4db6-829d-9067e7ef07c4,TCGA-G2-A2EF,TCGA-G2-A2EF-01,2a142731-119c-495d-ad30-eb0b48bacb46,1,mutant,1,In_Frame_Del,1,0,released
0a171474-53b4-4d95-b06a-0f350ab58d9c,TCGA-G2-A2EF-01Z-00-DX4.70FC5B2D-E8EC-41EE-99B7-CB3FFC0F4D98.svs,TCGA-G2-A2EF-01Z-00-DX4.70FC5B2D-E8EC-41EE-99B7-CB3FFC0F4D98.svs,70fc5b2d-e8ec-41ee-99b7-cb3ffc0f4d98,TCGA-G2-A2EF,TCGA-G2-A2EF-01,2a142731-119c-495d-ad30-eb0b48bacb46,1,mutant,1,In_Frame_Del,1,0,released
b9d97b6b-9a97-403e-a92b-b742c7839b8f,TCGA-G2-A2EJ-01Z-00-DX1.BBADB2AF-BF32-4678-A54B-F82CA11DC715.svs,TCGA-G2-A2EJ-01Z-00-DX1.BBADB2AF-BF32-4678-A54B-F82CA11DC715.svs,bbadb2af-bf32-4678-a54b-f82ca11dc715,TCGA-G2-A2EJ,TCGA-G2-A2EJ-01,c6227d39-d9e8-4e28-9e70-d7f720ab25e4,1,mutant,1,Missense_Mutation,1,0,released
3b69cc62-01a9-4b84-a3a3-7bf0fb29b155,TCGA-G2-A2EJ-01Z-00-DX2.3DCD4041-FBE0-45B4-BD5B-6A9E8200289C.svs,TCGA-G2-A2EJ-01Z-00-DX2.3DCD4041-FBE0-45B4-BD5B-6A9E8200289C.svs,3dcd4041-fbe0-45b4-bd5b-6a9e8200289c,TCGA-G2-A2EJ,TCGA-G2-A2EJ-01,c6227d39-d9e8-4e28-9e70-d7f720ab25e4,1,mutant,1,Missense_Mutation,1,0,released
442930dd-95d5-4960-a7a5-7c4268b66d0b,TCGA-G2-A2EJ-01Z-00-DX3.3FA3BE61-17DA-4CFE-8845-0889701340EB.svs,TCGA-G2-A2EJ-01Z-00-DX3.3FA3BE61-17DA-4CFE-8845-0889701340EB.svs,3fa3be61-17da-4cfe-8845-0889701340eb,TCGA-G2-A2EJ,TCGA-G2-A2EJ-01,c6227d39-d9e8-4e28-9e70-d7f720ab25e4,1,mutant,1,Missense_Mutation,1,0,released
cfb1efcb-9ca9-4d81-a16b-9e87cc29c870,TCGA-G2-A2EJ-01Z-00-DX4.A156EE54-2814-415F-A7AD-9E408E7B0F50.svs,TCGA-G2-A2EJ-01Z-00-DX4.A156EE54-2814-415F-A7AD-9E408E7B0F50.svs,a156ee54-2814-415f-a7ad-9e408e7b0f50,TCGA-G2-A2EJ,TCGA-G2-A2EJ-01,c6227d39-d9e8-4e28-9e70-d7f720ab25e4,1,mutant,1,Missense_Mutation,1,0,released
865b41b1-373d-449c-ab56-38c9f85557bf,TCGA-G2-A2EJ-01Z-00-DX5.B20A9A5E-23B7-4C19-A021-8B19D56C80B2.svs,TCGA-G2-A2EJ-01Z-00-DX5.B20A9A5E-23B7-4C19-A021-8B19D56C80B2.svs,b20a9a5e-23b7-4c19-a021-8b19d56c80b2,TCGA-G2-A2EJ,TCGA-G2-A2EJ-01,c6227d39-d9e8-4e28-9e70-d7f720ab25e4,1,mutant,1,Missense_Mutation,1,0,released
9bf53233-6ebf-423d-873a-717256e52f16,TCGA-G2-A2EJ-01Z-00-DX6.6EFFECC5-45F4-4828-8AD7-84E060E6FC9D.svs,TCGA-G2-A2EJ-01Z-00-DX6.6EFFECC5-45F4-4828-8AD7-84E060E6FC9D.svs,6effecc5-45f4-4828-8ad7-84e060e6fc9d,TCGA-G2-A2EJ,TCGA-G2-A2EJ-01,c6227d39-d9e8-4e28-9e70-d7f720ab25e4,1,mutant,1,Missense_Mutation,1,0,released
1b72b829-b7f2-4d12-b05b-298c8c5bc5e0,TCGA-G2-A2EJ-01Z-00-DX7.79C8E05D-5640-49AC-923D-58030F64DD5A.svs,TCGA-G2-A2EJ-01Z-00-DX7.79C8E05D-5640-49AC-923D-58030F64DD5A.svs,79c8e05d-5640-49ac-923d-58030f64dd5a,TCGA-G2-A2EJ,TCGA-G2-A2EJ-01,c6227d39-d9e8-4e28-9e70-d7f720ab25e4,1,mutant,1,Missense_Mutation,1,0,released
1339fa6f-dab6-4ddd-b6f9-f230ddddfd45,TCGA-G2-A2EJ-01Z-00-DX8.C3EB2C27-F483-4CE5-AF8D-2AF462AB296F.svs,TCGA-G2-A2EJ-01Z-00-DX8.C3EB2C27-F483-4CE5-AF8D-2AF462AB296F.svs,c3eb2c27-f483-4ce5-af8d-2af462ab296f,TCGA-G2-A2EJ,TCGA-G2-A2EJ-01,c6227d39-d9e8-4e28-9e70-d7f720ab25e4,1,mutant,1,Missense_Mutation,1,0,released
518becf0-b37f-47ed-8e53-810d59fbccca,TCGA-G2-A2EK-01Z-00-DX1.1F826341-0877-46E0-8DB7-9D01E8874614.svs,TCGA-G2-A2EK-01Z-00-DX1.1F826341-0877-46E0-8DB7-9D01E8874614.svs,1f826341-0877-46e0-8db7-9d01e8874614,TCGA-G2-A2EK,TCGA-G2-A2EK-01,5da1cb68-c438-4ddc-999f-90aed0c4bd7a,0,wildtype,0,,0,0,released
b0255e73-eb11-448d-87fd-f5644f55c8fc,TCGA-G2-A2EK-01Z-00-DX2.F68EC7A1-2B48-42EB-8621-39D8547E408D.svs,TCGA-G2-A2EK-01Z-00-DX2.F68EC7A1-2B48-42EB-8621-39D8547E408D.svs,f68ec7a1-2b48-42eb-8621-39d8547e408d,TCGA-G2-A2EK,TCGA-G2-A2EK-01,5da1cb68-c438-4ddc-999f-90aed0c4bd7a,0,wildtype,0,,0,0,released
0709c450-dc1a-42e1-95ae-611e95d61092,TCGA-G2-A2EK-01Z-00-DX3.22408270-F6D1-4257-9014-E13C7B69A407.svs,TCGA-G2-A2EK-01Z-00-DX3.22408270-F6D1-4257-9014-E13C7B69A407.svs,22408270-f6d1-4257-9014-e13c7b69a407,TCGA-G2-A2EK,TCGA-G2-A2EK-01,5da1cb68-c438-4ddc-999f-90aed0c4bd7a,0,wildtype,0,,0,0,released
a1a2458e-6787-4846-912c-a4721d3a8213,TCGA-G2-A2EL-01Z-00-DX1.CCC37120-A9F0-4278-9EA6-6CD1A132596C.svs,TCGA-G2-A2EL-01Z-00-DX1.CCC37120-A9F0-4278-9EA6-6CD1A132596C.svs,ccc37120-a9f0-4278-9ea6-6cd1a132596c,TCGA-G2-A2EL,TCGA-G2-A2EL-01,30c7445e-d0c4-4a0f-96a4-27e4259ee10b,1,mutant,1,Splice_Site,1,0,released
f2135816-eaa5-40fd-995c-764119e10f19,TCGA-G2-A2EL-01Z-00-DX2.2E59E1ED-C518-46EC-B60A-B083BA3A77C7.svs,TCGA-G2-A2EL-01Z-00-DX2.2E59E1ED-C518-46EC-B60A-B083BA3A77C7.svs,2e59e1ed-c518-46ec-b60a-b083ba3a77c7,TCGA-G2-A2EL,TCGA-G2-A2EL-01,30c7445e-d0c4-4a0f-96a4-27e4259ee10b,1,mutant,1,Splice_Site,1,0,released
30630b5c-e4c3-4795-bfaa-d317e83c5ff4,TCGA-G2-A2EO-01Z-00-DX1.E2FEF97D-F947-4497-8605-BBBFC3EC665B.svs,TCGA-G2-A2EO-01Z-00-DX1.E2FEF97D-F947-4497-8605-BBBFC3EC665B.svs,e2fef97d-f947-4497-8605-bbbfc3ec665b,TCGA-G2-A2EO,TCGA-G2-A2EO-01,98b9ad62-76ed-43e3-91bc-b8f065d79673,1,mutant,1,Missense_Mutation,1,0,released
5455ac26-a2ba-477a-b245-a20b591d4c4b,TCGA-G2-A2EO-01Z-00-DX2.94CC403C-1986-4906-AF11-92E349C8A114.svs,TCGA-G2-A2EO-01Z-00-DX2.94CC403C-1986-4906-AF11-92E349C8A114.svs,94cc403c-1986-4906-af11-92e349c8a114,TCGA-G2-A2EO,TCGA-G2-A2EO-01,98b9ad62-76ed-43e3-91bc-b8f065d79673,1,mutant,1,Missense_Mutation,1,0,released
0b3b633c-b46d-40f2-bfb2-e39a5fff03f7,TCGA-G2-A2EO-01Z-00-DX3.F64AE021-27AB-4B3C-9DD2-9B8A358326C3.svs,TCGA-G2-A2EO-01Z-00-DX3.F64AE021-27AB-4B3C-9DD2-9B8A358326C3.svs,f64ae021-27ab-4b3c-9dd2-9b8a358326c3,TCGA-G2-A2EO,TCGA-G2-A2EO-01,98b9ad62-76ed-43e3-91bc-b8f065d79673,1,mutant,1,Missense_Mutation,1,0,released
6ed84609-1219-4b80-809c-9bff4ed03320,TCGA-G2-A2EO-01Z-00-DX4.BE1980E2-83B2-4E04-A6A4-9B71B15793B5.svs,TCGA-G2-A2EO-01Z-00-DX4.BE1980E2-83B2-4E04-A6A4-9B71B15793B5.svs,be1980e2-83b2-4e04-a6a4-9b71b15793b5,TCGA-G2-A2EO,TCGA-G2-A2EO-01,98b9ad62-76ed-43e3-91bc-b8f065d79673,1,mutant,1,Missense_Mutation,1,0,released
d3fa5672-3367-49d2-8122-c860b3151e85,TCGA-G2-A2EO-01Z-00-DX5.85F4C6CF-E10B-4EF7-B477-D42E9F78247F.svs,TCGA-G2-A2EO-01Z-00-DX5.85F4C6CF-E10B-4EF7-B477-D42E9F78247F.svs,85f4c6cf-e10b-4ef7-b477-d42e9f78247f,TCGA-G2-A2EO,TCGA-G2-A2EO-01,98b9ad62-76ed-43e3-91bc-b8f065d79673,1,mutant,1,Missense_Mutation,1,0,released
b75583b5-63de-4f06-bc54-08ebc2191b1e,TCGA-G2-A2EO-01Z-00-DX6.8FBEA23E-DC4C-4420-A72A-FDDC0CC1F80A.svs,TCGA-G2-A2EO-01Z-00-DX6.8FBEA23E-DC4C-4420-A72A-FDDC0CC1F80A.svs,8fbea23e-dc4c-4420-a72a-fddc0cc1f80a,TCGA-G2-A2EO,TCGA-G2-A2EO-01,98b9ad62-76ed-43e3-91bc-b8f065d79673,1,mutant,1,Missense_Mutation,1,0,released
360250f7-7292-4ee3-bed2-4081216858fa,TCGA-G2-A2EO-01Z-00-DX7.5784EBED-47AE-4ADA-84F2-3E58965EE2BC.svs,TCGA-G2-A2EO-01Z-00-DX7.5784EBED-47AE-4ADA-84F2-3E58965EE2BC.svs,5784ebed-47ae-4ada-84f2-3e58965ee2bc,TCGA-G2-A2EO,TCGA-G2-A2EO-01,98b9ad62-76ed-43e3-91bc-b8f065d79673,1,mutant,1,Missense_Mutation,1,0,released
ca336ea8-6bd6-4321-9684-164c6aa8672c,TCGA-G2-A2EO-01Z-00-DX8.04D3920F-D1FD-4B37-8229-877FC64C3492.svs,TCGA-G2-A2EO-01Z-00-DX8.04D3920F-D1FD-4B37-8229-877FC64C3492.svs,04d3920f-d1fd-4b37-8229-877fc64c3492,TCGA-G2-A2EO,TCGA-G2-A2EO-01,98b9ad62-76ed-43e3-91bc-b8f065d79673,1,mutant,1,Missense_Mutation,1,0,released
0d083e4f-0037-462e-b810-3182506f15ba,TCGA-G2-A2ES-01Z-00-DX1.B80524C7-9705-461E-852E-DA99575FABF0.svs,TCGA-G2-A2ES-01Z-00-DX1.B80524C7-9705-461E-852E-DA99575FABF0.svs,b80524c7-9705-461e-852e-da99575fabf0,TCGA-G2-A2ES,TCGA-G2-A2ES-01,72d8eae8-9efb-45b2-acbd-82c6b5732e38,1,mutant,1,Missense_Mutation,1,0,released
ca6d1719-29a3-4ff4-897f-a499d06fcbdb,TCGA-G2-A2ES-01Z-00-DX2.CA66A071-D602-41CD-BD39-4AF1FD7BFC43.svs,TCGA-G2-A2ES-01Z-00-DX2.CA66A071-D602-41CD-BD39-4AF1FD7BFC43.svs,ca66a071-d602-41cd-bd39-4af1fd7bfc43,TCGA-G2-A2ES,TCGA-G2-A2ES-01,72d8eae8-9efb-45b2-acbd-82c6b5732e38,1,mutant,1,Missense_Mutation,1,0,released
21ffe9f3-5056-463c-838c-eede028e4e70,TCGA-G2-A2ES-01Z-00-DX3.4127F544-FC83-44F6-85CD-3F1542785E71.svs,TCGA-G2-A2ES-01Z-00-DX3.4127F544-FC83-44F6-85CD-3F1542785E71.svs,4127f544-fc83-44f6-85cd-3f1542785e71,TCGA-G2-A2ES,TCGA-G2-A2ES-01,72d8eae8-9efb-45b2-acbd-82c6b5732e38,1,mutant,1,Missense_Mutation,1,0,released
9fc9bf3f-c4da-4ed6-91d2-9de7917feee5,TCGA-G2-A2ES-01Z-00-DX4.F8B9CC1E-CDC8-4335-82DD-4BE4F6A35CEF.svs,TCGA-G2-A2ES-01Z-00-DX4.F8B9CC1E-CDC8-4335-82DD-4BE4F6A35CEF.svs,f8b9cc1e-cdc8-4335-82dd-4be4f6a35cef,TCGA-G2-A2ES,TCGA-G2-A2ES-01,72d8eae8-9efb-45b2-acbd-82c6b5732e38,1,mutant,1,Missense_Mutation,1,0,released
50f1c269-b2b9-4222-99d7-e129603da432,TCGA-G2-A2ES-01Z-00-DX5.3576FA08-47B1-4A10-94F1-5F5A57A7835E.svs,TCGA-G2-A2ES-01Z-00-DX5.3576FA08-47B1-4A10-94F1-5F5A57A7835E.svs,3576fa08-47b1-4a10-94f1-5f5a57a7835e,TCGA-G2-A2ES,TCGA-G2-A2ES-01,72d8eae8-9efb-45b2-acbd-82c6b5732e38,1,mutant,1,Missense_Mutation,1,0,released
88d20e25-564d-47d7-b91d-ffcbfe5a291c,TCGA-G2-A2ES-01Z-00-DX6.FF3254DB-03CE-48A3-8C68-E0BAE60694F6.svs,TCGA-G2-A2ES-01Z-00-DX6.FF3254DB-03CE-48A3-8C68-E0BAE60694F6.svs,ff3254db-03ce-48a3-8c68-e0bae60694f6,TCGA-G2-A2ES,TCGA-G2-A2ES-01,72d8eae8-9efb-45b2-acbd-82c6b5732e38,1,mutant,1,Missense_Mutation,1,0,released
e15a6860-6ee6-45b5-bd19-8ea555cd5ead,TCGA-G2-A2ES-01Z-00-DX7.03160CC5-FC81-4A8D-96D4-BCEBADCDF599.svs,TCGA-G2-A2ES-01Z-00-DX7.03160CC5-FC81-4A8D-96D4-BCEBADCDF599.svs,03160cc5-fc81-4a8d-96d4-bcebadcdf599,TCGA-G2-A2ES,TCGA-G2-A2ES-01,72d8eae8-9efb-45b2-acbd-82c6b5732e38,1,mutant,1,Missense_Mutation,1,0,released
3c9eccde-fd38-4f5b-a75c-1d3c373f4fad,TCGA-G2-A3IB-01Z-00-DX1.27F44B48-11D5-438D-B568-E099C05AD428.svs,TCGA-G2-A3IB-01Z-00-DX1.27F44B48-11D5-438D-B568-E099C05AD428.svs,27f44b48-11d5-438d-b568-e099c05ad428,TCGA-G2-A3IB,TCGA-G2-A3IB-01,af53d51e-0b5c-437f-a1c0-ec5f55c49364,1,mutant,1,Missense_Mutation;Nonsense_Mutation,1,0,released
066318d5-ebee-4805-af74-29292eaabfc4,TCGA-G2-A3IB-01Z-00-DX2.233CCEF1-7332-4940-84A6-7CD6ADE8272E.svs,TCGA-G2-A3IB-01Z-00-DX2.233CCEF1-7332-4940-84A6-7CD6ADE8272E.svs,233ccef1-7332-4940-84a6-7cd6ade8272e,TCGA-G2-A3IB,TCGA-G2-A3IB-01,af53d51e-0b5c-437f-a1c0-ec5f55c49364,1,mutant,1,Missense_Mutation;Nonsense_Mutation,1,0,released
38cb8cf5-e989-43a7-8d6d-035a9dea0747,TCGA-G2-A3IB-01Z-00-DX3.87062FFE-72F3-48E0-A9CD-71F5FF3819D3.svs,TCGA-G2-A3IB-01Z-00-DX3.87062FFE-72F3-48E0-A9CD-71F5FF3819D3.svs,87062ffe-72f3-48e0-a9cd-71f5ff3819d3,TCGA-G2-A3IB,TCGA-G2-A3IB-01,af53d51e-0b5c-437f-a1c0-ec5f55c49364,1,mutant,1,Missense_Mutation;Nonsense_Mutation,1,0,released
8a1dd3df-f852-4877-85a5-2f0d23736665,TCGA-G2-A3IB-01Z-00-DX4.2AECF9F2-3DC4-4474-9D1D-13B40EC9DBDD.svs,TCGA-G2-A3IB-01Z-00-DX4.2AECF9F2-3DC4-4474-9D1D-13B40EC9DBDD.svs,2aecf9f2-3dc4-4474-9d1d-13b40ec9dbdd,TCGA-G2-A3IB,TCGA-G2-A3IB-01,af53d51e-0b5c-437f-a1c0-ec5f55c49364,1,mutant,1,Missense_Mutation;Nonsense_Mutation,1,0,released
7c0c25e4-2f77-416c-9e3a-ab0870a57540,TCGA-G2-A3IE-01Z-00-DX1.DEEF9D35-CE4C-499F-9481-9E9E379694FC.svs,TCGA-G2-A3IE-01Z-00-DX1.DEEF9D35-CE4C-499F-9481-9E9E379694FC.svs,deef9d35-ce4c-499f-9481-9e9e379694fc,TCGA-G2-A3IE,TCGA-G2-A3IE-01,c65ba2b8-e867-42e8-bbd0-c2cdf5130cfb,1,mutant,1,Missense_Mutation,1,0,released
82a5ad95-8907-4769-a30a-bab3ff9a4451,TCGA-G2-A3IE-01Z-00-DX2.48A6B225-8608-41A5-9268-63262105DDED.svs,TCGA-G2-A3IE-01Z-00-DX2.48A6B225-8608-41A5-9268-63262105DDED.svs,48a6b225-8608-41a5-9268-63262105dded,TCGA-G2-A3IE,TCGA-G2-A3IE-01,c65ba2b8-e867-42e8-bbd0-c2cdf5130cfb,1,mutant,1,Missense_Mutation,1,0,released
81af706f-9469-4cee-a64b-2a75e3ad2da0,TCGA-G2-A3VY-01Z-00-DX1.E571536B-7C5A-48DC-9CED-5ACA78DDD43F.svs,TCGA-G2-A3VY-01Z-00-DX1.E571536B-7C5A-48DC-9CED-5ACA78DDD43F.svs,e571536b-7c5a-48dc-9ced-5aca78ddd43f,TCGA-G2-A3VY,TCGA-G2-A3VY-01,cd50c69f-0f45-4c57-b61a-8c6b41ab4f7e,1,mutant,1,Missense_Mutation,1,0,released
24750c71-98b3-4fbe-bd7f-081be91d514d,TCGA-G2-AA3B-01Z-00-DX1.F4F8CCF4-E74C-4B07-B385-5E30E0E1BB0D.svs,TCGA-G2-AA3B-01Z-00-DX1.F4F8CCF4-E74C-4B07-B385-5E30E0E1BB0D.svs,f4f8ccf4-e74c-4b07-b385-5e30e0e1bb0d,TCGA-G2-AA3B,TCGA-G2-AA3B-01,22424a05-0546-44c2-8ab7-abb8e49c3363,1,mutant,1,Nonsense_Mutation,1,0,released
fd8a4c59-6503-4647-856a-792b0ca283e6,TCGA-G2-AA3B-01Z-00-DX2.B9AC70CF-591B-4AFF-A8C0-F43A9C91CFF9.svs,TCGA-G2-AA3B-01Z-00-DX2.B9AC70CF-591B-4AFF-A8C0-F43A9C91CFF9.svs,b9ac70cf-591b-4aff-a8c0-f43a9c91cff9,TCGA-G2-AA3B,TCGA-G2-AA3B-01,22424a05-0546-44c2-8ab7-abb8e49c3363,1,mutant,1,Nonsense_Mutation,1,0,released
5df1a222-135f-4bb0-b273-2ae68769b8c5,TCGA-G2-AA3B-01Z-00-DX3.A193600C-0B83-4FEB-AB0C-DECF6FC78E1A.svs,TCGA-G2-AA3B-01Z-00-DX3.A193600C-0B83-4FEB-AB0C-DECF6FC78E1A.svs,a193600c-0b83-4feb-ab0c-decf6fc78e1a,TCGA-G2-AA3B,TCGA-G2-AA3B-01,22424a05-0546-44c2-8ab7-abb8e49c3363,1,mutant,1,Nonsense_Mutation,1,0,released
e10521cd-0852-44b1-94d0-efdc33325fab,TCGA-G2-AA3B-01Z-00-DX4.6E70BFE1-D95F-48A9-9897-97322FBA937A.svs,TCGA-G2-AA3B-01Z-00-DX4.6E70BFE1-D95F-48A9-9897-97322FBA937A.svs,6e70bfe1-d95f-48a9-9897-97322fba937a,TCGA-G2-AA3B,TCGA-G2-AA3B-01,22424a05-0546-44c2-8ab7-abb8e49c3363,1,mutant,1,Nonsense_Mutation,1,0,released
6616d8c8-d8e9-4ba9-a1e4-b2726181b8dd,TCGA-G2-AA3B-01Z-00-DX5.57084980-934B-4A4A-A720-24FA2E9E0CB2.svs,TCGA-G2-AA3B-01Z-00-DX5.57084980-934B-4A4A-A720-24FA2E9E0CB2.svs,57084980-934b-4a4a-a720-24fa2e9e0cb2,TCGA-G2-AA3B,TCGA-G2-AA3B-01,22424a05-0546-44c2-8ab7-abb8e49c3363,1,mutant,1,Nonsense_Mutation,1,0,released
4343fedd-9318-4d8d-bbcd-546d1458784f,TCGA-G2-AA3C-01Z-00-DX1.D2CA01A1-A2F3-4624-A022-BAEA71AA67AC.svs,TCGA-G2-AA3C-01Z-00-DX1.D2CA01A1-A2F3-4624-A022-BAEA71AA67AC.svs,d2ca01a1-a2f3-4624-a022-baea71aa67ac,TCGA-G2-AA3C,TCGA-G2-AA3C-01,c04cc413-95b0-4b56-af55-9596a5ead4a6,0,wildtype,0,,0,0,released
9302d288-11c3-4424-ae75-89f78ae41ec2,TCGA-G2-AA3C-01Z-00-DX2.00AE9115-F979-4DD6-8364-96493CC00835.svs,TCGA-G2-AA3C-01Z-00-DX2.00AE9115-F979-4DD6-8364-96493CC00835.svs,00ae9115-f979-4dd6-8364-96493cc00835,TCGA-G2-AA3C,TCGA-G2-AA3C-01,c04cc413-95b0-4b56-af55-9596a5ead4a6,0,wildtype,0,,0,0,released
03b6b974-6d2b-4799-8dcb-d374daaede4e,TCGA-G2-AA3D-01Z-00-DX1.8C31FE8D-13F9-49FF-A4FB-2D004B109394.svs,TCGA-G2-AA3D-01Z-00-DX1.8C31FE8D-13F9-49FF-A4FB-2D004B109394.svs,8c31fe8d-13f9-49ff-a4fb-2d004b109394,TCGA-G2-AA3D,TCGA-G2-AA3D-01,e1540865-69c2-4b60-a78e-97d0ce2957dc,0,wildtype,1,Splice_Region,1,1,released
faff04a2-fca2-4611-99ee-3a9767c55b45,TCGA-G2-AA3F-01Z-00-DX1.C63054C3-6DBF-42A1-ADA3-79FF26ED02B3.svs,TCGA-G2-AA3F-01Z-00-DX1.C63054C3-6DBF-42A1-ADA3-79FF26ED02B3.svs,c63054c3-6dbf-42a1-ada3-79ff26ed02b3,TCGA-G2-AA3F,TCGA-G2-AA3F-01,9883c38f-87bf-4421-bfc0-1b1001f8159c,1,mutant,1,Frame_Shift_Ins,1,0,released
842d3982-82c6-4897-a03e-1c79c2128e70,TCGA-G2-AA3F-01Z-00-DX2.8991BE4B-303B-4177-9046-2D6412D0698E.svs,TCGA-G2-AA3F-01Z-00-DX2.8991BE4B-303B-4177-9046-2D6412D0698E.svs,8991be4b-303b-4177-9046-2d6412d0698e,TCGA-G2-AA3F,TCGA-G2-AA3F-01,9883c38f-87bf-4421-bfc0-1b1001f8159c,1,mutant,1,Frame_Shift_Ins,1,0,released
33f67e93-e2e6-48ba-bef6-a37df48f7d7a,TCGA-G2-AA3F-01Z-00-DX3.360ECD0E-F773-4153-A782-EDED1819BDBA.svs,TCGA-G2-AA3F-01Z-00-DX3.360ECD0E-F773-4153-A782-EDED1819BDBA.svs,360ecd0e-f773-4153-a782-eded1819bdba,TCGA-G2-AA3F,TCGA-G2-AA3F-01,9883c38f-87bf-4421-bfc0-1b1001f8159c,1,mutant,1,Frame_Shift_Ins,1,0,released
a5ec8178-fbac-4b49-9628-6e1e6bb7ea6e,TCGA-G2-AA3F-01Z-00-DX4.8DD53108-E08F-4F3C-80EE-E31D934B9BDF.svs,TCGA-G2-AA3F-01Z-00-DX4.8DD53108-E08F-4F3C-80EE-E31D934B9BDF.svs,8dd53108-e08f-4f3c-80ee-e31d934b9bdf,TCGA-G2-AA3F,TCGA-G2-AA3F-01,9883c38f-87bf-4421-bfc0-1b1001f8159c,1,mutant,1,Frame_Shift_Ins,1,0,released
afc3fd2a-7919-4a02-b697-a020eabf2e23,TCGA-G2-AA3F-01Z-00-DX5.A1D2BBD8-A1B6-46E1-8D22-C897019DB41F.svs,TCGA-G2-AA3F-01Z-00-DX5.A1D2BBD8-A1B6-46E1-8D22-C897019DB41F.svs,a1d2bbd8-a1b6-46e1-8d22-c897019db41f,TCGA-G2-AA3F,TCGA-G2-AA3F-01,9883c38f-87bf-4421-bfc0-1b1001f8159c,1,mutant,1,Frame_Shift_Ins,1,0,released
466056a0-a3ce-4142-a156-37e51575aa08,TCGA-G2-AA3F-01Z-00-DX6.AD188C41-F5A7-49ED-9C1A-F7E956A34AC5.svs,TCGA-G2-AA3F-01Z-00-DX6.AD188C41-F5A7-49ED-9C1A-F7E956A34AC5.svs,ad188c41-f5a7-49ed-9c1a-f7e956a34ac5,TCGA-G2-AA3F,TCGA-G2-AA3F-01,9883c38f-87bf-4421-bfc0-1b1001f8159c,1,mutant,1,Frame_Shift_Ins,1,0,released
f5ad2040-533c-431e-b8ea-c4d5cfe9e11f,TCGA-G2-AA3F-01Z-00-DX7.61BFF067-ADE1-4879-8746-34F034B06A2A.svs,TCGA-G2-AA3F-01Z-00-DX7.61BFF067-ADE1-4879-8746-34F034B06A2A.svs,61bff067-ade1-4879-8746-34f034b06a2a,TCGA-G2-AA3F,TCGA-G2-AA3F-01,9883c38f-87bf-4421-bfc0-1b1001f8159c,1,mutant,1,Frame_Shift_Ins,1,0,released
1f05e999-0586-4467-8a29-2556e6a840c5,TCGA-G2-AA3F-01Z-00-DX8.D27EA057-F808-44FE-AF5D-9F7237D59488.svs,TCGA-G2-AA3F-01Z-00-DX8.D27EA057-F808-44FE-AF5D-9F7237D59488.svs,d27ea057-f808-44fe-af5d-9f7237d59488,TCGA-G2-AA3F,TCGA-G2-AA3F-01,9883c38f-87bf-4421-bfc0-1b1001f8159c,1,mutant,1,Frame_Shift_Ins,1,0,released
7dd084fa-3c45-47d2-a82e-bfa4e09ab778,TCGA-G2-AA3F-01Z-00-DX9.77E9E77B-0A41-4045-A1EE-19FEC7259910.svs,TCGA-G2-AA3F-01Z-00-DX9.77E9E77B-0A41-4045-A1EE-19FEC7259910.svs,77e9e77b-0a41-4045-a1ee-19fec7259910,TCGA-G2-AA3F,TCGA-G2-AA3F-01,9883c38f-87bf-4421-bfc0-1b1001f8159c,1,mutant,1,Frame_Shift_Ins,1,0,released
331565ba-52f8-41a6-a94e-b0db08e80ef2,TCGA-GC-A3BM-01Z-00-DX1.8880FA8C-8607-4C55-A619-2C8D7F2866EF.svs,TCGA-GC-A3BM-01Z-00-DX1.8880FA8C-8607-4C55-A619-2C8D7F2866EF.svs,8880fa8c-8607-4c55-a619-2c8d7f2866ef,TCGA-GC-A3BM,TCGA-GC-A3BM-01,7840aea9-40c4-473e-be33-8fa0b9f332c9,0,wildtype,0,,0,0,released
73bb9584-c45b-4a00-90c8-9ccdac214839,TCGA-GC-A3I6-01Z-00-DX1.47650F7B-0AD3-49C9-AB9E-40383C7D07AC.svs,TCGA-GC-A3I6-01Z-00-DX1.47650F7B-0AD3-49C9-AB9E-40383C7D07AC.svs,47650f7b-0ad3-49c9-ab9e-40383c7d07ac,TCGA-GC-A3I6,TCGA-GC-A3I6-01,74cbb078-9aae-422a-a7af-dd29ebca949e,0,wildtype,0,,0,0,released
9149c5d8-167e-42c2-bc7a-7824bc092a71,TCGA-GC-A3OO-01Z-00-DX1.F2A671AF-74E6-4F9B-8ABC-6A10EB1F68A8.svs,TCGA-GC-A3OO-01Z-00-DX1.F2A671AF-74E6-4F9B-8ABC-6A10EB1F68A8.svs,f2a671af-74e6-4f9b-8abc-6a10eb1f68a8,TCGA-GC-A3OO,TCGA-GC-A3OO-01,1ff60fd9-3ca3-43be-92a8-8dba2cd4d4df,1,mutant,1,Missense_Mutation,1,0,released
4387e934-386f-4d15-88f1-473a0caa9255,TCGA-GC-A3RB-01Z-00-DX1.C0011A55-EA8A-436B-BBCA-342B96803B22.svs,TCGA-GC-A3RB-01Z-00-DX1.C0011A55-EA8A-436B-BBCA-342B96803B22.svs,c0011a55-ea8a-436b-bbca-342b96803b22,TCGA-GC-A3RB,TCGA-GC-A3RB-01,a0bcf1b1-4dd4-4d7f-b63e-b49296671451,1,mutant,1,Frame_Shift_Ins,1,0,released
567ae686-923d-4943-816b-a15bcf49f49f,TCGA-GC-A3RC-01Z-00-DX1.DC4B31BC-5C7F-421A-88CD-38428051A653.svs,TCGA-GC-A3RC-01Z-00-DX1.DC4B31BC-5C7F-421A-88CD-38428051A653.svs,dc4b31bc-5c7f-421a-88cd-38428051a653,TCGA-GC-A3RC,TCGA-GC-A3RC-01,bd7f2c90-863e-4380-ad31-8755bcb2f975,1,mutant,1,Frame_Shift_Del,1,0,released
7932d218-6e68-4cad-872f-51410ecbdec2,TCGA-GC-A3RD-01Z-00-DX1.40B5E97D-B45F-4C93-A41B-0F17B757491B.svs,TCGA-GC-A3RD-01Z-00-DX1.40B5E97D-B45F-4C93-A41B-0F17B757491B.svs,40b5e97d-b45f-4c93-a41b-0f17b757491b,TCGA-GC-A3RD,TCGA-GC-A3RD-01,6a2155b3-915c-41b1-b730-32e55e0c1fbd,0,wildtype,0,,0,0,released
1894f84f-056c-438d-b220-afe3298b779e,TCGA-GC-A3WC-01Z-00-DX1.D8F5CD43-7338-414C-ADE8-AC0BBC6A871C.svs,TCGA-GC-A3WC-01Z-00-DX1.D8F5CD43-7338-414C-ADE8-AC0BBC6A871C.svs,d8f5cd43-7338-414c-ade8-ac0bbc6a871c,TCGA-GC-A3WC,TCGA-GC-A3WC-01,db52c68a-ed44-4ec4-9381-d75f9bcbc29a,1,mutant,1,Missense_Mutation;Nonsense_Mutation,1,0,released
da29b24a-5d25-4604-83af-687d47a7d59b,TCGA-GC-A3YS-01Z-00-DX1.97B4664A-9D8B-460D-B4A4-89855D3DB0C2.svs,TCGA-GC-A3YS-01Z-00-DX1.97B4664A-9D8B-460D-B4A4-89855D3DB0C2.svs,97b4664a-9d8b-460d-b4a4-89855d3db0c2,TCGA-GC-A3YS,TCGA-GC-A3YS-01,4d323b18-ce5a-4516-862d-7ed1fdf1f008,1,mutant,1,Missense_Mutation,1,0,released
c9a607ab-ddef-4af5-9858-77ba98dc2483,TCGA-GC-A4ZW-01Z-00-DX1.6ECD07FB-AE2C-4A04-812F-F5FB2B31F820.svs,TCGA-GC-A4ZW-01Z-00-DX1.6ECD07FB-AE2C-4A04-812F-F5FB2B31F820.svs,6ecd07fb-ae2c-4a04-812f-f5fb2b31f820,TCGA-GC-A4ZW,TCGA-GC-A4ZW-01,a9e17a7d-7ff4-44e3-b8c9-b0d2f46b6cd5,1,mutant,1,Missense_Mutation,1,0,released
37a099ab-14d1-41c1-aa40-c823bba83dce,TCGA-GC-A6I1-01Z-00-DX1.2AD569EC-372B-4B72-A222-924091ADEE99.svs,TCGA-GC-A6I1-01Z-00-DX1.2AD569EC-372B-4B72-A222-924091ADEE99.svs,2ad569ec-372b-4b72-a222-924091adee99,TCGA-GC-A6I1,TCGA-GC-A6I1-01,54c04bcc-ebd5-461e-bbd5-b4d791b00c95,1,mutant,1,Missense_Mutation,1,0,released
56b303fd-0e87-46ae-a503-e3fc750444bf,TCGA-GC-A6I3-01Z-00-DX1.1B3D09B9-14FB-4236-9354-3E5CC59354A7.svs,TCGA-GC-A6I3-01Z-00-DX1.1B3D09B9-14FB-4236-9354-3E5CC59354A7.svs,1b3d09b9-14fb-4236-9354-3e5cc59354a7,TCGA-GC-A6I3,TCGA-GC-A6I3-01,acf6bdf3-6349-49dc-b99a-4eda648eeac5,1,mutant,1,Missense_Mutation,1,0,released
d8da6202-ec4b-4390-aa8a-0e1ebb8e7e37,TCGA-GD-A2C5-01Z-00-DX1.3A81505E-5BF9-466C-938B-28909CD88193.svs,TCGA-GD-A2C5-01Z-00-DX1.3A81505E-5BF9-466C-938B-28909CD88193.svs,3a81505e-5bf9-466c-938b-28909cd88193,TCGA-GD-A2C5,TCGA-GD-A2C5-01,5d54c742-5a8e-4c40-8d62-95e75e210ab8,1,mutant,1,Missense_Mutation,1,0,released
3959844c-4738-495e-b504-a174274f9ebd,TCGA-GD-A3OP-01Z-00-DX1.A1D66E35-8E4D-4420-AD57-D45016D016D5.svs,TCGA-GD-A3OP-01Z-00-DX1.A1D66E35-8E4D-4420-AD57-D45016D016D5.svs,a1d66e35-8e4d-4420-ad57-d45016d016d5,TCGA-GD-A3OP,TCGA-GD-A3OP-01,31da07bb-6752-49a3-a7ea-5427c04a9458,0,wildtype,0,,0,0,released
e76f8751-806c-4219-a791-278e34746838,TCGA-GD-A3OQ-01Z-00-DX1.ED8C9F09-57A9-4915-950A-A61FE2FE8538.svs,TCGA-GD-A3OQ-01Z-00-DX1.ED8C9F09-57A9-4915-950A-A61FE2FE8538.svs,ed8c9f09-57a9-4915-950a-a61fe2fe8538,TCGA-GD-A3OQ,TCGA-GD-A3OQ-01,2e85c30c-c4c4-4096-9eef-4eb2c7d991a3,0,wildtype,0,,0,0,released
e821e831-89c4-49bb-8f48-98e81f06769e,TCGA-GD-A3OS-01Z-00-DX1.5EA796F4-E7F3-4421-BDEA-522BED020B5B.svs,TCGA-GD-A3OS-01Z-00-DX1.5EA796F4-E7F3-4421-BDEA-522BED020B5B.svs,5ea796f4-e7f3-4421-bdea-522bed020b5b,TCGA-GD-A3OS,TCGA-GD-A3OS-01,2a41b7d4-132f-4fb6-87b5-487c445379c7,1,mutant,1,Missense_Mutation,1,0,released
d000f2e5-5fd7-4b7d-8bdd-f1278e671846,TCGA-GD-A6C6-01Z-00-DX1.5C5F2FA2-6284-4DD8-BE73-D13A88988640.svs,TCGA-GD-A6C6-01Z-00-DX1.5C5F2FA2-6284-4DD8-BE73-D13A88988640.svs,5c5f2fa2-6284-4dd8-be73-d13a88988640,TCGA-GD-A6C6,TCGA-GD-A6C6-01,aadcf26b-c398-489f-a86a-e8db1b5db456,1,mutant,1,Missense_Mutation,1,0,released
f1815d1c-8619-4edb-985b-8dec13549e0a,TCGA-GD-A76B-01Z-00-DX1.C299842E-F204-4071-AD72-1E1A303B396B.svs,TCGA-GD-A76B-01Z-00-DX1.C299842E-F204-4071-AD72-1E1A303B396B.svs,c299842e-f204-4071-ad72-1e1a303b396b,TCGA-GD-A76B,TCGA-GD-A76B-01,6c1ffaf7-fdae-4ab0-8dd1-6738937357ba,0,wildtype,0,,0,0,released
6f296ffd-10fd-4b2c-bf5b-8f36f190fd89,TCGA-GU-A42P-01Z-00-DX1.3A4A8614-693F-452C-BB2C-AD16D5AC6F12.svs,TCGA-GU-A42P-01Z-00-DX1.3A4A8614-693F-452C-BB2C-AD16D5AC6F12.svs,3a4a8614-693f-452c-bb2c-ad16d5ac6f12,TCGA-GU-A42P,TCGA-GU-A42P-01,ff5b9238-38a7-42b4-9d44-3b8ec9913f6d,1,mutant,1,Missense_Mutation,1,0,released
f52e00a3-b6b6-4774-a44e-dece0cdfe9d0,TCGA-GU-A42P-01Z-00-DX2.3A4A8614-693F-452C-BB2C-AD16D5AC6F12.svs,TCGA-GU-A42P-01Z-00-DX2.3A4A8614-693F-452C-BB2C-AD16D5AC6F12.svs,3a4a8614-693f-452c-bb2c-ad16d5ac6f12,TCGA-GU-A42P,TCGA-GU-A42P-01,ff5b9238-38a7-42b4-9d44-3b8ec9913f6d,1,mutant,1,Missense_Mutation,1,0,released
c4a5bac4-0fa9-4e80-92d5-adcb21be1624,TCGA-GU-A42Q-01Z-00-DX1.91D8B0D2-538F-4411-9B3C-0E1FAE1A0606.svs,TCGA-GU-A42Q-01Z-00-DX1.91D8B0D2-538F-4411-9B3C-0E1FAE1A0606.svs,91d8b0d2-538f-4411-9b3c-0e1fae1a0606,TCGA-GU-A42Q,TCGA-GU-A42Q-01,9c46846e-7f66-4936-af97-50a7b8189d84,1,mutant,1,Splice_Site,1,0,released
73ecb0cf-3ffd-41a8-8a2b-87f40d3fb52e,TCGA-GU-A42Q-01Z-00-DX2.91D8B0D2-538F-4411-9B3C-0E1FAE1A0606.svs,TCGA-GU-A42Q-01Z-00-DX2.91D8B0D2-538F-4411-9B3C-0E1FAE1A0606.svs,91d8b0d2-538f-4411-9b3c-0e1fae1a0606,TCGA-GU-A42Q,TCGA-GU-A42Q-01,9c46846e-7f66-4936-af97-50a7b8189d84,1,mutant,1,Splice_Site,1,0,released
370dee3e-177c-49d1-a0b7-83745c0a1006,TCGA-GU-A42R-01Z-00-DX1.1A14BFD8-DE37-4D10-ACB6-317ECEB930CA.svs,TCGA-GU-A42R-01Z-00-DX1.1A14BFD8-DE37-4D10-ACB6-317ECEB930CA.svs,1a14bfd8-de37-4d10-acb6-317eceb930ca,TCGA-GU-A42R,TCGA-GU-A42R-01,0691b8c5-6244-407c-8601-fa1bda01ff2a,0,wildtype,0,,0,0,released
87bc45f8-a87c-4f9d-a11e-931aa000411f,TCGA-GU-A42R-01Z-00-DX2.B54CCE4D-E4DE-473B-B7C6-5A349FD7F55C.svs,TCGA-GU-A42R-01Z-00-DX2.B54CCE4D-E4DE-473B-B7C6-5A349FD7F55C.svs,b54cce4d-e4de-473b-b7c6-5a349fd7f55c,TCGA-GU-A42R,TCGA-GU-A42R-01,0691b8c5-6244-407c-8601-fa1bda01ff2a,0,wildtype,0,,0,0,released
d52f7749-c610-404e-9685-ad3f58ae4f60,TCGA-GU-A762-01Z-00-DX1.F01B133E-3744-4430-9752-FDD25EEF58A3.svs,TCGA-GU-A762-01Z-00-DX1.F01B133E-3744-4430-9752-FDD25EEF58A3.svs,f01b133e-3744-4430-9752-fdd25eef58a3,TCGA-GU-A762,TCGA-GU-A762-01,6a1eee8d-cf62-47e9-9322-c18633cb3ee9,1,mutant,1,Missense_Mutation;Silent,0,1,released
eae2a9ba-92e6-4ac2-a986-485d0e2b918c,TCGA-GU-A763-01Z-00-DX1.2B511825-320B-48D7-B8D6-D97894C02667.svs,TCGA-GU-A763-01Z-00-DX1.2B511825-320B-48D7-B8D6-D97894C02667.svs,2b511825-320b-48d7-b8d6-d97894c02667,TCGA-GU-A763,TCGA-GU-A763-01,f632bc31-3aa0-4783-b10b-818ecb26d40b,0,wildtype,0,,0,0,released
d1022a5b-0c24-4717-9253-8999a02fdde5,TCGA-GU-A764-01Z-00-DX1.213E1BDD-33DE-454E-BE79-940E5D793D42.svs,TCGA-GU-A764-01Z-00-DX1.213E1BDD-33DE-454E-BE79-940E5D793D42.svs,213e1bdd-33de-454e-be79-940e5d793d42,TCGA-GU-A764,TCGA-GU-A764-01,20ebeff1-e5a7-423a-be93-e7ebb82438ac,1,mutant,1,Missense_Mutation,1,0,released
85cf6ab2-a779-4549-8ead-e656439e5324,TCGA-GU-A766-01Z-00-DX1.72BD6744-E817-4B15-BF58-64BDBC1943FF.svs,TCGA-GU-A766-01Z-00-DX1.72BD6744-E817-4B15-BF58-64BDBC1943FF.svs,72bd6744-e817-4b15-bf58-64bdbc1943ff,TCGA-GU-A766,TCGA-GU-A766-01,e7680a8e-1c0e-426b-abd8-d0d8e7d0e5aa,1,mutant,1,Nonsense_Mutation,1,0,released
46287972-dac2-4928-902a-a3f47a4c7b84,TCGA-GU-A767-01Z-00-DX1.A8B13490-D25A-45E1-A2D8-02125DB3A6B2.svs,TCGA-GU-A767-01Z-00-DX1.A8B13490-D25A-45E1-A2D8-02125DB3A6B2.svs,a8b13490-d25a-45e1-a2d8-02125db3a6b2,TCGA-GU-A767,TCGA-GU-A767-01,bfaba069-0914-46b4-927d-b5ea3a4a341f,1,mutant,1,Missense_Mutation,0,1,released
cec56b4e-1f3c-48d3-81b5-a7c15984949a,TCGA-GU-AATO-01Z-00-DX1.1F0F2098-E4DF-4AA3-819E-E0DE23C5A0BE.svs,TCGA-GU-AATO-01Z-00-DX1.1F0F2098-E4DF-4AA3-819E-E0DE23C5A0BE.svs,1f0f2098-e4df-4aa3-819e-e0de23c5a0be,TCGA-GU-AATO,TCGA-GU-AATO-01,cd20b968-b348-44eb-9cdb-f557af8fb468,1,mutant,1,Missense_Mutation,1,0,released
3f478839-9a81-40d3-b8b6-6fcc1f135bb6,TCGA-GU-AATP-01Z-00-DX1.0D8EC37C-88E7-49D5-A76D-F0A4A3FD8AE4.svs,TCGA-GU-AATP-01Z-00-DX1.0D8EC37C-88E7-49D5-A76D-F0A4A3FD8AE4.svs,0d8ec37c-88e7-49d5-a76d-f0a4a3fd8ae4,TCGA-GU-AATP,TCGA-GU-AATP-01,3b16881a-88c2-4048-b78f-e3e183503f70,1,mutant,1,Frame_Shift_Del,1,0,released
74f12cb9-88c6-407f-aa54-ec90b41a6cca,TCGA-GU-AATQ-01Z-00-DX1.6D436809-1238-44CA-9CFC-03DC2277C192.svs,TCGA-GU-AATQ-01Z-00-DX1.6D436809-1238-44CA-9CFC-03DC2277C192.svs,6d436809-1238-44ca-9cfc-03dc2277c192,TCGA-GU-AATQ,TCGA-GU-AATQ-01,aff1533b-486e-40b5-a35a-cfaac5823706,0,wildtype,0,,0,0,released
2011bccc-dfb3-43be-b34a-39fff2696aac,TCGA-GV-A3JV-01Z-00-DX1.F071374F-1290-4A36-9466-D6F1F3EBC17E.svs,TCGA-GV-A3JV-01Z-00-DX1.F071374F-1290-4A36-9466-D6F1F3EBC17E.svs,f071374f-1290-4a36-9466-d6f1f3ebc17e,TCGA-GV-A3JV,TCGA-GV-A3JV-01,01ee41ef-1894-4408-9e96-a22a1f068190,0,wildtype,0,,0,0,released
b9a11d78-cbe1-4b1b-8c04-9946c01070da,TCGA-GV-A3JW-01Z-00-DX1.152AD6E5-D30A-4D94-A793-3DDF3828625C.svs,TCGA-GV-A3JW-01Z-00-DX1.152AD6E5-D30A-4D94-A793-3DDF3828625C.svs,152ad6e5-d30a-4d94-a793-3ddf3828625c,TCGA-GV-A3JW,TCGA-GV-A3JW-01,3d644eaf-82fc-4bc7-93b7-3e600e8c6511,1,mutant,1,Missense_Mutation,1,0,released
81e6e9e0-dba8-41b7-86d8-ef96a2f049dd,TCGA-GV-A3JX-01Z-00-DX1.36A00B8A-662D-43EE-AB52-CBBBF373BCFF.svs,TCGA-GV-A3JX-01Z-00-DX1.36A00B8A-662D-43EE-AB52-CBBBF373BCFF.svs,36a00b8a-662d-43ee-ab52-cbbbf373bcff,TCGA-GV-A3JX,TCGA-GV-A3JX-01,d9dcbb57-f6c2-4465-8a60-afe876e113ca,1,mutant,1,Missense_Mutation,1,0,released
19150ebd-c62d-4bcd-8fbb-f87c46321831,TCGA-GV-A3JZ-01Z-00-DX1.5DFDE227-D52D-481F-A8D8-28DF25096BD9.svs,TCGA-GV-A3JZ-01Z-00-DX1.5DFDE227-D52D-481F-A8D8-28DF25096BD9.svs,5dfde227-d52d-481f-a8d8-28df25096bd9,TCGA-GV-A3JZ,TCGA-GV-A3JZ-01,9cc92795-7a24-4875-87f0-3efccbfcc970,1,mutant,1,Nonsense_Mutation,1,0,released
72d6a242-aade-4b45-8722-8bc90d03b120,TCGA-GV-A3QF-01Z-00-DX1.C59696CF-C415-46AD-B6D6-70A022AC10FA.svs,TCGA-GV-A3QF-01Z-00-DX1.C59696CF-C415-46AD-B6D6-70A022AC10FA.svs,c59696cf-c415-46ad-b6d6-70a022ac10fa,TCGA-GV-A3QF,TCGA-GV-A3QF-01,47990d5e-a0e1-4752-86f5-4f5b84e219df,0,wildtype,0,,0,0,released
e67f2fee-f3a9-499f-baa6-df6934c5d252,TCGA-GV-A3QG-01Z-00-DX1.4A550B20-2A4C-48E5-BFE2-6EBBC59E4041.svs,TCGA-GV-A3QG-01Z-00-DX1.4A550B20-2A4C-48E5-BFE2-6EBBC59E4041.svs,4a550b20-2a4c-48e5-bfe2-6ebbc59e4041,TCGA-GV-A3QG,TCGA-GV-A3QG-01,79f23a0e-5aae-4618-8191-7dd7c0552408,0,wildtype,0,,0,0,released
8ee271d5-7c0d-4650-965c-e525a6a805f9,TCGA-GV-A3QH-01Z-00-DX1.A87C25E1-8199-4557-944B-9ABD1A70ADE9.svs,TCGA-GV-A3QH-01Z-00-DX1.A87C25E1-8199-4557-944B-9ABD1A70ADE9.svs,a87c25e1-8199-4557-944b-9abd1a70ade9,TCGA-GV-A3QH,TCGA-GV-A3QH-01,33bc6a7c-9844-41e3-96b3-1e34bb3fedd5,1,mutant,1,Missense_Mutation,1,0,released
1632e102-c64c-4623-bc96-a4c4c96519af,TCGA-GV-A3QI-01Z-00-DX1.0B9889AC-06C7-405F-B300-D93EB0F19D9A.svs,TCGA-GV-A3QI-01Z-00-DX1.0B9889AC-06C7-405F-B300-D93EB0F19D9A.svs,0b9889ac-06c7-405f-b300-d93eb0f19d9a,TCGA-GV-A3QI,TCGA-GV-A3QI-01,06f936e9-5a90-40d3-b91a-713f2b4e6e11,0,wildtype,0,,0,0,released
525b50d6-f4c7-4573-b86e-5d878b69b44e,TCGA-GV-A3QK-01Z-00-DX1.DACDDD23-0DD8-44EC-9FE2-945ADEA8AC43.svs,TCGA-GV-A3QK-01Z-00-DX1.DACDDD23-0DD8-44EC-9FE2-945ADEA8AC43.svs,dacddd23-0dd8-44ec-9fe2-945adea8ac43,TCGA-GV-A3QK,TCGA-GV-A3QK-01,9ee8e704-c61d-413d-b69d-257ef829fdae,0,wildtype,0,,0,0,released
8d0e593f-adbb-4b56-a5e0-3821cf2a6f50,TCGA-GV-A40E-01Z-00-DX1.6313DD1A-6E65-4775-82DC-58AD4EF81D32.svs,TCGA-GV-A40E-01Z-00-DX1.6313DD1A-6E65-4775-82DC-58AD4EF81D32.svs,6313dd1a-6e65-4775-82dc-58ad4ef81d32,TCGA-GV-A40E,TCGA-GV-A40E-01,aa6142af-bad7-493c-98a0-fd070de39073,0,wildtype,0,,0,0,released
a6b073a9-9226-4907-9edb-90070c68ae60,TCGA-GV-A40G-01Z-00-DX1.AD1A709F-A10C-4E69-B4ED-6361777361FD.svs,TCGA-GV-A40G-01Z-00-DX1.AD1A709F-A10C-4E69-B4ED-6361777361FD.svs,ad1a709f-a10c-4e69-b4ed-6361777361fd,TCGA-GV-A40G,TCGA-GV-A40G-01,10422fe9-8d70-40a9-9875-3fe9fab68823,1,mutant,1,Missense_Mutation,1,0,released
4fedbe5c-ffad-4680-a465-a2d55178b4c7,TCGA-GV-A6ZA-01Z-00-DX1.6EBD225D-5EE2-4F0A-BC07-1EF5CEBFE25A.svs,TCGA-GV-A6ZA-01Z-00-DX1.6EBD225D-5EE2-4F0A-BC07-1EF5CEBFE25A.svs,6ebd225d-5ee2-4f0a-bc07-1ef5cebfe25a,TCGA-GV-A6ZA,TCGA-GV-A6ZA-01,f5c187ef-dc08-4466-932a-43aa33285673,0,wildtype,0,,0,0,released
6c8f2140-8032-45cc-8124-d6043a013e2e,TCGA-H4-A2HO-01Z-00-DX1.37FB76BF-EA5F-430D-89A4-8789ECACC5DB.svs,TCGA-H4-A2HO-01Z-00-DX1.37FB76BF-EA5F-430D-89A4-8789ECACC5DB.svs,37fb76bf-ea5f-430d-89a4-8789ecacc5db,TCGA-H4-A2HO,TCGA-H4-A2HO-01,86d1e388-b30f-48fd-9647-3848eb6134f1,0,wildtype,0,,0,0,released
28151db1-4909-4a7b-85e0-6d279d8e4bf9,TCGA-H4-A2HQ-01Z-00-DX1.DFBDDFDD-0C65-4130-96F5-4E3838190D13.svs,TCGA-H4-A2HQ-01Z-00-DX1.DFBDDFDD-0C65-4130-96F5-4E3838190D13.svs,dfbddfdd-0c65-4130-96f5-4e3838190d13,TCGA-H4-A2HQ,TCGA-H4-A2HQ-01,cede5274-279d-4021-8aca-5ecc4bf94d66,0,wildtype,0,,0,0,released
f877e4f3-a467-4cb8-af27-d91f9565447a,TCGA-HQ-A2OE-01Z-00-DX1.6F764592-DFDC-4636-BE91-3F1F92EE5A65.svs,TCGA-HQ-A2OE-01Z-00-DX1.6F764592-DFDC-4636-BE91-3F1F92EE5A65.svs,6f764592-dfdc-4636-be91-3f1f92ee5a65,TCGA-HQ-A2OE,TCGA-HQ-A2OE-01,353c5fcc-9c6a-4ac6-99dc-fb4573b2ae6c,0,wildtype,0,,0,0,released
5e4ef3f3-5617-45bc-95ee-13fd5c6d0767,TCGA-HQ-A2OF-01Z-00-DX1.6D50B772-71C3-40C3-94CF-969946799028.svs,TCGA-HQ-A2OF-01Z-00-DX1.6D50B772-71C3-40C3-94CF-969946799028.svs,6d50b772-71c3-40c3-94cf-969946799028,TCGA-HQ-A2OF,TCGA-HQ-A2OF-01,691adaa9-196a-4b62-9437-640c4ae6e2b2,1,mutant,1,Missense_Mutation,1,0,released
1daf9920-afc4-4cf9-8286-cc52fb7015d3,TCGA-HQ-A5ND-01Z-00-DX1.EDDFB95C-827E-4533-B49A-56612BC4D9DD.svs,TCGA-HQ-A5ND-01Z-00-DX1.EDDFB95C-827E-4533-B49A-56612BC4D9DD.svs,eddfb95c-827e-4533-b49a-56612bc4d9dd,TCGA-HQ-A5ND,TCGA-HQ-A5ND-01,001944e5-af34-4061-9c09-bb9ea346f6fd,1,mutant,1,Frame_Shift_Del,1,0,released
c3b21f63-5c8a-4610-951f-ed62643fd355,TCGA-HQ-A5NE-01Z-00-DX1.8046B606-085B-406F-A8D7-92A3E021020A.svs,TCGA-HQ-A5NE-01Z-00-DX1.8046B606-085B-406F-A8D7-92A3E021020A.svs,8046b606-085b-406f-a8d7-92a3e021020a,TCGA-HQ-A5NE,TCGA-HQ-A5NE-01,e053a911-2202-4c1f-bc93-904e26564e79,1,mutant,1,Missense_Mutation,1,0,released
54aff8ec-3b62-461c-8b7a-684049220218,TCGA-K4-A3WS-01Z-00-DX1.6814457F-C30E-4B3D-BA37-B701FF591BFE.svs,TCGA-K4-A3WS-01Z-00-DX1.6814457F-C30E-4B3D-BA37-B701FF591BFE.svs,6814457f-c30e-4b3d-ba37-b701ff591bfe,TCGA-K4-A3WS,TCGA-K4-A3WS-01,68adacd1-a16e-4489-9e68-792a6bd8811c,0,wildtype,0,,0,0,released
28b616ba-ca7c-4b63-b79a-f5754623e2d0,TCGA-K4-A3WU-01Z-00-DX1.DD4CA7B4-7950-4B7A-820A-74C763AFAE65.svs,TCGA-K4-A3WU-01Z-00-DX1.DD4CA7B4-7950-4B7A-820A-74C763AFAE65.svs,dd4ca7b4-7950-4b7a-820a-74c763afae65,TCGA-K4-A3WU,TCGA-K4-A3WU-01,9aa6522a-120a-4691-993e-3f8534f644b5,0,wildtype,0,,0,0,released
d84d8685-5024-4d20-a515-c0c71062f53d,TCGA-K4-A3WV-01Z-00-DX1.F44E3C25-920C-4730-9019-D1E993121F08.svs,TCGA-K4-A3WV-01Z-00-DX1.F44E3C25-920C-4730-9019-D1E993121F08.svs,f44e3c25-920c-4730-9019-d1e993121f08,TCGA-K4-A3WV,TCGA-K4-A3WV-01,d53eade8-a845-4252-aece-92f3573486a7,0,wildtype,0,,0,0,released
137371e4-6683-40c0-9691-18da54bd1180,TCGA-K4-A4AB-01Z-00-DX1.88A9D084-1B3B-4B13-AAD7-18C6587624C0.svs,TCGA-K4-A4AB-01Z-00-DX1.88A9D084-1B3B-4B13-AAD7-18C6587624C0.svs,88a9d084-1b3b-4b13-aad7-18c6587624c0,TCGA-K4-A4AB,TCGA-K4-A4AB-01,8b7556ed-2dab-4180-af5b-0e113e26b36e,1,mutant,1,Nonsense_Mutation,1,0,released
e8ce5641-a19a-43c8-9c89-2ee6a70a2511,TCGA-K4-A4AC-01Z-00-DX1.DED1674F-953D-40DB-85AE-9CD595248EC7.svs,TCGA-K4-A4AC-01Z-00-DX1.DED1674F-953D-40DB-85AE-9CD595248EC7.svs,ded1674f-953d-40db-85ae-9cd595248ec7,TCGA-K4-A4AC,TCGA-K4-A4AC-01,2088ac24-a8b4-49af-a954-2b78b88a6f66,1,mutant,1,Missense_Mutation,1,0,released
31c1fd59-488f-499c-bdf8-6b18ce103c53,TCGA-K4-A54R-01Z-00-DX1.66AAF596-8C68-4857-9944-226F39E82CA8.svs,TCGA-K4-A54R-01Z-00-DX1.66AAF596-8C68-4857-9944-226F39E82CA8.svs,66aaf596-8c68-4857-9944-226f39e82ca8,TCGA-K4-A54R,TCGA-K4-A54R-01,52fddd92-fa5e-4fac-8e44-e64c98c84f86,1,mutant,1,Frame_Shift_Del;Missense_Mutation,1,0,released
5b4088fa-6828-4cd3-aedd-cbd6f07a2d9c,TCGA-K4-A5RH-01Z-00-DX1.8AA2FC59-CDA4-49F5-BAB7-B14B6792FAF8.svs,TCGA-K4-A5RH-01Z-00-DX1.8AA2FC59-CDA4-49F5-BAB7-B14B6792FAF8.svs,8aa2fc59-cda4-49f5-bab7-b14b6792faf8,TCGA-K4-A5RH,TCGA-K4-A5RH-01,eeca58fe-b5cb-4d13-a93f-a5a2ca00b6e2,1,mutant,1,Missense_Mutation,1,0,released
227e3588-7740-4941-8966-cd5276564199,TCGA-K4-A5RI-01Z-00-DX1.A56C3CF4-543E-46D6-BA50-52A4C790FAE8.svs,TCGA-K4-A5RI-01Z-00-DX1.A56C3CF4-543E-46D6-BA50-52A4C790FAE8.svs,a56c3cf4-543e-46d6-ba50-52a4c790fae8,TCGA-K4-A5RI,TCGA-K4-A5RI-01,32efe5e2-e037-4547-8ead-619f61647639,1,mutant,1,Missense_Mutation,1,0,released
e4aaffe6-5149-4f39-aaff-1a787d8d82cb,TCGA-K4-A5RJ-01Z-00-DX1.DFDDA8B5-E80F-4BF9-87E3-EA75E294ABF5.svs,TCGA-K4-A5RJ-01Z-00-DX1.DFDDA8B5-E80F-4BF9-87E3-EA75E294ABF5.svs,dfdda8b5-e80f-4bf9-87e3-ea75e294abf5,TCGA-K4-A5RJ,TCGA-K4-A5RJ-01,5a25658c-2436-4a47-8902-8a2cf4a1c20d,1,mutant,1,Nonsense_Mutation,1,0,released
9d67f77c-5c54-4f11-a371-0309027c81fe,TCGA-K4-A6FZ-01Z-00-DX1.E4BB7534-1719-45C7-8E0F-78558DB9AD37.svs,TCGA-K4-A6FZ-01Z-00-DX1.E4BB7534-1719-45C7-8E0F-78558DB9AD37.svs,e4bb7534-1719-45c7-8e0f-78558db9ad37,TCGA-K4-A6FZ,TCGA-K4-A6FZ-01,610811d5-e45e-4a4f-bdc1-8d700efd6e43,1,mutant,1,Missense_Mutation,1,0,released
471a8da1-a4a0-4d44-9c73-4f64207f2eba,TCGA-K4-A6MB-01Z-00-DX1.4A6009D3-05D9-4E8B-8EB2-4A52B5B6FED8.svs,TCGA-K4-A6MB-01Z-00-DX1.4A6009D3-05D9-4E8B-8EB2-4A52B5B6FED8.svs,4a6009d3-05d9-4e8b-8eb2-4a52b5b6fed8,TCGA-K4-A6MB,TCGA-K4-A6MB-01,661d7b4a-a2b2-4251-b464-292421665948,1,mutant,1,Nonsense_Mutation,1,0,released
5866d3b8-dd86-4677-bc99-9763a11e4fac,TCGA-K4-A83P-01Z-00-DX1.6B9251BD-650E-4F69-BE8F-AB0BE5DC90FB.svs,TCGA-K4-A83P-01Z-00-DX1.6B9251BD-650E-4F69-BE8F-AB0BE5DC90FB.svs,6b9251bd-650e-4f69-be8f-ab0be5dc90fb,TCGA-K4-A83P,TCGA-K4-A83P-01,aa14ffb4-a715-4636-8251-73d019dddd8c,0,wildtype,0,,0,0,released
2a715872-b134-4026-ad17-f70e0a187e1e,TCGA-K4-AAQO-01Z-00-DX1.7533831F-414B-4BA5-9CDA-D8B24E579962.svs,TCGA-K4-AAQO-01Z-00-DX1.7533831F-414B-4BA5-9CDA-D8B24E579962.svs,7533831f-414b-4ba5-9cda-d8b24e579962,TCGA-K4-AAQO,TCGA-K4-AAQO-01,383bf27a-9216-492e-b4bd-2b4eef8278de,1,mutant,1,Missense_Mutation,0,1,released
8407a60b-849f-413f-b07f-73e18c9a3d9b,TCGA-LC-A66R-01Z-00-DX1.9D753031-E31A-4E0E-B937-E0D3C47CFFB9.svs,TCGA-LC-A66R-01Z-00-DX1.9D753031-E31A-4E0E-B937-E0D3C47CFFB9.svs,9d753031-e31a-4e0e-b937-e0d3c47cffb9,TCGA-LC-A66R,TCGA-LC-A66R-01,39fdc742-8bdb-4e77-b20b-0f967a75e659,1,mutant,1,Nonsense_Mutation,1,0,released
75cf192c-9ade-4c0e-9b25-3cdb051a4efb,TCGA-LT-A5Z6-01Z-00-DX1.F547947F-DDB8-4DFF-B08E-FB494F7F044B.svs,TCGA-LT-A5Z6-01Z-00-DX1.F547947F-DDB8-4DFF-B08E-FB494F7F044B.svs,f547947f-ddb8-4dff-b08e-fb494f7f044b,TCGA-LT-A5Z6,TCGA-LT-A5Z6-01,ec7fc492-53cc-4b71-a66a-1cef1adeba33,1,mutant,1,Nonsense_Mutation,1,0,released
9f5537d2-cff7-4602-8c41-fd6bc2e223b8,TCGA-LT-A8JT-01Z-00-DX1.8D04BB53-EEA9-401B-B92E-8EB9DEEE7E4E.svs,TCGA-LT-A8JT-01Z-00-DX1.8D04BB53-EEA9-401B-B92E-8EB9DEEE7E4E.svs,8d04bb53-eea9-401b-b92e-8eb9deee7e4e,TCGA-LT-A8JT,TCGA-LT-A8JT-01,6aa72ca1-b378-4db4-b4ef-b12386683d1f,0,wildtype,0,,0,0,released
67f49f95-8307-4157-b575-ec96bee225a8,TCGA-MV-A51V-01Z-00-DX1.5D626704-0803-4912-96D5-FB1EEFA509FB.svs,TCGA-MV-A51V-01Z-00-DX1.5D626704-0803-4912-96D5-FB1EEFA509FB.svs,5d626704-0803-4912-96d5-fb1eefa509fb,TCGA-MV-A51V,TCGA-MV-A51V-01,d2f329b3-5b44-414b-bccd-7b2d1345d21e,0,wildtype,0,,0,0,released
161318ff-a4df-47fe-a92b-2296c53a16e8,TCGA-PQ-A6FI-01Z-00-DX1.EC3791D8-B5D2-468A-9FB7-D0217CD02DFB.svs,TCGA-PQ-A6FI-01Z-00-DX1.EC3791D8-B5D2-468A-9FB7-D0217CD02DFB.svs,ec3791d8-b5d2-468a-9fb7-d0217cd02dfb,TCGA-PQ-A6FI,TCGA-PQ-A6FI-01,04b9090a-e8ef-4f52-bc52-af90caa84168,1,mutant,1,Missense_Mutation,1,0,released
f99c5d89-4863-4bf3-9832-416dc0efb971,TCGA-PQ-A6FN-01Z-00-DX1.58FC60E8-7386-4E57-804D-6AD103AE0FDC.svs,TCGA-PQ-A6FN-01Z-00-DX1.58FC60E8-7386-4E57-804D-6AD103AE0FDC.svs,58fc60e8-7386-4e57-804d-6ad103ae0fdc,TCGA-PQ-A6FN,TCGA-PQ-A6FN-01,a3c849f2-c006-4368-950d-998a26cd368b,1,mutant,1,Missense_Mutation,1,0,released
5f702dda-53d4-49b5-bde1-bb71a73cdcd7,TCGA-S5-A6DX-01Z-00-DX1.70418D45-0396-4838-BF0C-588C7719A131.svs,TCGA-S5-A6DX-01Z-00-DX1.70418D45-0396-4838-BF0C-588C7719A131.svs,70418d45-0396-4838-bf0c-588c7719a131,TCGA-S5-A6DX,TCGA-S5-A6DX-01,76400a3d-45c4-47f8-bd81-0a345a949a1f,0,wildtype,0,,0,0,released
c3a94d12-ef6a-4664-bff1-c7c87e4d5453,TCGA-S5-AA26-01Z-00-DX1.10D28D0C-D537-485E-A371-E3C60ED66FE7.svs,TCGA-S5-AA26-01Z-00-DX1.10D28D0C-D537-485E-A371-E3C60ED66FE7.svs,10d28d0c-d537-485e-a371-e3c60ed66fe7,TCGA-S5-AA26,TCGA-S5-AA26-01,a540fcec-58a1-4e58-8e0a-8bf73b78e30d,0,wildtype,0,,0,0,released
1e2e6a40-40a4-41c9-8780-1182c6eb1e51,TCGA-SY-A9G0-01Z-00-DX1.6F019857-03C8-4B2B-8892-32CBF3EB303F.svs,TCGA-SY-A9G0-01Z-00-DX1.6F019857-03C8-4B2B-8892-32CBF3EB303F.svs,6f019857-03c8-4b2b-8892-32cbf3eb303f,TCGA-SY-A9G0,TCGA-SY-A9G0-01,423b7fc5-3970-4c96-990d-96ad0842f1eb,0,wildtype,0,,0,0,released
e6ad83af-f9fe-4939-a7c7-9996ac7f9b99,TCGA-SY-A9G5-01Z-00-DX1.CE221A12-59FC-4482-9BD5-7082A2EA4E61.svs,TCGA-SY-A9G5-01Z-00-DX1.CE221A12-59FC-4482-9BD5-7082A2EA4E61.svs,ce221a12-59fc-4482-9bd5-7082a2ea4e61,TCGA-SY-A9G5,TCGA-SY-A9G5-01,7d198ee2-d80a-4759-804f-a7ef85971843,0,wildtype,0,,0,0,released
b7734ac1-103d-4164-b1d1-f28d98c8e1e2,TCGA-UY-A78K-01Z-00-DX1.329D9BFF-A204-4A7D-8767-B39F34179708.svs,TCGA-UY-A78K-01Z-00-DX1.329D9BFF-A204-4A7D-8767-B39F34179708.svs,329d9bff-a204-4a7d-8767-b39f34179708,TCGA-UY-A78K,TCGA-UY-A78K-01,5f587f1b-f835-4869-9e6d-8cb3b9e0610b,1,mutant,1,Missense_Mutation,1,0,released
390c5974-3db1-4e5e-9449-5e8d3efbcb07,TCGA-UY-A78L-01Z-00-DX1.8955EB83-E4AE-452E-8B68-83C4B8BED6D5.svs,TCGA-UY-A78L-01Z-00-DX1.8955EB83-E4AE-452E-8B68-83C4B8BED6D5.svs,8955eb83-e4ae-452e-8b68-83c4b8bed6d5,TCGA-UY-A78L,TCGA-UY-A78L-01,d46f7976-6061-4ca9-8294-6c215703662b,1,mutant,1,Missense_Mutation,1,0,released
caadf3ca-5281-4368-858b-b6c61052bf90,TCGA-UY-A78M-01Z-00-DX1.9C08E77F-E63B-480E-A4D5-1576EF802152.svs,TCGA-UY-A78M-01Z-00-DX1.9C08E77F-E63B-480E-A4D5-1576EF802152.svs,9c08e77f-e63b-480e-a4d5-1576ef802152,TCGA-UY-A78M,TCGA-UY-A78M-01,069b6e47-012c-483e-bee4-36a2a21a3486,1,mutant,1,Missense_Mutation,1,0,released
e50286cb-fe60-48dc-b2e7-998a570e8017,TCGA-UY-A78N-01Z-00-DX1.31873403-A629-4ED9-B2AF-14817689BB3B.svs,TCGA-UY-A78N-01Z-00-DX1.31873403-A629-4ED9-B2AF-14817689BB3B.svs,31873403-a629-4ed9-b2af-14817689bb3b,TCGA-UY-A78N,TCGA-UY-A78N-01,573e124f-98cb-4014-b9d2-0499f7fbdb7a,0,wildtype,0,,1,1,released
4d238d76-2f45-481b-812d-eee79aecdce5,TCGA-UY-A78O-01Z-00-DX1.6DDC084F-A086-4B5B-90B6-9C45E842A5FA.svs,TCGA-UY-A78O-01Z-00-DX1.6DDC084F-A086-4B5B-90B6-9C45E842A5FA.svs,6ddc084f-a086-4b5b-90b6-9c45e842a5fa,TCGA-UY-A78O,TCGA-UY-A78O-01,4319aa02-6d8b-4cb8-b4e4-c4eed1cb2ac7,1,mutant,1,Missense_Mutation,1,0,released
be6bb02f-2cca-4ae3-befd-f17026a90f16,TCGA-UY-A78P-01Z-00-DX1.B6783816-0322-4453-BC80-20ED79A40588.svs,TCGA-UY-A78P-01Z-00-DX1.B6783816-0322-4453-BC80-20ED79A40588.svs,b6783816-0322-4453-bc80-20ed79a40588,TCGA-UY-A78P,TCGA-UY-A78P-01,b8f3d552-2d4b-4dd8-b0e8-6a38e1baa2f3,1,mutant,1,Missense_Mutation,1,0,released
d740293f-b501-4c77-9ed3-48b25621fbf8,TCGA-UY-A8OB-01Z-00-DX1.9DD447FB-44F0-4FFF-8293-9FF0D54A96A0.svs,TCGA-UY-A8OB-01Z-00-DX1.9DD447FB-44F0-4FFF-8293-9FF0D54A96A0.svs,9dd447fb-44f0-4fff-8293-9ff0d54a96a0,TCGA-UY-A8OB,TCGA-UY-A8OB-01,fe33e5e0-a54d-481a-897c-e32b4708da69,1,mutant,1,Frame_Shift_Del,1,0,released
16041bfe-f274-4456-a76a-270663b05e8a,TCGA-UY-A8OC-01Z-00-DX1.EE2DF9C6-3CA9-411D-85D4-D1831F14AAFD.svs,TCGA-UY-A8OC-01Z-00-DX1.EE2DF9C6-3CA9-411D-85D4-D1831F14AAFD.svs,ee2df9c6-3ca9-411d-85d4-d1831f14aafd,TCGA-UY-A8OC,TCGA-UY-A8OC-01,5a0e4dc3-4ec6-4d27-bb7e-1d2221d06d33,0,wildtype,0,,0,0,released
4be09f79-2687-4609-93da-7731437b8d56,TCGA-UY-A8OD-01Z-00-DX1.3985C497-D586-4AB9-A635-63A7946C5A2E.svs,TCGA-UY-A8OD-01Z-00-DX1.3985C497-D586-4AB9-A635-63A7946C5A2E.svs,3985c497-d586-4ab9-a635-63a7946c5a2e,TCGA-UY-A8OD,TCGA-UY-A8OD-01,fa2410b1-4f69-446d-99ee-a10a00034c42,0,wildtype,0,,0,0,released
02f571ca-03e9-40c2-84d0-8b3d4101a3ab,TCGA-UY-A9PA-01Z-00-DX1.A83A79FB-810C-42A4-8EC7-A3328D79542D.svs,TCGA-UY-A9PA-01Z-00-DX1.A83A79FB-810C-42A4-8EC7-A3328D79542D.svs,a83a79fb-810c-42a4-8ec7-a3328d79542d,TCGA-UY-A9PA,TCGA-UY-A9PA-01,45f5af14-060a-49a3-b51d-25ab8a88feb7,1,mutant,1,Missense_Mutation,1,0,released
43417f5f-9453-42f5-b815-0a945e57285c,TCGA-UY-A9PB-01Z-00-DX1.4ACBFEEA-703A-47AF-A67D-359B9F027DD0.svs,TCGA-UY-A9PB-01Z-00-DX1.4ACBFEEA-703A-47AF-A67D-359B9F027DD0.svs,4acbfeea-703a-47af-a67d-359b9f027dd0,TCGA-UY-A9PB,TCGA-UY-A9PB-01,f90cff19-1c16-4514-8bc1-169539d01fca,1,mutant,1,Missense_Mutation,1,0,released
9301c7d5-c6db-4b59-aa61-0cc9be85e400,TCGA-UY-A9PD-01Z-00-DX1.55AF21E3-74DF-4D18-ADA4-A2A12665DF0A.svs,TCGA-UY-A9PD-01Z-00-DX1.55AF21E3-74DF-4D18-ADA4-A2A12665DF0A.svs,55af21e3-74df-4d18-ada4-a2a12665df0a,TCGA-UY-A9PD,TCGA-UY-A9PD-01,9ef9e328-ac74-4c8a-9990-347b87cf7764,1,mutant,1,Missense_Mutation,1,0,released
eadf570b-e0bf-4875-ac96-9bc3fdfd7659,TCGA-UY-A9PE-01Z-00-DX1.19205347-9969-475E-9293-E99D4833E462.svs,TCGA-UY-A9PE-01Z-00-DX1.19205347-9969-475E-9293-E99D4833E462.svs,19205347-9969-475e-9293-e99d4833e462,TCGA-UY-A9PE,TCGA-UY-A9PE-01,fed69898-a229-4b81-bbd9-cdcb164dae7b,1,mutant,1,Nonsense_Mutation,1,0,released
2eaee60b-3302-4291-90a4-a2b4ce5b6a84,TCGA-UY-A9PF-01Z-00-DX1.8A5B3826-48D2-42AE-A4DE-C0BB90134FCB.svs,TCGA-UY-A9PF-01Z-00-DX1.8A5B3826-48D2-42AE-A4DE-C0BB90134FCB.svs,8a5b3826-48d2-42ae-a4de-c0bb90134fcb,TCGA-UY-A9PF,TCGA-UY-A9PF-01,3bd918a8-3b92-4042-b4a1-f9dfcd6fe405,0,wildtype,0,,0,0,released
b1eefac6-33f8-4da1-8b2f-63a5b79487a1,TCGA-UY-A9PH-01Z-00-DX1.7FAA1EC7-C2BB-47E0-BCEB-5D4095078B2E.svs,TCGA-UY-A9PH-01Z-00-DX1.7FAA1EC7-C2BB-47E0-BCEB-5D4095078B2E.svs,7faa1ec7-c2bb-47e0-bceb-5d4095078b2e,TCGA-UY-A9PH,TCGA-UY-A9PH-01,cd10dc46-356a-420b-b3f5-9e4ed4e7ecab,1,mutant,1,Nonsense_Mutation,1,0,released
4ca62c1b-0d25-4dfe-a4da-e67d5d41eb3b,TCGA-XF-A8HB-01Z-00-DX1.D6874152-D20A-4CA4-8E8B-8CBAB5F7D7B5.svs,TCGA-XF-A8HB-01Z-00-DX1.D6874152-D20A-4CA4-8E8B-8CBAB5F7D7B5.svs,d6874152-d20a-4ca4-8e8b-8cbab5f7d7b5,TCGA-XF-A8HB,TCGA-XF-A8HB-01,90bf49b7-6710-4665-82df-30ecc22c59a3,0,wildtype,0,,0,0,released
6d1664fd-7962-4c4d-a6a8-68f080363fa2,TCGA-XF-A8HC-01Z-00-DX1.BF199254-2954-4836-B037-E10493275D8C.svs,TCGA-XF-A8HC-01Z-00-DX1.BF199254-2954-4836-B037-E10493275D8C.svs,bf199254-2954-4836-b037-e10493275d8c,TCGA-XF-A8HC,TCGA-XF-A8HC-01,17ee3278-dc2a-4021-a903-e4ed11e3218b,0,wildtype,0,,0,0,released
4244a47d-75c9-4423-bf88-bb7cbdfe5e96,TCGA-XF-A8HD-01Z-00-DX1.809538C0-0D52-4DA5-AA7D-EDA7B363BF36.svs,TCGA-XF-A8HD-01Z-00-DX1.809538C0-0D52-4DA5-AA7D-EDA7B363BF36.svs,809538c0-0d52-4da5-aa7d-eda7b363bf36,TCGA-XF-A8HD,TCGA-XF-A8HD-01,dfc67e7b-3986-4129-ae02-4d8f57e776e3,1,mutant,1,Missense_Mutation,1,0,released
72f064bc-eeac-425f-b29c-865f774fdc27,TCGA-XF-A8HE-01Z-00-DX1.A0E05485-2A24-4BD0-8B2F-E0D9641ADD9F.svs,TCGA-XF-A8HE-01Z-00-DX1.A0E05485-2A24-4BD0-8B2F-E0D9641ADD9F.svs,a0e05485-2a24-4bd0-8b2f-e0d9641add9f,TCGA-XF-A8HE,TCGA-XF-A8HE-01,841b4582-a268-4a55-a9a2-47c7e5c3b69f,0,wildtype,0,,0,0,released
c07376e3-9a32-4ed3-b5ee-f530c935b68c,TCGA-XF-A8HF-01Z-00-DX1.119AB9B9-73CE-4DE3-B305-4872F704E3E4.svs,TCGA-XF-A8HF-01Z-00-DX1.119AB9B9-73CE-4DE3-B305-4872F704E3E4.svs,119ab9b9-73ce-4de3-b305-4872f704e3e4,TCGA-XF-A8HF,TCGA-XF-A8HF-01,8573e114-ac20-4113-a942-01f2d1562a7b,1,mutant,1,Missense_Mutation,1,0,released
8ef12ee5-24a9-40cb-8357-ac2ee7c31233,TCGA-XF-A8HG-01Z-00-DX1.9D3970D1-C598-4F4C-ABBD-92C55C7C837A.svs,TCGA-XF-A8HG-01Z-00-DX1.9D3970D1-C598-4F4C-ABBD-92C55C7C837A.svs,9d3970d1-c598-4f4c-abbd-92c55c7c837a,TCGA-XF-A8HG,TCGA-XF-A8HG-01,b9b61cf9-8711-4c3a-8511-659070cfe36b,0,wildtype,0,,0,0,released
122600cd-5205-43ff-b2fa-a22df695c1d3,TCGA-XF-A8HH-01Z-00-DX1.22E9DD6D-F231-422F-A349-9FF60B65D50E.svs,TCGA-XF-A8HH-01Z-00-DX1.22E9DD6D-F231-422F-A349-9FF60B65D50E.svs,22e9dd6d-f231-422f-a349-9ff60b65d50e,TCGA-XF-A8HH,TCGA-XF-A8HH-01,02964d82-cc94-4286-a66f-03567101950c,1,mutant,1,Nonsense_Mutation,1,0,released
3d6b06b6-1253-4c6b-b7ea-bb838c1ea37b,TCGA-XF-A8HI-01Z-00-DX1.1BA3EF33-D4D5-4213-833D-A7F8C0EFFF02.svs,TCGA-XF-A8HI-01Z-00-DX1.1BA3EF33-D4D5-4213-833D-A7F8C0EFFF02.svs,1ba3ef33-d4d5-4213-833d-a7f8c0efff02,TCGA-XF-A8HI,TCGA-XF-A8HI-01,eed3908f-f1bd-4254-bca8-bc1a7427e95c,0,wildtype,0,,0,0,released
7ff91bcd-7842-4437-b9ec-e7f976d00d0b,TCGA-XF-A9SG-01Z-00-DX1.6D50B71D-9736-46F9-B527-63565FC65AF2.svs,TCGA-XF-A9SG-01Z-00-DX1.6D50B71D-9736-46F9-B527-63565FC65AF2.svs,6d50b71d-9736-46f9-b527-63565fc65af2,TCGA-XF-A9SG,TCGA-XF-A9SG-01,80fd5a84-4d82-49ab-ba78-9636f1989fca,0,wildtype,0,,0,0,released
b390aed0-4ece-4fc6-bb1c-94cc6b587369,TCGA-XF-A9SH-01Z-00-DX1.B1E33049-ABB8-4F2F-9D2D-503E48B8CDE5.svs,TCGA-XF-A9SH-01Z-00-DX1.B1E33049-ABB8-4F2F-9D2D-503E48B8CDE5.svs,b1e33049-abb8-4f2f-9d2d-503e48b8cde5,TCGA-XF-A9SH,TCGA-XF-A9SH-01,b838a4db-ef0a-4d88-a220-bf57e31e0b3c,0,wildtype,0,,0,0,released
fe033dd1-dd2a-4386-88cc-e3c5bdac6b64,TCGA-XF-A9SI-01Z-00-DX1.537F0394-40FE-4CB7-8524-7BC34F624C15.svs,TCGA-XF-A9SI-01Z-00-DX1.537F0394-40FE-4CB7-8524-7BC34F624C15.svs,537f0394-40fe-4cb7-8524-7bc34f624c15,TCGA-XF-A9SI,TCGA-XF-A9SI-01,6b0c8e8d-8aba-413d-85ed-631653f00ca9,1,mutant,1,Missense_Mutation,1,0,released
8b8300b2-ec9f-44e9-873d-f228f6dece1d,TCGA-XF-A9SJ-01Z-00-DX1.AED4FF1B-441D-47EE-B7E5-CC6C595D3D98.svs,TCGA-XF-A9SJ-01Z-00-DX1.AED4FF1B-441D-47EE-B7E5-CC6C595D3D98.svs,aed4ff1b-441d-47ee-b7e5-cc6c595d3d98,TCGA-XF-A9SJ,TCGA-XF-A9SJ-01,b319798a-3f35-4902-8ecf-5be529d99312,0,wildtype,0,,0,0,released
22252c40-b3e2-419f-b31a-ad272cfc5ecf,TCGA-XF-A9SK-01Z-00-DX1.1D198106-323F-463B-832B-CB3A03E7B343.svs,TCGA-XF-A9SK-01Z-00-DX1.1D198106-323F-463B-832B-CB3A03E7B343.svs,1d198106-323f-463b-832b-cb3a03e7b343,TCGA-XF-A9SK,TCGA-XF-A9SK-01,03f588d6-832e-47d8-a9c4-af6640a1a635,1,mutant,1,Nonsense_Mutation,1,0,released
c5be1884-f7b8-44a5-a123-1fe699555886,TCGA-XF-A9SL-01Z-00-DX1.AA56A70C-28E1-4140-9B15-72AB0D5051A6.svs,TCGA-XF-A9SL-01Z-00-DX1.AA56A70C-28E1-4140-9B15-72AB0D5051A6.svs,aa56a70c-28e1-4140-9b15-72ab0d5051a6,TCGA-XF-A9SL,TCGA-XF-A9SL-01,51fdb034-5d05-427b-b6b8-b6eecd65d976,0,wildtype,0,,0,0,released
b67c042a-1e13-44e4-8d3b-8f0f72247fae,TCGA-XF-A9SM-01Z-00-DX1.7AADC753-E07E-44A5-91EC-D1740ED5A168.svs,TCGA-XF-A9SM-01Z-00-DX1.7AADC753-E07E-44A5-91EC-D1740ED5A168.svs,7aadc753-e07e-44a5-91ec-d1740ed5a168,TCGA-XF-A9SM,TCGA-XF-A9SM-01,b027f4e2-f260-4d60-a1f4-444bc49c4a0b,1,mutant,1,Missense_Mutation,1,0,released
9de3e326-be6e-4be5-9445-03dcddc80bca,TCGA-XF-A9SP-01Z-00-DX1.7F3BF700-89AD-4045-AFCD-C94F1F959B41.svs,TCGA-XF-A9SP-01Z-00-DX1.7F3BF700-89AD-4045-AFCD-C94F1F959B41.svs,7f3bf700-89ad-4045-afcd-c94f1f959b41,TCGA-XF-A9SP,TCGA-XF-A9SP-01,76388364-eb01-4b16-a2b9-0b6c05b4b386,0,wildtype,0,,0,0,released
5694fbd5-eaae-43b0-aa2f-16093c5866b0,TCGA-XF-A9ST-01Z-00-DX1.C135C4EB-6A64-4B9E-A8A0-87B72594568C.svs,TCGA-XF-A9ST-01Z-00-DX1.C135C4EB-6A64-4B9E-A8A0-87B72594568C.svs,c135c4eb-6a64-4b9e-a8a0-87b72594568c,TCGA-XF-A9ST,TCGA-XF-A9ST-01,33708951-0a0d-4ad0-b472-23151c9f76f6,1,mutant,1,Missense_Mutation,1,0,released
c141e7f0-bc0b-4bea-b53b-f302309b6b91,TCGA-XF-A9SU-01Z-00-DX1.35E2DDBE-5BB9-443B-A3D5-20F77D1C6B92.svs,TCGA-XF-A9SU-01Z-00-DX1.35E2DDBE-5BB9-443B-A3D5-20F77D1C6B92.svs,35e2ddbe-5bb9-443b-a3d5-20f77d1c6b92,TCGA-XF-A9SU,TCGA-XF-A9SU-01,42bcf1a7-2f3a-4ed8-a41d-cdd67e65b928,0,wildtype,0,,0,0,released
b095c6c7-5408-469c-847d-d73e4b6483ad,TCGA-XF-A9SV-01Z-00-DX1.2ACAA181-2EFA-4E63-B692-D968BCC56031.svs,TCGA-XF-A9SV-01Z-00-DX1.2ACAA181-2EFA-4E63-B692-D968BCC56031.svs,2acaa181-2efa-4e63-b692-d968bcc56031,TCGA-XF-A9SV,TCGA-XF-A9SV-01,cdfd86db-15e2-4d38-a717-2207e8de2d8f,0,wildtype,0,,0,0,released
fb291e7d-cc6b-4169-8be8-fec92dc9cb7d,TCGA-XF-A9SW-01Z-00-DX1.3FC62DD6-E5D2-4F74-A937-A2A62946E5C0.svs,TCGA-XF-A9SW-01Z-00-DX1.3FC62DD6-E5D2-4F74-A937-A2A62946E5C0.svs,3fc62dd6-e5d2-4f74-a937-a2a62946e5c0,TCGA-XF-A9SW,TCGA-XF-A9SW-01,f5e03536-26e1-480d-a7bb-010eb8210cd6,0,wildtype,0,,0,0,released
d4676c59-a957-460b-8aa8-aec44409536d,TCGA-XF-A9SX-01Z-00-DX1.6DB4572E-915C-491F-BE68-99C019799E20.svs,TCGA-XF-A9SX-01Z-00-DX1.6DB4572E-915C-491F-BE68-99C019799E20.svs,6db4572e-915c-491f-be68-99c019799e20,TCGA-XF-A9SX,TCGA-XF-A9SX-01,a648d9bf-cf37-41fc-9515-e8f5ac85fcd4,1,mutant,1,Missense_Mutation,1,0,released
79dd9959-e4cf-4942-b77e-7ed56b3e4c04,TCGA-XF-A9SY-01Z-00-DX1.758C5D9F-274B-4D4A-92D3-78728CB35139.svs,TCGA-XF-A9SY-01Z-00-DX1.758C5D9F-274B-4D4A-92D3-78728CB35139.svs,758c5d9f-274b-4d4a-92d3-78728cb35139,TCGA-XF-A9SY,TCGA-XF-A9SY-01,8a83f744-8469-41ef-a4cd-e983f849383f,1,mutant,1,Nonsense_Mutation,1,0,released
a84cf79d-dd41-4812-ba5b-4960522d025d,TCGA-XF-A9SZ-01Z-00-DX1.42A301F5-42E9-4618-A85A-51C1AEC8B8D1.svs,TCGA-XF-A9SZ-01Z-00-DX1.42A301F5-42E9-4618-A85A-51C1AEC8B8D1.svs,42a301f5-42e9-4618-a85a-51c1aec8b8d1,TCGA-XF-A9SZ,TCGA-XF-A9SZ-01,dc321b92-7275-48c9-adeb-7670db3195ef,1,mutant,1,Missense_Mutation,1,0,released
fb82e272-6137-45a0-8bf8-b47bd6602934,TCGA-XF-A9T0-01Z-00-DX1.63C52F23-3DE3-4D3A-914E-E7F3CB23D410.svs,TCGA-XF-A9T0-01Z-00-DX1.63C52F23-3DE3-4D3A-914E-E7F3CB23D410.svs,63c52f23-3de3-4d3a-914e-e7f3cb23d410,TCGA-XF-A9T0,TCGA-XF-A9T0-01,5f5c1775-a908-483d-8a77-b902c5b7570e,1,mutant,1,Nonsense_Mutation,1,0,released
ef3bf801-eec6-4b19-9a4c-f227ef6363fd,TCGA-XF-A9T2-01Z-00-DX1.E33F796C-46EB-44C4-AC65-ED6098EE3043.svs,TCGA-XF-A9T2-01Z-00-DX1.E33F796C-46EB-44C4-AC65-ED6098EE3043.svs,e33f796c-46eb-44c4-ac65-ed6098ee3043,TCGA-XF-A9T2,TCGA-XF-A9T2-01,aa6b44ab-14b1-4b5d-8679-ba958b546afa,0,wildtype,0,,0,0,released
457da5b8-27ff-474b-a4bd-108e5ae6d1f4,TCGA-XF-A9T3-01Z-00-DX1.408F9901-F442-420B-BE89-ADBD01D1E256.svs,TCGA-XF-A9T3-01Z-00-DX1.408F9901-F442-420B-BE89-ADBD01D1E256.svs,408f9901-f442-420b-be89-adbd01d1e256,TCGA-XF-A9T3,TCGA-XF-A9T3-01,5f7c3b2d-9a5b-470f-bd12-9c7787a543f0,1,mutant,1,Missense_Mutation,1,0,released
f52e4863-3979-42f0-824c-d33e849bc30e,TCGA-XF-A9T4-01Z-00-DX1.1F44D95D-E341-4FBA-BCB5-43E89E6C359E.svs,TCGA-XF-A9T4-01Z-00-DX1.1F44D95D-E341-4FBA-BCB5-43E89E6C359E.svs,1f44d95d-e341-4fba-bcb5-43e89e6c359e,TCGA-XF-A9T4,TCGA-XF-A9T4-01,f9a03eaa-a228-429c-99c5-8e877379db0f,0,wildtype,0,,0,0,released
62b6a369-1c63-4a18-8811-06d1aaba9211,TCGA-XF-A9T5-01Z-00-DX1.B0A44AF2-B075-4280-809E-DDACCDB20E3D.svs,TCGA-XF-A9T5-01Z-00-DX1.B0A44AF2-B075-4280-809E-DDACCDB20E3D.svs,b0a44af2-b075-4280-809e-ddaccdb20e3d,TCGA-XF-A9T5,TCGA-XF-A9T5-01,f9a7ab94-70df-4194-8102-66021d01dadd,1,mutant,1,Frame_Shift_Del,1,0,released
85c7bc3e-9132-44dd-b5aa-18d7259f30ef,TCGA-XF-A9T6-01Z-00-DX1.57AE17FC-DB4C-4D2B-A53F-A259E8482064.svs,TCGA-XF-A9T6-01Z-00-DX1.57AE17FC-DB4C-4D2B-A53F-A259E8482064.svs,57ae17fc-db4c-4d2b-a53f-a259e8482064,TCGA-XF-A9T6,TCGA-XF-A9T6-01,6ee18b9a-3f45-491f-9535-502820cfcf46,1,mutant,1,Frame_Shift_Del;Missense_Mutation,1,0,released
fd7a40f1-782e-4f75-ae3e-b6dd36ad9919,TCGA-XF-A9T8-01Z-00-DX1.C18E4176-C0C1-4F5A-B128-23DF5CE77C05.svs,TCGA-XF-A9T8-01Z-00-DX1.C18E4176-C0C1-4F5A-B128-23DF5CE77C05.svs,c18e4176-c0c1-4f5a-b128-23df5ce77c05,TCGA-XF-A9T8,TCGA-XF-A9T8-01,317e1db6-df93-4793-a4df-2fa234d8a81a,0,wildtype,0,,0,0,released
7ecacac4-bdd5-4433-999f-672141c55404,TCGA-XF-AAME-01Z-00-DX1.90E1555F-CBAF-434C-9C7E-5BAC38069AC7.svs,TCGA-XF-AAME-01Z-00-DX1.90E1555F-CBAF-434C-9C7E-5BAC38069AC7.svs,90e1555f-cbaf-434c-9c7e-5bac38069ac7,TCGA-XF-AAME,TCGA-XF-AAME-01,c8388ac0-975d-4f1e-8324-8cabdc75738d,0,wildtype,0,,0,0,released
2f25483c-bdb6-4163-8104-4d4d3f1088f7,TCGA-XF-AAMF-01Z-00-DX1.01371D44-969E-44C8-993B-13B83D9E4F0F.svs,TCGA-XF-AAMF-01Z-00-DX1.01371D44-969E-44C8-993B-13B83D9E4F0F.svs,01371d44-969e-44c8-993b-13b83d9e4f0f,TCGA-XF-AAMF,TCGA-XF-AAMF-01,93fbe302-a2e0-4cf4-a638-312786f547c2,1,mutant,1,Missense_Mutation,1,0,released
cd48882b-08dc-438b-bb3b-efe162fd529c,TCGA-XF-AAMG-01Z-00-DX1.E0234C99-915C-4190-805A-147D4E3B10D9.svs,TCGA-XF-AAMG-01Z-00-DX1.E0234C99-915C-4190-805A-147D4E3B10D9.svs,e0234c99-915c-4190-805a-147d4e3b10d9,TCGA-XF-AAMG,TCGA-XF-AAMG-01,390a29fe-2cfd-43c4-a247-69e692763e17,1,mutant,1,Frame_Shift_Ins,1,0,released
3fe3dff3-4ffa-4989-aa9d-237fccaeab15,TCGA-XF-AAMH-01Z-00-DX1.AB5E1C7D-C3BF-4A69-B614-0ED69F8A3C07.svs,TCGA-XF-AAMH-01Z-00-DX1.AB5E1C7D-C3BF-4A69-B614-0ED69F8A3C07.svs,ab5e1c7d-c3bf-4a69-b614-0ed69f8a3c07,TCGA-XF-AAMH,TCGA-XF-AAMH-01,0ec37c2c-8d90-48c1-9cbc-69fe6473c980,0,wildtype,0,,0,0,released
95ed3ddb-c364-4669-959f-1ebf7e0a3404,TCGA-XF-AAMJ-01Z-00-DX1.726E3D84-8370-45AC-9C98-ACA30CAB2359.svs,TCGA-XF-AAMJ-01Z-00-DX1.726E3D84-8370-45AC-9C98-ACA30CAB2359.svs,726e3d84-8370-45ac-9c98-aca30cab2359,TCGA-XF-AAMJ,TCGA-XF-AAMJ-01,8f10e006-531a-49ac-b51b-df3fdcb20929,1,mutant,1,Frame_Shift_Del,1,0,released
9c7aea5f-a906-44b2-a9a1-ef2787e12a1e,TCGA-XF-AAML-01Z-00-DX1.E2780FA6-641F-4A5A-B755-9ABD3C57C13E.svs,TCGA-XF-AAML-01Z-00-DX1.E2780FA6-641F-4A5A-B755-9ABD3C57C13E.svs,e2780fa6-641f-4a5a-b755-9abd3c57c13e,TCGA-XF-AAML,TCGA-XF-AAML-01,329d372c-c44e-4595-b8ac-474c5a1321a5,1,mutant,1,Missense_Mutation,1,0,released
3e5e858f-110c-43b1-964b-727066f73643,TCGA-XF-AAMQ-01Z-00-DX1.E8D304A9-4BD0-4C62-8B01-4C00994F8EE9.svs,TCGA-XF-AAMQ-01Z-00-DX1.E8D304A9-4BD0-4C62-8B01-4C00994F8EE9.svs,e8d304a9-4bd0-4c62-8b01-4c00994f8ee9,TCGA-XF-AAMQ,TCGA-XF-AAMQ-01,82f4c181-e022-4799-9f7f-01abcdc3803e,1,mutant,1,Missense_Mutation,1,0,released
4a55fe73-5b41-499e-8f15-8e8138d61605,TCGA-XF-AAMR-01Z-00-DX1.7BFF4F04-9B60-41AA-9977-AF63547748AB.svs,TCGA-XF-AAMR-01Z-00-DX1.7BFF4F04-9B60-41AA-9977-AF63547748AB.svs,7bff4f04-9b60-41aa-9977-af63547748ab,TCGA-XF-AAMR,TCGA-XF-AAMR-01,818f5a45-4deb-49e4-9a73-55ef4269de4c,0,wildtype,0,,0,0,released
afc291eb-2b10-4d43-b125-4a9aeddbd326,TCGA-XF-AAMT-01Z-00-DX1.F5A3715A-55DC-46C1-A6F9-4B1BFE1176EC.svs,TCGA-XF-AAMT-01Z-00-DX1.F5A3715A-55DC-46C1-A6F9-4B1BFE1176EC.svs,f5a3715a-55dc-46c1-a6f9-4b1bfe1176ec,TCGA-XF-AAMT,TCGA-XF-AAMT-01,ada95115-275f-4229-aa00-f298a5ff931c,1,mutant,1,Missense_Mutation,1,0,released
24fdbd76-06df-428f-a9d2-152f5bafeaa8,TCGA-XF-AAMW-01Z-00-DX1.875DED6D-805B-418C-8C9E-AE45FDECC504.svs,TCGA-XF-AAMW-01Z-00-DX1.875DED6D-805B-418C-8C9E-AE45FDECC504.svs,875ded6d-805b-418c-8c9e-ae45fdecc504,TCGA-XF-AAMW,TCGA-XF-AAMW-01,19da59a8-b67a-438d-900a-92a71e03bef3,1,mutant,1,Nonsense_Mutation,1,0,released
3f61d4e0-7a4d-4430-9c55-fb7e0382f28b,TCGA-XF-AAMX-01Z-00-DX1.453214DD-54FF-42DF-8BD6-E6BC4B376EFF.svs,TCGA-XF-AAMX-01Z-00-DX1.453214DD-54FF-42DF-8BD6-E6BC4B376EFF.svs,453214dd-54ff-42df-8bd6-e6bc4b376eff,TCGA-XF-AAMX,TCGA-XF-AAMX-01,edc290bf-9731-4f03-bc37-64542e78e8bb,1,mutant,1,Missense_Mutation,1,0,released
f2bde78e-8aea-4a21-b369-91b548bafb06,TCGA-XF-AAMY-01Z-00-DX1.44D91D18-357D-4FB2-A7CA-38792E3CB839.svs,TCGA-XF-AAMY-01Z-00-DX1.44D91D18-357D-4FB2-A7CA-38792E3CB839.svs,44d91d18-357d-4fb2-a7ca-38792e3cb839,TCGA-XF-AAMY,TCGA-XF-AAMY-01,9d2b19eb-bd61-490e-982b-fadf2c4aadf7,0,wildtype,0,,0,0,released
d40c6e96-f2bc-4382-8cad-3cec9b342f7c,TCGA-XF-AAMZ-01Z-00-DX1.05AB4629-F59E-4877-B7F3-CF4336557EE0.svs,TCGA-XF-AAMZ-01Z-00-DX1.05AB4629-F59E-4877-B7F3-CF4336557EE0.svs,05ab4629-f59e-4877-b7f3-cf4336557ee0,TCGA-XF-AAMZ,TCGA-XF-AAMZ-01,ed36d054-53c4-465c-bd84-6ec5227097bf,0,wildtype,0,,0,0,released
67e5f3a1-c5f8-46b5-a084-71378cd3dfd6,TCGA-XF-AAN0-01Z-00-DX1.B9D6C207-F124-4558-ABD4-2846F42C5F66.svs,TCGA-XF-AAN0-01Z-00-DX1.B9D6C207-F124-4558-ABD4-2846F42C5F66.svs,b9d6c207-f124-4558-abd4-2846f42c5f66,TCGA-XF-AAN0,TCGA-XF-AAN0-01,e7e95597-ef88-4442-8c01-8d633822e7b5,1,mutant,1,Missense_Mutation,1,0,released
b5aaf6ef-dbd5-48cf-bc45-470139f4f16f,TCGA-XF-AAN1-01Z-00-DX1.F6F0E65A-0D01-4C00-AEAC-359D52C802BF.svs,TCGA-XF-AAN1-01Z-00-DX1.F6F0E65A-0D01-4C00-AEAC-359D52C802BF.svs,f6f0e65a-0d01-4c00-aeac-359d52c802bf,TCGA-XF-AAN1,TCGA-XF-AAN1-01,5378f375-aa04-4eca-bc35-190b3efb52bc,0,wildtype,0,,0,0,released
4ca40bd3-f55e-43dd-b6bc-7a2aa3c95a3c,TCGA-XF-AAN2-01Z-00-DX1.EB523A3A-0DE0-4FFC-9FE7-CF4FB2FB36CF.svs,TCGA-XF-AAN2-01Z-00-DX1.EB523A3A-0DE0-4FFC-9FE7-CF4FB2FB36CF.svs,eb523a3a-0de0-4ffc-9fe7-cf4fb2fb36cf,TCGA-XF-AAN2,TCGA-XF-AAN2-01,987e8157-fbea-40f3-aa01-0092d6cceb97,0,wildtype,0,,0,0,released
edd25b54-cef8-4285-8523-5fff7524f57a,TCGA-XF-AAN3-01Z-00-DX1.2F004F0A-57C1-42CA-A07C-CE0FE8F876D5.svs,TCGA-XF-AAN3-01Z-00-DX1.2F004F0A-57C1-42CA-A07C-CE0FE8F876D5.svs,2f004f0a-57c1-42ca-a07c-ce0fe8f876d5,TCGA-XF-AAN3,TCGA-XF-AAN3-01,24ad2168-b25a-4de8-a021-dfe1c74fcc6e,1,mutant,1,Missense_Mutation,1,0,released
5d49724b-e2c9-4d04-b2d4-1b2eff0d0568,TCGA-XF-AAN4-01Z-00-DX1.F9F1800B-9945-4695-B851-A4585E9D56D6.svs,TCGA-XF-AAN4-01Z-00-DX1.F9F1800B-9945-4695-B851-A4585E9D56D6.svs,f9f1800b-9945-4695-b851-a4585e9d56d6,TCGA-XF-AAN4,TCGA-XF-AAN4-01,b6c36037-56b1-4957-8df8-fda72b0d3c39,0,wildtype,0,,0,0,released
a9e01c60-a512-4fb6-9b13-a3ee9c19b4bd,TCGA-XF-AAN5-01Z-00-DX1.DACB5253-366B-40A2-AD52-376F26C103A6.svs,TCGA-XF-AAN5-01Z-00-DX1.DACB5253-366B-40A2-AD52-376F26C103A6.svs,dacb5253-366b-40a2-ad52-376f26c103a6,TCGA-XF-AAN5,TCGA-XF-AAN5-01,c1591625-e794-4155-8ae4-b74d6264659f,0,wildtype,0,,0,0,released
4f280b9e-4f07-4e7e-a15b-679537caecba,TCGA-XF-AAN7-01Z-00-DX1.B8EDF045-604C-48CB-8E54-A60564CAE2AD.svs,TCGA-XF-AAN7-01Z-00-DX1.B8EDF045-604C-48CB-8E54-A60564CAE2AD.svs,b8edf045-604c-48cb-8e54-a60564cae2ad,TCGA-XF-AAN7,TCGA-XF-AAN7-01,9d7fbdeb-ea3d-4e07-8527-23c5997d77cf,1,mutant,1,Missense_Mutation,1,0,released
1e6ae897-fcef-4c4d-984a-89bd1498d985,TCGA-XF-AAN8-01Z-00-DX1.2962EEBB-A4F1-4958-85C9-480B7CA769A8.svs,TCGA-XF-AAN8-01Z-00-DX1.2962EEBB-A4F1-4958-85C9-480B7CA769A8.svs,2962eebb-a4f1-4958-85c9-480b7ca769a8,TCGA-XF-AAN8,TCGA-XF-AAN8-01,aa14e232-c6c6-4075-9d15-e1857373d233,0,wildtype,0,,0,0,released
3df12868-d541-450d-b764-f509b134fd43,TCGA-YC-A89H-01Z-00-DX1.ACE5AFD4-274B-4579-9B0E-EDD8D9251A8C.svs,TCGA-YC-A89H-01Z-00-DX1.ACE5AFD4-274B-4579-9B0E-EDD8D9251A8C.svs,ace5afd4-274b-4579-9b0e-edd8d9251a8c,TCGA-YC-A89H,TCGA-YC-A89H-01,95520295-90d3-4b4e-86b6-4bd856723315,0,wildtype,0,,0,0,released
233cca9e-e942-4c04-9b28-9d26fcbdb1fc,TCGA-YC-A8S6-01Z-00-DX1.6B92FB17-2000-48B0-B7AE-6C8766D958E2.svs,TCGA-YC-A8S6-01Z-00-DX1.6B92FB17-2000-48B0-B7AE-6C8766D958E2.svs,6b92fb17-2000-48b0-b7ae-6c8766d958e2,TCGA-YC-A8S6,TCGA-YC-A8S6-01,97d6568c-0a89-4327-8988-71e81ee8dae6,0,wildtype,0,,0,0,released
66976f53-2409-42f6-94c7-4706f401c38b,TCGA-YC-A9TC-01Z-00-DX1.D7C1A85C-C39C-436F-A22A-2A09558CCF18.svs,TCGA-YC-A9TC-01Z-00-DX1.D7C1A85C-C39C-436F-A22A-2A09558CCF18.svs,d7c1a85c-c39c-436f-a22a-2a09558ccf18,TCGA-YC-A9TC,TCGA-YC-A9TC-01,6ee03f14-14ac-4cb9-bd23-b69704176301,0,wildtype,0,,0,0,released
5d24eb8c-6ba1-4045-925c-25503249e011,TCGA-YC-A9TC-01Z-00-DX2.F74F61C0-CB9F-4E6E-BDA7-D206ECBBDEFC.svs,TCGA-YC-A9TC-01Z-00-DX2.F74F61C0-CB9F-4E6E-BDA7-D206ECBBDEFC.svs,f74f61c0-cb9f-4e6e-bda7-d206ecbbdefc,TCGA-YC-A9TC,TCGA-YC-A9TC-01,6ee03f14-14ac-4cb9-bd23-b69704176301,0,wildtype,0,,0,0,released
950a55d7-2c8f-4ab2-82f7-7924276e2a02,TCGA-YF-AA3L-01Z-00-DX1.56C211C1-20C7-4000-9C39-F76919ADA592.svs,TCGA-YF-AA3L-01Z-00-DX1.56C211C1-20C7-4000-9C39-F76919ADA592.svs,56c211c1-20c7-4000-9c39-f76919ada592,TCGA-YF-AA3L,TCGA-YF-AA3L-01,661967e5-94b3-4f98-9402-6ab137893c16,0,wildtype,0,,0,0,released
cb8e9044-9f7b-457d-9650-56d564670c2a,TCGA-YF-AA3M-01Z-00-DX1.28587CDB-1FDF-4FD0-B809-86C7EA64562A.svs,TCGA-YF-AA3M-01Z-00-DX1.28587CDB-1FDF-4FD0-B809-86C7EA64562A.svs,28587cdb-1fdf-4fd0-b809-86c7ea64562a,TCGA-YF-AA3M,TCGA-YF-AA3M-01,30ad8081-daa7-4e2b-96f8-07f5ad12e774,1,mutant,1,Missense_Mutation,1,0,released
408e09dd-0787-4438-9d94-7163b1056a9b,TCGA-ZF-A9R0-01Z-00-DX1.B9FD30D2-807E-49F7-A9E0-C58226EDEF13.svs,TCGA-ZF-A9R0-01Z-00-DX1.B9FD30D2-807E-49F7-A9E0-C58226EDEF13.svs,b9fd30d2-807e-49f7-a9e0-c58226edef13,TCGA-ZF-A9R0,TCGA-ZF-A9R0-01,5b39a0dc-8ab2-46c6-95c7-65df919ebc76,1,mutant,1,Missense_Mutation,1,0,released
7d330313-7c0f-40fc-9d8f-f0d2bdf86d25,TCGA-ZF-A9R1-01Z-00-DX1.74520759-D448-45B5-B8AD-45502C99A519.svs,TCGA-ZF-A9R1-01Z-00-DX1.74520759-D448-45B5-B8AD-45502C99A519.svs,74520759-d448-45b5-b8ad-45502c99a519,TCGA-ZF-A9R1,TCGA-ZF-A9R1-01,f1bd8305-5c3f-4c82-9e68-ba9cf4ecdf7b,0,wildtype,0,,0,0,released
dc4e5f1c-b2c3-47d6-a6b2-7a685f226c25,TCGA-ZF-A9R2-01Z-00-DX1.D5BC88BD-594B-4EAA-988E-2577E48FEE15.svs,TCGA-ZF-A9R2-01Z-00-DX1.D5BC88BD-594B-4EAA-988E-2577E48FEE15.svs,d5bc88bd-594b-4eaa-988e-2577e48fee15,TCGA-ZF-A9R2,TCGA-ZF-A9R2-01,aeb08986-a802-43dd-a5b4-17f4ec018790,0,wildtype,0,,0,0,released
a3876c0a-2ffb-423c-9ff1-c9068a236553,TCGA-ZF-A9R3-01Z-00-DX1.AF828281-A45C-47D1-9FE3-CE7B9E105914.svs,TCGA-ZF-A9R3-01Z-00-DX1.AF828281-A45C-47D1-9FE3-CE7B9E105914.svs,af828281-a45c-47d1-9fe3-ce7b9e105914,TCGA-ZF-A9R3,TCGA-ZF-A9R3-01,ab77b411-4df2-4e3a-bfad-946e8bb1fa70,0,wildtype,0,,0,0,released
e763d4fc-c3a5-455b-a0d8-2325f2368100,TCGA-ZF-A9R4-01Z-00-DX1.0A115B7F-FB7F-4D82-953F-62BF64C1245F.svs,TCGA-ZF-A9R4-01Z-00-DX1.0A115B7F-FB7F-4D82-953F-62BF64C1245F.svs,0a115b7f-fb7f-4d82-953f-62bf64c1245f,TCGA-ZF-A9R4,TCGA-ZF-A9R4-01,371b5d70-9797-4dae-b523-247f5eaeb4ab,1,mutant,1,Missense_Mutation,1,0,released
bf6f4712-9fd3-452c-bc78-78bdddb267a3,TCGA-ZF-A9R5-01Z-00-DX1.50B18159-9376-411A-B519-12BB50D06DFC.svs,TCGA-ZF-A9R5-01Z-00-DX1.50B18159-9376-411A-B519-12BB50D06DFC.svs,50b18159-9376-411a-b519-12bb50d06dfc,TCGA-ZF-A9R5,TCGA-ZF-A9R5-01,aaa55de1-8f53-4b56-ba0a-67cff909cf81,0,wildtype,0,,0,0,released
0df02ea8-121b-414e-9b6c-f65dc822db7f,TCGA-ZF-A9R7-01Z-00-DX1.AF323B5F-EE04-422E-B635-1050870897DC.svs,TCGA-ZF-A9R7-01Z-00-DX1.AF323B5F-EE04-422E-B635-1050870897DC.svs,af323b5f-ee04-422e-b635-1050870897dc,TCGA-ZF-A9R7,TCGA-ZF-A9R7-01,ce4e4549-befc-447f-9b79-ed46e302e6d7,0,wildtype,0,,0,0,released
285f8594-bbb2-46eb-bfc1-1e011da42051,TCGA-ZF-A9R9-01Z-00-DX1.8E68A35C-F2B7-410E-A1DE-3C460D67DB85.svs,TCGA-ZF-A9R9-01Z-00-DX1.8E68A35C-F2B7-410E-A1DE-3C460D67DB85.svs,8e68a35c-f2b7-410e-a1de-3c460d67db85,TCGA-ZF-A9R9,TCGA-ZF-A9R9-01,ebad8bc9-f196-4f53-bfea-de38488eb4e1,0,wildtype,0,,0,0,released
d9bee199-8b0e-4598-b4f3-e62fce17e5dc,TCGA-ZF-A9RC-01Z-00-DX1.A3F3826E-2BDE-48C3-9854-1061273AF9DC.svs,TCGA-ZF-A9RC-01Z-00-DX1.A3F3826E-2BDE-48C3-9854-1061273AF9DC.svs,a3f3826e-2bde-48c3-9854-1061273af9dc,TCGA-ZF-A9RC,TCGA-ZF-A9RC-01,4ed34db5-ddb5-4efd-a49b-84bf26789aee,1,mutant,1,Missense_Mutation,1,0,released
b4701986-d6a6-442d-a87c-2582847c31d4,TCGA-ZF-A9RD-01Z-00-DX1.84823027-AA0A-412A-9DEA-EFBB8406FD9C.svs,TCGA-ZF-A9RD-01Z-00-DX1.84823027-AA0A-412A-9DEA-EFBB8406FD9C.svs,84823027-aa0a-412a-9dea-efbb8406fd9c,TCGA-ZF-A9RD,TCGA-ZF-A9RD-01,f57122dd-a6f1-484d-b08a-cb1194de2f9d,1,mutant,1,Missense_Mutation,1,0,released
76f18fa0-06ee-47af-ab40-947038764b2b,TCGA-ZF-A9RE-01Z-00-DX1.6E1EF772-E62D-4D9F-8688-43AAF764A6E6.svs,TCGA-ZF-A9RE-01Z-00-DX1.6E1EF772-E62D-4D9F-8688-43AAF764A6E6.svs,6e1ef772-e62d-4d9f-8688-43aaf764a6e6,TCGA-ZF-A9RE,TCGA-ZF-A9RE-01,284e175c-3229-4fee-a627-a49eac538e3a,1,mutant,1,Missense_Mutation,1,0,released
6b534d49-2c9c-40b2-b183-8ebcf189382c,TCGA-ZF-A9RF-01Z-00-DX1.948A32F2-EF55-44E8-BC52-6FCF4A3411BF.svs,TCGA-ZF-A9RF-01Z-00-DX1.948A32F2-EF55-44E8-BC52-6FCF4A3411BF.svs,948a32f2-ef55-44e8-bc52-6fcf4a3411bf,TCGA-ZF-A9RF,TCGA-ZF-A9RF-01,fa05f7f6-50e9-4878-a834-f655c0877394,1,mutant,1,Missense_Mutation,1,0,released
368a129a-d030-42c9-bd1e-215df15f9d27,TCGA-ZF-A9RG-01Z-00-DX1.E9C92201-31AD-4D7E-87C0-64842D705380.svs,TCGA-ZF-A9RG-01Z-00-DX1.E9C92201-31AD-4D7E-87C0-64842D705380.svs,e9c92201-31ad-4d7e-87c0-64842d705380,TCGA-ZF-A9RG,TCGA-ZF-A9RG-01,1eb0adbf-dbe8-4736-97f6-2dc4ee30e943,1,mutant,1,Missense_Mutation,1,0,released
a09a24ec-a2bf-477f-9415-123e3005aff5,TCGA-ZF-A9RL-01Z-00-DX1.6A6B23B8-78D2-4468-8B25-A2D94130722C.svs,TCGA-ZF-A9RL-01Z-00-DX1.6A6B23B8-78D2-4468-8B25-A2D94130722C.svs,6a6b23b8-78d2-4468-8b25-a2d94130722c,TCGA-ZF-A9RL,TCGA-ZF-A9RL-01,386f51e4-d03a-4606-bf2e-6168f2122c5f,1,mutant,1,Frame_Shift_Del,1,0,released
56d8d838-15d2-47e1-856b-0c40a650e26f,TCGA-ZF-A9RM-01Z-00-DX1.68758A74-2409-48F4-811A-EA42B4F8F942.svs,TCGA-ZF-A9RM-01Z-00-DX1.68758A74-2409-48F4-811A-EA42B4F8F942.svs,68758a74-2409-48f4-811a-ea42b4f8f942,TCGA-ZF-A9RM,TCGA-ZF-A9RM-01,7d71945a-b81a-405c-bb17-cec9b1d7592c,1,mutant,1,Missense_Mutation,1,0,released
ee840357-42d5-4d83-89e7-86869dc9bae4,TCGA-ZF-A9RN-01Z-00-DX1.262DCE43-154D-492E-80C3-6F8C8D4058D0.svs,TCGA-ZF-A9RN-01Z-00-DX1.262DCE43-154D-492E-80C3-6F8C8D4058D0.svs,262dce43-154d-492e-80c3-6f8c8d4058d0,TCGA-ZF-A9RN,TCGA-ZF-A9RN-01,73db40ce-2ba7-4a56-aef2-b78d2c744be1,1,mutant,1,Nonsense_Mutation,1,0,released
3aef78af-c9f2-4957-b18e-03b86af3a92a,TCGA-ZF-AA4N-01Z-00-DX1.F176510E-CF8B-4681-9CDE-B6210D8DC88F.svs,TCGA-ZF-AA4N-01Z-00-DX1.F176510E-CF8B-4681-9CDE-B6210D8DC88F.svs,f176510e-cf8b-4681-9cde-b6210d8dc88f,TCGA-ZF-AA4N,TCGA-ZF-AA4N-01,c692e696-37fe-4fc1-90eb-8e34a91a98fc,1,mutant,1,Missense_Mutation,1,0,released
541b155f-e001-4359-bc04-2a3903b21adc,TCGA-ZF-AA4R-01Z-00-DX1.2CDCECED-FC91-48D4-AAAC-4452B7C2F218.svs,TCGA-ZF-AA4R-01Z-00-DX1.2CDCECED-FC91-48D4-AAAC-4452B7C2F218.svs,2cdceced-fc91-48d4-aaac-4452b7c2f218,TCGA-ZF-AA4R,TCGA-ZF-AA4R-01,b36e3b5f-8904-4722-adae-b00812efec65,0,wildtype,0,,0,0,released
61fcb98a-3be1-409e-ac20-1ae578b982e3,TCGA-ZF-AA4T-01Z-00-DX1.3AC48F6E-01E2-4C20-BEFE-3B4A150DFF67.svs,TCGA-ZF-AA4T-01Z-00-DX1.3AC48F6E-01E2-4C20-BEFE-3B4A150DFF67.svs,3ac48f6e-01e2-4c20-befe-3b4a150dff67,TCGA-ZF-AA4T,TCGA-ZF-AA4T-01,1859a4c5-78bc-4b1a-a26e-3d2b4cb221c2,1,mutant,1,Missense_Mutation,1,0,released
df7db7fc-a397-4304-8227-18bab186c9d4,TCGA-ZF-AA4U-01Z-00-DX1.E7FBFD1C-E974-4B9C-8DA8-D14FEC22D117.svs,TCGA-ZF-AA4U-01Z-00-DX1.E7FBFD1C-E974-4B9C-8DA8-D14FEC22D117.svs,e7fbfd1c-e974-4b9c-8da8-d14fec22d117,TCGA-ZF-AA4U,TCGA-ZF-AA4U-01,585dfb25-5013-4ae1-a26b-5fed08e6cdb3,0,wildtype,0,,0,0,released
337d251b-1b16-47c7-83fa-b81d20d38902,TCGA-ZF-AA4V-01Z-00-DX1.04E4C701-9AA4-41DC-A615-4EB695CE8E3C.svs,TCGA-ZF-AA4V-01Z-00-DX1.04E4C701-9AA4-41DC-A615-4EB695CE8E3C.svs,04e4c701-9aa4-41dc-a615-4eb695ce8e3c,TCGA-ZF-AA4V,TCGA-ZF-AA4V-01,ccd65bc8-82ef-453e-b4bc-a005cc2262d5,0,wildtype,0,,0,0,released
c490567c-9c1e-4c6e-a8cf-dc59fa18ab71,TCGA-ZF-AA4W-01Z-00-DX1.1B35CC2D-3115-4BCF-8BAD-164806CAA7D3.svs,TCGA-ZF-AA4W-01Z-00-DX1.1B35CC2D-3115-4BCF-8BAD-164806CAA7D3.svs,1b35cc2d-3115-4bcf-8bad-164806caa7d3,TCGA-ZF-AA4W,TCGA-ZF-AA4W-01,63443198-4fcf-40bd-befb-4a6920d29ca4,1,mutant,1,Missense_Mutation;Silent,1,0,released
c8979909-d5a1-4b09-8f28-d1e9d2e15a14,TCGA-ZF-AA4X-01Z-00-DX1.925D02DA-FAFF-4F2B-A3CE-BF884E5C4C03.svs,TCGA-ZF-AA4X-01Z-00-DX1.925D02DA-FAFF-4F2B-A3CE-BF884E5C4C03.svs,925d02da-faff-4f2b-a3ce-bf884e5c4c03,TCGA-ZF-AA4X,TCGA-ZF-AA4X-01,e6f7bf6c-92b1-4795-94fc-b189d0c7877f,1,mutant,1,Missense_Mutation;Nonsense_Mutation,1,0,released
d73688b9-eee8-43ed-929f-e68ae407562a,TCGA-ZF-AA51-01Z-00-DX1.128C9731-C206-4E71-9A64-864FA9FD7E96.svs,TCGA-ZF-AA51-01Z-00-DX1.128C9731-C206-4E71-9A64-864FA9FD7E96.svs,128c9731-c206-4e71-9a64-864fa9fd7e96,TCGA-ZF-AA51,TCGA-ZF-AA51-01,1029514b-a32c-4c43-a440-a5ba2709f717,1,mutant,1,Nonsense_Mutation,1,0,released
142a7ae4-8995-465f-b4bd-a57c9af36920,TCGA-ZF-AA52-01Z-00-DX1.BABC9074-8AF5-42E7-B3F8-39590121B620.svs,TCGA-ZF-AA52-01Z-00-DX1.BABC9074-8AF5-42E7-B3F8-39590121B620.svs,babc9074-8af5-42e7-b3f8-39590121b620,TCGA-ZF-AA52,TCGA-ZF-AA52-01,6c5f09f0-2019-4440-8554-e8912bce5e98,1,mutant,1,Frame_Shift_Ins;Missense_Mutation,1,0,released
b3119763-c31c-4289-9f5c-a4ca70cb35cc,TCGA-ZF-AA53-01Z-00-DX1.04E05AAC-DAE2-428F-98DD-37F2B414E818.svs,TCGA-ZF-AA53-01Z-00-DX1.04E05AAC-DAE2-428F-98DD-37F2B414E818.svs,04e05aac-dae2-428f-98dd-37f2b414e818,TCGA-ZF-AA53,TCGA-ZF-AA53-01,92c6856a-b26f-4512-bbb1-8a8aff4636ab,1,mutant,1,Nonsense_Mutation,1,0,released
eb1283c8-90b2-4c48-85ba-6743c3eaa7cc,TCGA-ZF-AA54-01Z-00-DX1.9118BB51-333A-4257-A797-75620F1E7AD6.svs,TCGA-ZF-AA54-01Z-00-DX1.9118BB51-333A-4257-A797-75620F1E7AD6.svs,9118bb51-333a-4257-a797-75620f1e7ad6,TCGA-ZF-AA54,TCGA-ZF-AA54-01,bca645ae-a0c9-4005-b672-85d8920b6afb,1,mutant,1,Nonsense_Mutation,1,0,released
f4923380-64e7-4efd-accb-e62a59a2cf41,TCGA-ZF-AA58-01Z-00-DX1.85C3611E-11FA-4AAE-B880-C67C8CC7383B.svs,TCGA-ZF-AA58-01Z-00-DX1.85C3611E-11FA-4AAE-B880-C67C8CC7383B.svs,85c3611e-11fa-4aae-b880-c67c8cc7383b,TCGA-ZF-AA58,TCGA-ZF-AA58-01,0da6502c-058d-47f5-9996-8aa1d511d7e4,1,mutant,1,Missense_Mutation,1,0,released
1cacccc4-bbbf-4de6-858f-d0b59375dc82,TCGA-ZF-AA5H-01Z-00-DX1.2B5DF00E-E0FD-4C58-A82C-3107A27F99D6.svs,TCGA-ZF-AA5H-01Z-00-DX1.2B5DF00E-E0FD-4C58-A82C-3107A27F99D6.svs,2b5df00e-e0fd-4c58-a82c-3107a27f99d6,TCGA-ZF-AA5H,TCGA-ZF-AA5H-01,04477379-6c51-45d9-b9b9-d05d53b53945,1,mutant,1,Nonsense_Mutation,1,0,released
7dc2d364-0dc5-4e2b-b01b-ec3d483cf0b4,TCGA-ZF-AA5N-01Z-00-DX1.A207E3EE-CC7D-4267-A77E-71BBD15B95A8.svs,TCGA-ZF-AA5N-01Z-00-DX1.A207E3EE-CC7D-4267-A77E-71BBD15B95A8.svs,a207e3ee-cc7d-4267-a77e-71bbd15b95a8,TCGA-ZF-AA5N,TCGA-ZF-AA5N-01,f78cb4fa-5548-40f8-b71b-663dde47f539,0,wildtype,0,,0,0,released
039371b9-2d73-4eaa-bf51-9958c41aa177,TCGA-ZF-AA5P-01Z-00-DX1.B91697A2-A186-4E67-A818-56271D2009A9.svs,TCGA-ZF-AA5P-01Z-00-DX1.B91697A2-A186-4E67-A818-56271D2009A9.svs,b91697a2-a186-4e67-a818-56271d2009a9,TCGA-ZF-AA5P,TCGA-ZF-AA5P-01,24d56331-4bca-4ab8-9fb7-a95a30b4c8fe,1,mutant,1,Missense_Mutation,1,0,released
