fold,slide_id,gini,normalized_gini,max_weight,entropy,normalized_entropy,run
1,TCGA-4Z-AA7R-01Z-00-DX1.8FBDAFEB-265F-4594-9069-E34BAB417FC4,0.205502,0.256877,0.296488,1.536868,0.954910,All (with consensus)
1,TCGA-4Z-AA7Y-01Z-00-DX1.5771D5DA-5163-4F6C-A99A-DA682D3F059F,0.209824,0.262279,0.287199,1.526337,0.948367,All (with consensus)
1,TCGA-BL-A13J-01Z-00-DX1.F2AFDD81-C88A-45EA-AC10-D9B38E878019,0.197068,0.246335,0.304635,1.546034,0.960605,All (with consensus)
1,TCGA-BL-A13J-01Z-00-DX2.289B5C8E-56AF-440D-A844-36BD98B573AF,0.176337,0.220421,0.315743,1.555134,0.966259,All (with consensus)
1,TCGA-BT-A20P-01Z-00-DX1.721A7D6B-C9F3-4A70-8E84-EA2556349AE1,0.207487,0.259358,0.287156,1.530796,0.951137,All (with consensus)
1,TCGA-BT-A20Q-01Z-00-DX1.BFF3D35C-CB0C-49C3-8D35-D5C84E133B49,0.181498,0.226873,0.297314,1.550682,0.963493,All (with consensus)
1,TCGA-BT-A20T-01Z-00-DX1.96460E53-65E0-425F-B079-939D7AA537BE,0.208823,0.261029,0.294593,1.530379,0.950878,All (with consensus)
1,TCGA-BT-A20W-01Z-00-DX1.26F73765-704B-4D81-923D-F20860A3EFFC,0.178869,0.223587,0.269528,1.548907,0.962390,All (with consensus)
1,TCGA-BT-A2LD-01Z-00-DX1.A2AEDD2E-481A-401B-BDD7-5D680B5E36E9,0.159134,0.198917,0.259504,1.558094,0.968099,All (with consensus)
1,TCGA-BT-A3PK-01Z-00-DX1.0C10EB75-B766-47DB-8BD0-853F81074355,0.186211,0.232764,0.264545,1.538259,0.955774,All (with consensus)
1,TCGA-BT-A42B-01Z-00-DX1.00FCBDE2-728B-4024-A515-64A366DAB307,0.141259,0.176573,0.244389,1.553738,0.965392,All (with consensus)
1,TCGA-C4-A0F1-01Z-00-DX1.C29436CC-B584-4898-8168-97B5552B1B24,0.172187,0.215234,0.278714,1.559095,0.968720,All (with consensus)
1,TCGA-CF-A27C-01Z-00-DX1.0FDBC44E-EC0D-4C6F-8B77-177CB1516CF1,0.253278,0.316598,0.347147,1.503999,0.934487,All (with consensus)
1,TCGA-CF-A3MF-01Z-00-DX1.91768C26-5BB1-4DE6-9737-AA26BD687A75,0.266731,0.333414,0.335505,1.489199,0.925291,All (with consensus)
1,TCGA-CF-A3MG-01Z-00-DX1.49D55C73-735B-496E-82DA-1F6BFE88D607,0.258298,0.322872,0.332316,1.497021,0.930151,All (with consensus)
1,TCGA-CF-A47X-01Z-00-DX1.1FA2C95C-CFB9-47AA-9BA8-2C2D391BA5D7,0.167409,0.209262,0.260038,1.555384,0.966415,All (with consensus)
1,TCGA-CF-A47Y-01Z-00-DX1.1D4B8964-E7AB-4C6F-80AC-AF84B80B80C2,0.217851,0.272314,0.325372,1.529082,0.950072,All (with consensus)
1,TCGA-CF-A8HX-01Z-00-DX1.92B22756-3D98-4DE6-A077-36C9F1AF1EC2,0.233089,0.291361,0.322824,1.519405,0.944059,All (with consensus)
1,TCGA-CU-A5W6-01Z-00-DX1.11155086-4A71-4207-85B9-CAF7B6D3D60D,0.202372,0.252966,0.279823,1.535465,0.954038,All (with consensus)
1,TCGA-DK-A1A7-01Z-00-DX1.57B1442D-8862-447F-98D4-0D52F7B94E62,0.207524,0.259405,0.280902,1.533086,0.952560,All (with consensus)
1,TCGA-DK-A1AB-01Z-00-DX1.D6032D7B-43EF-469B-A29D-D6DC41DB46D7,0.145756,0.182195,0.256412,1.557519,0.967741,All (with consensus)
1,TCGA-DK-A1AC-01Z-00-DX1.6F484315-00FC-4D41-86E2-16200DC61A04,0.156223,0.195278,0.271573,1.569551,0.975217,All (with consensus)
1,TCGA-DK-A3IQ-01Z-00-DX1.D68A6FD8-6E48-4FC1-BAF3-B80D6198EFAE,0.206970,0.258713,0.290249,1.534479,0.953425,All (with consensus)
1,TCGA-DK-A6AW-01Z-00-DX1.C2453A8C-8282-443C-9E76-5B6CAD2FE69B,0.245086,0.306358,0.318258,1.501771,0.933103,All (with consensus)
1,TCGA-DK-A6B5-01Z-00-DX1.A1A01D61-DAA3-4172-8D69-FF0456190967,0.202792,0.253490,0.304759,1.537507,0.955307,All (with consensus)
1,TCGA-E5-A4U1-01Z-00-DX1.A088BCB3-86D7-4895-A168-00981B44EF78,0.225514,0.281893,0.328727,1.524520,0.947238,All (with consensus)
1,TCGA-E7-A3X6-01Z-00-DX1.5566A0E9-E1C3-4F97-8C82-D2FF3FE3FD8D,0.177627,0.222034,0.261085,1.544000,0.959341,All (with consensus)
1,TCGA-E7-A519-01Z-00-DX1.F197805D-A2DB-4207-91EC-A9AE1FE16C53,0.189368,0.236709,0.291616,1.545717,0.960408,All (with consensus)
1,TCGA-E7-A5KF-01Z-00-DX1.61663245-91CA-423F-9639-30B9F7E216C4,0.145050,0.181312,0.268115,1.571054,0.976151,All (with consensus)
1,TCGA-E7-A6MD-01Z-00-DX1.7E0C04CD-B51E-47F7-B79D-FEEC9B5023FF,0.171526,0.214408,0.279470,1.559775,0.969143,All (with consensus)
1,TCGA-E7-A6MF-01Z-00-DX1.2B0C8CBF-3244-4D17-B9CA-3CBE000BEC29,0.100629,0.125786,0.248093,1.591177,0.988654,All (with consensus)
1,TCGA-E7-A7DV-01Z-00-DX1.FCE4752B-30BC-4747-A9F4-38141E09F005,0.195756,0.244696,0.302665,1.543028,0.958737,All (with consensus)
1,TCGA-E7-A97Q-01Z-00-DX1.821AF545-5433-4D2C-AACE-EA206E15B13D,0.202220,0.252775,0.303069,1.538106,0.955679,All (with consensus)
1,TCGA-FD-A3SN-01Z-00-DX1.CB50ED59-FB7E-4892-AF72-6D297EC62466,0.198625,0.248281,0.286065,1.538762,0.956087,All (with consensus)
1,TCGA-FD-A3SO-01Z-00-DX1.C3A855BF-976F-4E2B-9E39-3D1AEA1A67F6,0.204268,0.255335,0.311741,1.538433,0.955882,All (with consensus)
1,TCGA-FD-A3SQ-01Z-00-DX1.86DF2023-BD72-4D84-B7AA-2330AA433DB9,0.221994,0.277492,0.307498,1.525134,0.947619,All (with consensus)
1,TCGA-FD-A5BS-01Z-00-DX1.A7155CEB-37C9-4AD2-B229-B76F18814585,0.164977,0.206222,0.276956,1.560329,0.969487,All (with consensus)
1,TCGA-FD-A5BT-01Z-00-DX1.2A4716E6-A5C0-4C69-82FD-E771ABB3B28D,0.154121,0.192651,0.269142,1.560761,0.969755,All (with consensus)
1,TCGA-FD-A5BU-01Z-00-DX1.94A8468C-59E7-4185-A877-CC271EA01C90,0.172636,0.215795,0.277135,1.553860,0.965467,All (with consensus)
1,TCGA-FD-A5BX-01Z-00-DX1.172B23F4-4651-4C93-93E1-D0E81331DCA7,0.208885,0.261107,0.312375,1.530368,0.950871,All (with consensus)
1,TCGA-FD-A5BY-01Z-00-DX1.9DF7C69C-FABA-46DC-9954-A7120C65061F,0.162478,0.203098,0.263433,1.555606,0.966553,All (with consensus)
1,TCGA-FD-A5C0-01Z-00-DX1.D11E8348-04DE-4934-B063-2E3F3AD8D110,0.185380,0.231726,0.287764,1.547609,0.961583,All (with consensus)
1,TCGA-FD-A62O-01Z-00-DX1.4DD5E512-EF71-498B-8C25-18F42D0E1F1F,0.152737,0.190922,0.253648,1.556887,0.967348,All (with consensus)
1,TCGA-FD-A6TA-01Z-00-DX1.FC156A8A-B71C-46A3-B83F-99DB0FC41FC8,0.170756,0.213445,0.261999,1.550989,0.963684,All (with consensus)
1,TCGA-FD-A6TD-01Z-00-DX1.836B03BC-CD19-437D-A925-9862BB08AB1D,0.180297,0.225371,0.281895,1.547214,0.961338,All (with consensus)
1,TCGA-G2-A2EC-01Z-00-DX1.44DA27E7-C499-46A1-A871-DBA4E5BCAA6A,0.250753,0.313441,0.345901,1.504559,0.934835,All (with consensus)
1,TCGA-G2-A2EC-01Z-00-DX2.42C4093A-A313-41E6-B2FD-B7928F9B32F9,0.236547,0.295684,0.330506,1.515435,0.941593,All (with consensus)
1,TCGA-G2-A2EC-01Z-00-DX3.6DD4B773-86DE-4D58-A405-3C1B45FD6004,0.237202,0.296502,0.328630,1.514270,0.940869,All (with consensus)
1,TCGA-G2-A2EC-01Z-00-DX4.8E4382A4-71F9-4BC3-89AA-09B4F1B54985,0.261976,0.327469,0.358078,1.493086,0.927707,All (with consensus)
1,TCGA-G2-A2EC-01Z-00-DX5.94164B15-8070-4F16-B0A5-C9345E00BB83,0.246427,0.308034,0.334820,1.507630,0.936743,All (with consensus)
1,TCGA-G2-A2EC-01Z-00-DX6.60307899-9A64-4176-8617-BEBEFEF81CEE,0.249530,0.311912,0.336635,1.502010,0.933251,All (with consensus)
1,TCGA-G2-A2EC-01Z-00-DX7.F421FDF6-AF52-44C9-8AB2-9E37E1B8C8CC,0.248317,0.310396,0.323712,1.502982,0.933855,All (with consensus)
1,TCGA-G2-A2EC-01Z-00-DX8.59E69965-ADB5-4E9D-B455-D766A90EB2AD,0.250570,0.313213,0.342144,1.506732,0.936185,All (with consensus)
1,TCGA-GC-A3RB-01Z-00-DX1.C0011A55-EA8A-436B-BBCA-342B96803B22,0.152196,0.190246,0.276624,1.569464,0.975163,All (with consensus)
1,TCGA-GC-A3RD-01Z-00-DX1.40B5E97D-B45F-4C93-A41B-0F17B757491B,0.211024,0.263781,0.309408,1.536758,0.954841,All (with consensus)
1,TCGA-GC-A4ZW-01Z-00-DX1.6ECD07FB-AE2C-4A04-812F-F5FB2B31F820,0.225200,0.281500,0.323054,1.527391,0.949021,All (with consensus)
1,TCGA-GU-A764-01Z-00-DX1.213E1BDD-33DE-454E-BE79-940E5D793D42,0.199453,0.249316,0.278236,1.531101,0.951327,All (with consensus)
1,TCGA-GU-AATQ-01Z-00-DX1.6D436809-1238-44CA-9CFC-03DC2277C192,0.198550,0.248187,0.295509,1.540517,0.957177,All (with consensus)
1,TCGA-GV-A3QI-01Z-00-DX1.0B9889AC-06C7-405F-B300-D93EB0F19D9A,0.191561,0.239452,0.287380,1.548850,0.962355,All (with consensus)
1,TCGA-GV-A40G-01Z-00-DX1.AD1A709F-A10C-4E69-B4ED-6361777361FD,0.182641,0.228301,0.293706,1.554816,0.966062,All (with consensus)
1,TCGA-HQ-A2OE-01Z-00-DX1.6F764592-DFDC-4636-BE91-3F1F92EE5A65,0.124690,0.155863,0.253389,1.576836,0.979743,All (with consensus)
1,TCGA-K4-A54R-01Z-00-DX1.66AAF596-8C68-4857-9944-226F39E82CA8,0.188821,0.236027,0.276657,1.544575,0.959698,All (with consensus)
1,TCGA-K4-A6MB-01Z-00-DX1.4A6009D3-05D9-4E8B-8EB2-4A52B5B6FED8,0.180736,0.225920,0.266029,1.547344,0.961419,All (with consensus)
1,TCGA-K4-AAQO-01Z-00-DX1.7533831F-414B-4BA5-9CDA-D8B24E579962,0.184984,0.231230,0.278656,1.549841,0.962971,All (with consensus)
1,TCGA-LT-A5Z6-01Z-00-DX1.F547947F-DDB8-4DFF-B08E-FB494F7F044B,0.155271,0.194089,0.275944,1.567959,0.974228,All (with consensus)
1,TCGA-MV-A51V-01Z-00-DX1.5D626704-0803-4912-96D5-FB1EEFA509FB,0.141795,0.177244,0.268609,1.574403,0.978232,All (with consensus)
1,TCGA-S5-A6DX-01Z-00-DX1.70418D45-0396-4838-BF0C-588C7719A131,0.212120,0.265150,0.329879,1.533942,0.953092,All (with consensus)
1,TCGA-UY-A8OC-01Z-00-DX1.EE2DF9C6-3CA9-411D-85D4-D1831F14AAFD,0.197066,0.246333,0.316863,1.538689,0.956041,All (with consensus)
1,TCGA-XF-A8HC-01Z-00-DX1.BF199254-2954-4836-B037-E10493275D8C,0.189990,0.237488,0.286181,1.548300,0.962013,All (with consensus)
1,TCGA-XF-A8HE-01Z-00-DX1.A0E05485-2A24-4BD0-8B2F-E0D9641ADD9F,0.163503,0.204379,0.267400,1.548998,0.962447,All (with consensus)
1,TCGA-XF-A8HG-01Z-00-DX1.9D3970D1-C598-4F4C-ABBD-92C55C7C837A,0.213933,0.267417,0.297760,1.530645,0.951043,All (with consensus)
1,TCGA-XF-A9SY-01Z-00-DX1.758C5D9F-274B-4D4A-92D3-78728CB35139,0.194113,0.242641,0.306444,1.541098,0.957538,All (with consensus)
1,TCGA-XF-A9T0-01Z-00-DX1.63C52F23-3DE3-4D3A-914E-E7F3CB23D410,0.167314,0.209142,0.263207,1.557933,0.967998,All (with consensus)
1,TCGA-XF-A9T2-01Z-00-DX1.E33F796C-46EB-44C4-AC65-ED6098EE3043,0.184707,0.230883,0.268164,1.544335,0.959550,All (with consensus)
1,TCGA-XF-A9T4-01Z-00-DX1.1F44D95D-E341-4FBA-BCB5-43E89E6C359E,0.185309,0.231636,0.265920,1.541894,0.958032,All (with consensus)
1,TCGA-XF-AAMF-01Z-00-DX1.01371D44-969E-44C8-993B-13B83D9E4F0F,0.175439,0.219299,0.293344,1.556795,0.967291,All (with consensus)
1,TCGA-XF-AAML-01Z-00-DX1.E2780FA6-641F-4A5A-B755-9ABD3C57C13E,0.182964,0.228705,0.280040,1.551892,0.964245,All (with consensus)
1,TCGA-XF-AAN0-01Z-00-DX1.B9D6C207-F124-4558-ABD4-2846F42C5F66,0.174869,0.218587,0.274538,1.553100,0.964995,All (with consensus)
1,TCGA-XF-AAN5-01Z-00-DX1.DACB5253-366B-40A2-AD52-376F26C103A6,0.217664,0.272080,0.301106,1.525848,0.948063,All (with consensus)
1,TCGA-YC-A9TC-01Z-00-DX1.D7C1A85C-C39C-436F-A22A-2A09558CCF18,0.213034,0.266293,0.318195,1.533683,0.952931,All (with consensus)
1,TCGA-YC-A9TC-01Z-00-DX2.F74F61C0-CB9F-4E6E-BDA7-D206ECBBDEFC,0.214241,0.267802,0.321540,1.532746,0.952349,All (with consensus)
1,TCGA-ZF-A9R7-01Z-00-DX1.AF323B5F-EE04-422E-B635-1050870897DC,0.229067,0.286334,0.335157,1.525732,0.947991,All (with consensus)
1,TCGA-ZF-AA4V-01Z-00-DX1.04E4C701-9AA4-41DC-A615-4EB695CE8E3C,0.168588,0.210735,0.272267,1.559562,0.969010,All (with consensus)
1,TCGA-ZF-AA4W-01Z-00-DX1.1B35CC2D-3115-4BCF-8BAD-164806CAA7D3,0.165650,0.207063,0.259921,1.551276,0.963862,All (with consensus)
1,TCGA-ZF-AA5H-01Z-00-DX1.2B5DF00E-E0FD-4C58-A82C-3107A27F99D6,0.125391,0.156739,0.239702,1.567510,0.973948,All (with consensus)
1,TCGA-ZF-AA5N-01Z-00-DX1.A207E3EE-CC7D-4267-A77E-71BBD15B95A8,0.210561,0.263201,0.295743,1.534968,0.953729,All (with consensus)
1,TCGA-ZF-AA5P-01Z-00-DX1.B91697A2-A186-4E67-A818-56271D2009A9,0.128441,0.160552,0.247553,1.573134,0.977443,All (with consensus)
2,TCGA-2F-A9KR-01Z-00-DX1.D6A4BD2D-18F3-4FA6-8272-60392DDAF7B5,0.125583,0.156978,0.254693,1.583393,0.983817,All (with consensus)
2,TCGA-4Z-AA7N-01Z-00-DX1.10AA3499-6678-4DB2-9466-9CB3EA25CBB6,0.181862,0.227327,0.312459,1.555964,0.966775,All (with consensus)
2,TCGA-4Z-AA7S-01Z-00-DX1.35242781-51FD-4883-A347-6EADC40E39C2,0.150916,0.188645,0.302314,1.570809,0.975999,All (with consensus)
2,TCGA-4Z-AA81-01Z-00-DX1.797432E9-56C6-4142-9AA4-233D7C565BF1,0.140735,0.175919,0.283224,1.576184,0.979338,All (with consensus)
2,TCGA-BL-A5ZZ-01Z-00-DX1.4CF32B22-118E-4570-B341-0F35258329E6,0.152215,0.190269,0.292599,1.572319,0.976936,All (with consensus)
2,TCGA-BL-A5ZZ-01Z-00-DX2.BB151354-01C6-43DE-ABCC-0B03468D54FF,0.150734,0.188418,0.311770,1.568664,0.974666,All (with consensus)
2,TCGA-BT-A3PH-01Z-00-DX1.18FB196C-9F66-4676-81DC-F58A0A5577D8,0.221085,0.276356,0.332028,1.527759,0.949250,All (with consensus)
2,TCGA-C4-A0F7-01Z-00-DX1.606C3AFA-F93D-4226-AA49-41B5916F9018,0.129913,0.162391,0.280967,1.581323,0.982531,All (with consensus)
2,TCGA-CF-A47V-01Z-00-DX1.DCDFBB74-48BC-434A-ABD3-55367C56F2FD,0.120696,0.150870,0.285597,1.583547,0.983913,All (with consensus)
2,TCGA-CF-A7I0-01Z-00-DX1.9920A024-B523-4CB6-992F-0BD80D9E11C9,0.091399,0.114249,0.247757,1.595981,0.991638,All (with consensus)
2,TCGA-CF-A9FF-01Z-00-DX1.69267287-0015-4BC2-A965-CEE9D0CFC5AA,0.107517,0.134397,0.244049,1.589022,0.987315,All (with consensus)
2,TCGA-CU-A0YN-01Z-00-DX1.6C5EAAAF-8F14-49D3-8FFC-9BDAE56CAFD0,0.168362,0.210453,0.299176,1.563388,0.971388,All (with consensus)
2,TCGA-CU-A0YR-01Z-00-DX1.B3690B2C-0B90-47D6-8709-D493A74E3F7B,0.189017,0.236271,0.303039,1.550327,0.963273,All (with consensus)
2,TCGA-CU-A72E-01Z-00-DX1.11B1B313-85DB-460B-9B78-398224F63A04,0.178536,0.223170,0.368216,1.533397,0.952753,All (with consensus)
2,TCGA-DK-A1A3-01Z-00-DX1.89FB6586-56D1-4EF7-AE4B-66EED29667CD,0.154892,0.193615,0.320518,1.564730,0.972222,All (with consensus)
2,TCGA-DK-A1A5-01Z-00-DX1.463753DB-C4EA-4973-AF04-4BD0FF39C19D,0.174502,0.218127,0.309637,1.560509,0.969599,All (with consensus)
2,TCGA-DK-A1A6-01Z-00-DX1.FC604B50-6BA7-488C-A153-7F9610E6E37B,0.185942,0.232427,0.305769,1.551596,0.964061,All (with consensus)
2,TCGA-DK-A1AE-01Z-00-DX1.85F1B791-E0CD-479F-9C2D-E411981E4471,0.224027,0.280034,0.334282,1.528006,0.949403,All (with consensus)
2,TCGA-DK-A2I6-01Z-00-DX1.7BF86D3B-D4F7-47F9-B021-7FD6B673A238,0.189025,0.236281,0.300210,1.551129,0.963771,All (with consensus)
2,TCGA-DK-A3IU-01Z-00-DX1.A624F891-20E8-48F6-8FAE-D046F30E257C,0.157284,0.196605,0.316070,1.565281,0.972564,All (with consensus)
2,TCGA-DK-A3WX-01Z-00-DX1.02E25F1B-4726-4D9E-BBC0-CF42F548F559,0.112360,0.140451,0.256476,1.588735,0.987136,All (with consensus)
2,TCGA-DK-A3X1-01Z-00-DX1.DE470E1B-1DB4-4985-B11D-ECB02A65CA6C,0.172446,0.215558,0.283174,1.557254,0.967576,All (with consensus)
2,TCGA-DK-A6B1-01Z-00-DX1.16F4E625-D690-45CD-B810-9E7F12EF9A90,0.112899,0.141124,0.261515,1.589427,0.987567,All (with consensus)
2,TCGA-DK-A6B2-01Z-00-DX1.23D318D9-A05D-49D5-8C0E-BAA71BC2AFFA,0.190310,0.237887,0.309352,1.551386,0.963930,All (with consensus)
2,TCGA-DK-A6B6-01Z-00-DX1.CD8B2F09-A5BA-4795-92FD-03A7315C3A2D,0.117769,0.147212,0.259406,1.587280,0.986232,All (with consensus)
2,TCGA-E7-A7PW-01Z-00-DX1.27B92FC6-D50C-4816-A2C2-35E73D379DDD,0.185862,0.232328,0.296352,1.552617,0.964695,All (with consensus)
2,TCGA-FD-A3B3-01Z-00-DX1.CD634C50-2746-468E-BEEC-50E76E400602,0.195784,0.244730,0.339764,1.542839,0.958620,All (with consensus)
2,TCGA-FD-A3N5-01Z-00-DX1.C42537CC-55C9-43CD-921E-75D010B06582,0.191450,0.239313,0.330641,1.548586,0.962191,All (with consensus)
2,TCGA-FD-A3SL-01Z-00-DX1.7B364C1F-3879-43C1-A3C7-B1CB03A7616B,0.147131,0.183914,0.298910,1.572841,0.977261,All (with consensus)
2,TCGA-FD-A3SP-01Z-00-DX1.05986238-A4B9-497D-9D00-8DB37B0040FE,0.134602,0.168253,0.279513,1.578784,0.980953,All (with consensus)
2,TCGA-FD-A3SS-01Z-00-DX1.FEEC4D8E-E87D-4742-B377-5DA2999D6997,0.188259,0.235323,0.327868,1.549291,0.962629,All (with consensus)
2,TCGA-FD-A43P-01Z-00-DX1.792612F7-802C-4A90-A2B5-A6A82FCDE92F,0.200421,0.250526,0.384417,1.517951,0.943156,All (with consensus)
2,TCGA-FD-A43Y-01Z-00-DX1.6516167F-A303-4524-98D6-E32CB521ED08,0.209722,0.262152,0.381429,1.518981,0.943796,All (with consensus)
2,TCGA-FD-A5BV-01Z-00-DX1.FD47C060-5104-45AC-95F8-0C4C5924FE26,0.237296,0.296620,0.414103,1.488178,0.924657,All (with consensus)
2,TCGA-FD-A5C1-01Z-00-DX1.EAD87C49-A25C-4D37-AF27-E27F7016E065,0.186280,0.232850,0.348349,1.543463,0.959007,All (with consensus)
2,TCGA-FD-A62P-01Z-00-DX1.56B14555-896E-420A-AE8B-4E2D35D87871,0.219184,0.273979,0.380776,1.516801,0.942441,All (with consensus)
2,TCGA-FD-A6TB-01Z-00-DX1.CDCC077C-2DFE-4B04-A0D0-69E1CFE80AC5,0.192922,0.241152,0.342020,1.544276,0.959512,All (with consensus)
2,TCGA-FD-A6TF-01Z-00-DX1.15B2C3E0-A0D7-4879-82B1-6C9AB09AF8E2,0.246287,0.307859,0.419173,1.481775,0.920679,All (with consensus)
2,TCGA-G2-A2EF-01Z-00-DX1.5FA6C53C-C749-46CE-B85C-DDFE27962F7C,0.157714,0.197143,0.287626,1.568697,0.974686,All (with consensus)
2,TCGA-G2-A2EF-01Z-00-DX2.90428613-C414-421F-9502-EADCEBC47184,0.172709,0.215886,0.294987,1.561358,0.970126,All (with consensus)
2,TCGA-G2-A2EF-01Z-00-DX3.04EC2CA4-7CCF-4DB6-829D-9067E7EF07C4,0.158281,0.197851,0.282644,1.569458,0.975159,All (with consensus)
2,TCGA-G2-A2EF-01Z-00-DX4.70FC5B2D-E8EC-41EE-99B7-CB3FFC0F4D98,0.149815,0.187269,0.282001,1.573714,0.977803,All (with consensus)
2,TCGA-G2-A3IE-01Z-00-DX1.DEEF9D35-CE4C-499F-9481-9E9E379694FC,0.168221,0.210276,0.281852,1.563119,0.971220,All (with consensus)
2,TCGA-G2-A3IE-01Z-00-DX2.48A6B225-8608-41A5-9268-63262105DDED,0.162632,0.203290,0.279207,1.566472,0.973304,All (with consensus)
2,TCGA-G2-AA3B-01Z-00-DX1.F4F8CCF4-E74C-4B07-B385-5E30E0E1BB0D,0.179768,0.224710,0.292960,1.555686,0.966602,All (with consensus)
2,TCGA-G2-AA3B-01Z-00-DX2.B9AC70CF-591B-4AFF-A8C0-F43A9C91CFF9,0.152206,0.190258,0.264431,1.569995,0.975493,All (with consensus)
2,TCGA-G2-AA3B-01Z-00-DX3.A193600C-0B83-4FEB-AB0C-DECF6FC78E1A,0.129538,0.161923,0.255080,1.580585,0.982073,All (with consensus)
2,TCGA-G2-AA3B-01Z-00-DX4.6E70BFE1-D95F-48A9-9897-97322FBA937A,0.166558,0.208198,0.270179,1.562827,0.971039,All (with consensus)
2,TCGA-G2-AA3B-01Z-00-DX5.57084980-934B-4A4A-A720-24FA2E9E0CB2,0.147013,0.183767,0.260525,1.573067,0.977401,All (with consensus)
2,TCGA-GC-A3WC-01Z-00-DX1.D8F5CD43-7338-414C-ADE8-AC0BBC6A871C,0.132915,0.166143,0.266479,1.580499,0.982019,All (with consensus)
2,TCGA-GC-A6I1-01Z-00-DX1.2AD569EC-372B-4B72-A222-924091ADEE99,0.173832,0.217291,0.311412,1.560187,0.969399,All (with consensus)
2,TCGA-GD-A2C5-01Z-00-DX1.3A81505E-5BF9-466C-938B-28909CD88193,0.186304,0.232880,0.361731,1.536054,0.954404,All (with consensus)
2,TCGA-GD-A3OP-01Z-00-DX1.A1D66E35-8E4D-4420-AD57-D45016D016D5,0.229340,0.286675,0.377469,1.514738,0.941160,All (with consensus)
2,TCGA-GU-A42R-01Z-00-DX1.1A14BFD8-DE37-4D10-ACB6-317ECEB930CA,0.124026,0.155033,0.262902,1.583089,0.983629,All (with consensus)
2,TCGA-GU-A42R-01Z-00-DX2.B54CCE4D-E4DE-473B-B7C6-5A349FD7F55C,0.112857,0.141071,0.268383,1.588903,0.987241,All (with consensus)
2,TCGA-GU-AATP-01Z-00-DX1.0D8EC37C-88E7-49D5-A76D-F0A4A3FD8AE4,0.145955,0.182444,0.311870,1.569744,0.975337,All (with consensus)
2,TCGA-GV-A3JW-01Z-00-DX1.152AD6E5-D30A-4D94-A793-3DDF3828625C,0.160295,0.200369,0.300242,1.567281,0.973806,All (with consensus)
2,TCGA-GV-A3QK-01Z-00-DX1.DACDDD23-0DD8-44EC-9FE2-945ADEA8AC43,0.208930,0.261162,0.364283,1.528912,0.949966,All (with consensus)
2,TCGA-H4-A2HQ-01Z-00-DX1.DFBDDFDD-0C65-4130-96F5-4E3838190D13,0.203499,0.254374,0.317668,1.543253,0.958877,All (with consensus)
2,TCGA-K4-A3WS-01Z-00-DX1.6814457F-C30E-4B3D-BA37-B701FF591BFE,0.133642,0.167052,0.277650,1.581029,0.982348,All (with consensus)
2,TCGA-K4-A4AB-01Z-00-DX1.88A9D084-1B3B-4B13-AAD7-18C6587624C0,0.125426,0.156782,0.269409,1.584459,0.984479,All (with consensus)
2,TCGA-K4-A5RH-01Z-00-DX1.8AA2FC59-CDA4-49F5-BAB7-B14B6792FAF8,0.156263,0.195329,0.291976,1.570035,0.975518,All (with consensus)
2,TCGA-LT-A8JT-01Z-00-DX1.8D04BB53-EEA9-401B-B92E-8EB9DEEE7E4E,0.115328,0.144161,0.266751,1.587633,0.986452,All (with consensus)
2,TCGA-S5-AA26-01Z-00-DX1.10D28D0C-D537-485E-A371-E3C60ED66FE7,0.117389,0.146736,0.256175,1.586412,0.985693,All (with consensus)
2,TCGA-UY-A78N-01Z-00-DX1.31873403-A629-4ED9-B2AF-14817689BB3B,0.164313,0.205391,0.298493,1.565711,0.972831,All (with consensus)
2,TCGA-UY-A8OD-01Z-00-DX1.3985C497-D586-4AB9-A635-63A7946C5A2E,0.140430,0.175537,0.287685,1.576807,0.979725,All (with consensus)
2,TCGA-UY-A9PE-01Z-00-DX1.19205347-9969-475E-9293-E99D4833E462,0.193526,0.241908,0.330325,1.546417,0.960843,All (with consensus)
2,TCGA-UY-A9PF-01Z-00-DX1.8A5B3826-48D2-42AE-A4DE-C0BB90134FCB,0.146807,0.183508,0.314661,1.568518,0.974575,All (with consensus)
2,TCGA-UY-A9PH-01Z-00-DX1.7FAA1EC7-C2BB-47E0-BCEB-5D4095078B2E,0.172892,0.216115,0.301241,1.560628,0.969672,All (with consensus)
2,TCGA-XF-A8HF-01Z-00-DX1.119AB9B9-73CE-4DE3-B305-4872F704E3E4,0.143511,0.179389,0.264814,1.573544,0.977698,All (with consensus)
2,TCGA-XF-A9SJ-01Z-00-DX1.AED4FF1B-441D-47EE-B7E5-CC6C595D3D98,0.186611,0.233264,0.336561,1.548556,0.962172,All (with consensus)
2,TCGA-XF-A9T5-01Z-00-DX1.B0A44AF2-B075-4280-809E-DDACCDB20E3D,0.160475,0.200593,0.282368,1.568572,0.974609,All (with consensus)
2,TCGA-XF-A9T6-01Z-00-DX1.57AE17FC-DB4C-4D2B-A53F-A259E8482064,0.197408,0.246760,0.317387,1.545954,0.960556,All (with consensus)
2,TCGA-XF-AAMH-01Z-00-DX1.AB5E1C7D-C3BF-4A69-B614-0ED69F8A3C07,0.166148,0.207685,0.269678,1.558665,0.968453,All (with consensus)
2,TCGA-XF-AAMQ-01Z-00-DX1.E8D304A9-4BD0-4C62-8B01-4C00994F8EE9,0.185817,0.232271,0.333647,1.549650,0.962851,All (with consensus)
2,TCGA-XF-AAN1-01Z-00-DX1.F6F0E65A-0D01-4C00-AEAC-359D52C802BF,0.124455,0.155568,0.276918,1.580921,0.982281,All (with consensus)
2,TCGA-XF-AAN2-01Z-00-DX1.EB523A3A-0DE0-4FFC-9FE7-CF4FB2FB36CF,0.102531,0.128164,0.239084,1.589777,0.987784,All (with consensus)
2,TCGA-XF-AAN4-01Z-00-DX1.F9F1800B-9945-4695-B851-A4585E9D56D6,0.132635,0.165794,0.287640,1.578075,0.980513,All (with consensus)
2,TCGA-YC-A89H-01Z-00-DX1.ACE5AFD4-274B-4579-9B0E-EDD8D9251A8C,0.189192,0.236490,0.340989,1.544883,0.959890,All (with consensus)
2,TCGA-YF-AA3M-01Z-00-DX1.28587CDB-1FDF-4FD0-B809-86C7EA64562A,0.176642,0.220803,0.282206,1.552884,0.964861,All (with consensus)
2,TCGA-ZF-A9R0-01Z-00-DX1.B9FD30D2-807E-49F7-A9E0-C58226EDEF13,0.190319,0.237899,0.306671,1.549470,0.962740,All (with consensus)
2,TCGA-ZF-A9R5-01Z-00-DX1.50B18159-9376-411A-B519-12BB50D06DFC,0.164720,0.205900,0.271081,1.561195,0.970025,All (with consensus)
2,TCGA-ZF-A9R9-01Z-00-DX1.8E68A35C-F2B7-410E-A1DE-3C460D67DB85,0.177634,0.222042,0.267843,1.552710,0.964753,All (with consensus)
2,TCGA-ZF-A9RD-01Z-00-DX1.84823027-AA0A-412A-9DEA-EFBB8406FD9C,0.135138,0.168922,0.283009,1.579459,0.981373,All (with consensus)
2,TCGA-ZF-A9RG-01Z-00-DX1.E9C92201-31AD-4D7E-87C0-64842D705380,0.160506,0.200633,0.286637,1.567507,0.973947,All (with consensus)
2,TCGA-ZF-AA4T-01Z-00-DX1.3AC48F6E-01E2-4C20-BEFE-3B4A150DFF67,0.160894,0.201118,0.277628,1.567066,0.973673,All (with consensus)
2,TCGA-ZF-AA54-01Z-00-DX1.9118BB51-333A-4257-A797-75620F1E7AD6,0.159157,0.198946,0.301680,1.565962,0.972987,All (with consensus)
3,TCGA-2F-A9KO-01Z-00-DX1.195576CF-B739-4BD9-B15B-4A70AE287D3E,0.129523,0.161904,0.253095,1.578135,0.980550,All (with consensus)
3,TCGA-2F-A9KQ-01Z-00-DX1.1C8CB2DD-5CC6-4E99-A0F9-32A0F598F5F9,0.141643,0.177053,0.251030,1.570861,0.976031,All (with consensus)
3,TCGA-4Z-AA7M-01Z-00-DX1.05317C75-A8F3-4124-95D2-F039BEFFE63A,0.273746,0.342183,0.415229,1.474282,0.916023,All (with consensus)
3,TCGA-4Z-AA7O-01Z-00-DX1.A45C32E8-AA40-4182-8A6F-986DFE56A748,0.180487,0.225608,0.293099,1.556582,0.967159,All (with consensus)
3,TCGA-4Z-AA82-01Z-00-DX1.D18C9339-88DE-48E7-9D75-1ACB95483F7D,0.226153,0.282691,0.345971,1.524734,0.947371,All (with consensus)
3,TCGA-4Z-AA84-01Z-00-DX1.604B60F3-1E19-4335-9F8D-0D6920B1ACF8,0.324045,0.405056,0.488830,1.392979,0.865507,All (with consensus)
3,TCGA-BL-A0C8-01Z-00-DX1.E7FC7156-EF0C-4C79-93D1-1345ADB36A45,0.177384,0.221730,0.269331,1.548975,0.962432,All (with consensus)
3,TCGA-BL-A0C8-01Z-00-DX2.1D788C7B-801F-4957-B1DE-43DCAA82A16A,0.190098,0.237622,0.290482,1.547948,0.961794,All (with consensus)
3,TCGA-BL-A13I-01Z-00-DX1.D08284EF-2E42-44FE-A3B9-BEF64076A86E,0.186645,0.233307,0.281829,1.550443,0.963344,All (with consensus)
3,TCGA-BL-A13I-01Z-00-DX2.251412B0-EECB-420A-B963-B19432DB3F29,0.170524,0.213154,0.276495,1.559924,0.969235,All (with consensus)
3,TCGA-BL-A3JM-01Z-00-DX1.33E53972-CEA4-4D84-A5D2-7DAD7B0C27F8,0.179614,0.224518,0.327320,1.553855,0.965465,All (with consensus)
3,TCGA-BT-A0S7-01Z-00-DX1.32588823-EE4E-4F55-B586-29E8E9D98EDE,0.235484,0.294355,0.363357,1.515662,0.941734,All (with consensus)
3,TCGA-BT-A0YX-01Z-00-DX1.B28C49EA-BF1C-44D8-B9A0-DC0A6172702E,0.221010,0.276263,0.295630,1.523833,0.946811,All (with consensus)
3,TCGA-BT-A20J-01Z-00-DX1.EB1BC7DB-9BF1-467D-B897-9BA2130320CB,0.194177,0.242722,0.327843,1.538125,0.955691,All (with consensus)
3,TCGA-BT-A20R-01Z-00-DX1.38320FC0-F1E5-401B-9336-D77796456B30,0.231541,0.289426,0.350089,1.521688,0.945478,All (with consensus)
3,TCGA-BT-A2LA-01Z-00-DX1.B76379CE-99AB-4598-B55B-0FA800B8DB74,0.201852,0.252315,0.337619,1.540716,0.957301,All (with consensus)
3,TCGA-C4-A0EZ-01Z-00-DX1.993A12F0-9687-4E56-B887-13C9453A7E63,0.236388,0.295484,0.349129,1.513979,0.940688,All (with consensus)
3,TCGA-C4-A0F6-01Z-00-DX1.05FAB26A-4BE9-42B4-95F0-6BD15EBE8792,0.266284,0.332855,0.328496,1.488242,0.924697,All (with consensus)
3,TCGA-CF-A3MI-01Z-00-DX1.5619CA1A-F772-44CC-BBE2-F2C365E2699D,0.264193,0.330242,0.337992,1.495112,0.928965,All (with consensus)
3,TCGA-CF-A47W-01Z-00-DX1.D14F1F9A-E684-4140-9714-3197A4325568,0.322789,0.403486,0.447210,1.423010,0.884166,All (with consensus)
3,TCGA-CF-A5U8-01Z-00-DX1.D0385BD3-3128-41C6-889D-4EC916B2B228,0.333056,0.416320,0.461708,1.412336,0.877534,All (with consensus)
3,TCGA-CF-A9FL-01Z-00-DX1.711B523B-E033-41ED-AE06-6233C89DCC57,0.362917,0.453646,0.503805,1.361538,0.845971,All (with consensus)
3,TCGA-CF-A9FM-01Z-00-DX1.F9379708-8E04-435E-BF12-8E3222AE728D,0.315989,0.394986,0.456302,1.421267,0.883083,All (with consensus)
3,TCGA-CU-A3KJ-01Z-00-DX1.5E6E8B80-4059-4625-AED8-D049F4B63FF7,0.331664,0.414579,0.414181,1.420403,0.882546,All (with consensus)
3,TCGA-CU-A3YL-01Z-00-DX1.813C9F59-869C-4B8E-B295-22F67AD83F37,0.154576,0.193221,0.287377,1.569887,0.975426,All (with consensus)
3,TCGA-DK-A1AA-01Z-00-DX1.11F015AE-3B8A-4827-93E2-54F8563BE248,0.275123,0.343904,0.414592,1.473850,0.915755,All (with consensus)
3,TCGA-DK-A1AD-01Z-00-DX1.1B438E00-C022-4CB8-994D-C4EE8E009F00,0.317641,0.397051,0.444596,1.430904,0.889071,All (with consensus)
3,TCGA-DK-A1AF-01Z-00-DX1.E18DE029-27A6-43A6-9E9D-D0225C7D5324,0.163074,0.203842,0.272000,1.562305,0.970715,All (with consensus)
3,TCGA-DK-A2I1-01Z-00-DX1.7EBA720C-60F8-4012-95D2-F4B10FB74A18,0.157744,0.197180,0.294148,1.566687,0.973438,All (with consensus)
3,TCGA-DK-A3IK-01Z-00-DX1.2C3A7E93-113C-4321-94B1-7A228E4897F0,0.235270,0.294087,0.348366,1.518921,0.943759,All (with consensus)
3,TCGA-DK-A3IL-01Z-00-DX1.B3F0006E-CB53-4475-9576-3411C835B25A,0.152814,0.191018,0.284133,1.571012,0.976125,All (with consensus)
3,TCGA-DK-A6AV-01Z-00-DX1.FC632EEE-668B-4757-B2FB-139D869812E0,0.120402,0.150502,0.239225,1.577981,0.980455,All (with consensus)
3,TCGA-DK-A6B0-01Z-00-DX1.83628045-FDD9-4167-879F-7813FDCA7D97,0.270298,0.337872,0.420252,1.471538,0.914318,All (with consensus)
3,TCGA-E7-A4IJ-01Z-00-DX1.7215592C-D179-4EE8-81F7-B3E32AE0D830,0.288298,0.360372,0.413873,1.464529,0.909963,All (with consensus)
3,TCGA-E7-A4XJ-01Z-00-DX1.70DA8872-34A6-41B7-8D17-2B15C80EF5CF,0.239059,0.298824,0.332438,1.517815,0.943071,All (with consensus)
3,TCGA-E7-A541-01Z-00-DX1.8387CEF8-706B-486C-BC07-783EC1016BCC,0.253066,0.316332,0.391394,1.494774,0.928755,All (with consensus)
3,TCGA-E7-A6ME-01Z-00-DX1.114098C0-6CD9-4240-B8F4-C2E6D86A6868,0.159142,0.198927,0.281004,1.567029,0.973650,All (with consensus)
3,TCGA-E7-A85H-01Z-00-DX1.0C1D94F2-1120-45AC-9053-7833DA12194F,0.170490,0.213112,0.294153,1.555562,0.966525,All (with consensus)
3,TCGA-FD-A3B5-01Z-00-DX1.69DEA650-3D53-46AC-BB60-BF68C4413608,0.295867,0.369834,0.410261,1.460629,0.907540,All (with consensus)
3,TCGA-FD-A3B6-01Z-00-DX1.04CCC012-F2FF-4CBA-9A2C-8EC979427204,0.189634,0.237042,0.284335,1.543667,0.959134,All (with consensus)
3,TCGA-FD-A3B8-01Z-00-DX1.85E75835-8607-47C3-B8BD-4F01E54E5574,0.192548,0.240685,0.313685,1.549692,0.962878,All (with consensus)
3,TCGA-FD-A3SR-01Z-00-DX1.7E2FB51A-9562-4B3D-8431-6283342B4311,0.243691,0.304614,0.358072,1.511222,0.938975,All (with consensus)
3,TCGA-FD-A62N-01Z-00-DX1.204E48B7-51D1-49D7-88F3-4BD33A07146A,0.232103,0.290129,0.338482,1.521720,0.945498,All (with consensus)
3,TCGA-FT-A61P-01Z-00-DX1.39960BA6-ECC6-4EE0-B3ED-F3991E3742F6,0.209630,0.262037,0.335540,1.537329,0.955196,All (with consensus)
3,TCGA-G2-A2EK-01Z-00-DX1.1F826341-0877-46E0-8DB7-9D01E8874614,0.139905,0.174881,0.256627,1.574453,0.978263,All (with consensus)
3,TCGA-G2-A2EK-01Z-00-DX2.F68EC7A1-2B48-42EB-8621-39D8547E408D,0.149054,0.186317,0.266383,1.571077,0.976165,All (with consensus)
3,TCGA-G2-A2EK-01Z-00-DX3.22408270-F6D1-4257-9014-E13C7B69A407,0.164861,0.206076,0.268704,1.560960,0.969879,All (with consensus)
3,TCGA-G2-AA3C-01Z-00-DX1.D2CA01A1-A2F3-4624-A022-BAEA71AA67AC,0.270908,0.338635,0.420186,1.468920,0.912691,All (with consensus)
3,TCGA-G2-AA3C-01Z-00-DX2.00AE9115-F979-4DD6-8364-96493CC00835,0.308782,0.385978,0.443157,1.436903,0.892798,All (with consensus)
3,TCGA-G2-AA3F-01Z-00-DX1.C63054C3-6DBF-42A1-ADA3-79FF26ED02B3,0.318084,0.397605,0.445981,1.430404,0.888760,All (with consensus)
3,TCGA-G2-AA3F-01Z-00-DX2.8991BE4B-303B-4177-9046-2D6412D0698E,0.242414,0.303018,0.366030,1.510524,0.938541,All (with consensus)
3,TCGA-G2-AA3F-01Z-00-DX3.360ECD0E-F773-4153-A782-EDED1819BDBA,0.257011,0.321264,0.383512,1.497850,0.930666,All (with consensus)
3,TCGA-G2-AA3F-01Z-00-DX4.8DD53108-E08F-4F3C-80EE-E31D934B9BDF,0.225156,0.281446,0.351163,1.525246,0.947688,All (with consensus)
3,TCGA-G2-AA3F-01Z-00-DX5.A1D2BBD8-A1B6-46E1-8D22-C897019DB41F,0.245482,0.306852,0.363789,1.510684,0.938641,All (with consensus)
3,TCGA-G2-AA3F-01Z-00-DX6.AD188C41-F5A7-49ED-9C1A-F7E956A34AC5,0.250793,0.313492,0.378856,1.502484,0.933546,All (with consensus)
3,TCGA-G2-AA3F-01Z-00-DX7.61BFF067-ADE1-4879-8746-34F034B06A2A,0.242181,0.302727,0.368805,1.510441,0.938490,All (with consensus)
3,TCGA-G2-AA3F-01Z-00-DX8.D27EA057-F808-44FE-AF5D-9F7237D59488,0.243368,0.304211,0.366464,1.511571,0.939192,All (with consensus)
3,TCGA-G2-AA3F-01Z-00-DX9.77E9E77B-0A41-4045-A1EE-19FEC7259910,0.208219,0.260274,0.331543,1.536143,0.954459,All (with consensus)
3,TCGA-GC-A3BM-01Z-00-DX1.8880FA8C-8607-4C55-A619-2C8D7F2866EF,0.219996,0.274995,0.329175,1.530071,0.950686,All (with consensus)
3,TCGA-GC-A3OO-01Z-00-DX1.F2A671AF-74E6-4F9B-8ABC-6A10EB1F68A8,0.321353,0.401691,0.465602,1.415581,0.879550,All (with consensus)
3,TCGA-GC-A3RC-01Z-00-DX1.DC4B31BC-5C7F-421A-88CD-38428051A653,0.321526,0.401907,0.469975,1.412801,0.877823,All (with consensus)
3,TCGA-GC-A6I3-01Z-00-DX1.1B3D09B9-14FB-4236-9354-3E5CC59354A7,0.251153,0.313941,0.318249,1.502352,0.933464,All (with consensus)
3,TCGA-GD-A3OQ-01Z-00-DX1.ED8C9F09-57A9-4915-950A-A61FE2FE8538,0.223015,0.278769,0.354292,1.523394,0.946538,All (with consensus)
3,TCGA-GD-A3OS-01Z-00-DX1.5EA796F4-E7F3-4421-BDEA-522BED020B5B,0.248465,0.310581,0.387279,1.500396,0.932248,All (with consensus)
3,TCGA-GD-A76B-01Z-00-DX1.C299842E-F204-4071-AD72-1E1A303B396B,0.221594,0.276992,0.298329,1.525691,0.947965,All (with consensus)
3,TCGA-GU-A42P-01Z-00-DX1.3A4A8614-693F-452C-BB2C-AD16D5AC6F12,0.162675,0.203344,0.276246,1.563937,0.971729,All (with consensus)
3,TCGA-GU-A42P-01Z-00-DX2.3A4A8614-693F-452C-BB2C-AD16D5AC6F12,0.201018,0.251272,0.322514,1.543416,0.958978,All (with consensus)
3,TCGA-GU-A42Q-01Z-00-DX1.91D8B0D2-538F-4411-9B3C-0E1FAE1A0606,0.151674,0.189592,0.273065,1.572031,0.976758,All (with consensus)
3,TCGA-GU-A42Q-01Z-00-DX2.91D8B0D2-538F-4411-9B3C-0E1FAE1A0606,0.295401,0.369251,0.434507,1.451585,0.901920,All (with consensus)
3,TCGA-GU-A763-01Z-00-DX1.2B511825-320B-48D7-B8D6-D97894C02667,0.127673,0.159591,0.256983,1.581588,0.982696,All (with consensus)
3,TCGA-GU-AATO-01Z-00-DX1.1F0F2098-E4DF-4AA3-819E-E0DE23C5A0BE,0.252211,0.315264,0.361446,1.502118,0.933318,All (with consensus)
3,TCGA-GV-A3JX-01Z-00-DX1.36A00B8A-662D-43EE-AB52-CBBBF373BCFF,0.222830,0.278538,0.351526,1.527279,0.948952,All (with consensus)
3,TCGA-HQ-A5ND-01Z-00-DX1.EDDFB95C-827E-4533-B49A-56612BC4D9DD,0.275743,0.344679,0.396931,1.480513,0.919894,All (with consensus)
3,TCGA-K4-A3WU-01Z-00-DX1.DD4CA7B4-7950-4B7A-820A-74C763AFAE65,0.155237,0.194046,0.298239,1.567866,0.974170,All (with consensus)
3,TCGA-K4-A5RJ-01Z-00-DX1.DFDDA8B5-E80F-4BF9-87E3-EA75E294ABF5,0.229466,0.286833,0.362512,1.520077,0.944477,All (with consensus)
3,TCGA-LC-A66R-01Z-00-DX1.9D753031-E31A-4E0E-B937-E0D3C47CFFB9,0.245628,0.307035,0.352466,1.512466,0.939748,All (with consensus)
3,TCGA-SY-A9G0-01Z-00-DX1.6F019857-03C8-4B2B-8892-32CBF3EB303F,0.219877,0.274846,0.361923,1.523944,0.946880,All (with consensus)
3,TCGA-UY-A9PB-01Z-00-DX1.4ACBFEEA-703A-47AF-A67D-359B9F027DD0,0.256087,0.320108,0.383239,1.497767,0.930615,All (with consensus)
3,TCGA-XF-A8HB-01Z-00-DX1.D6874152-D20A-4CA4-8E8B-8CBAB5F7D7B5,0.161062,0.201328,0.259410,1.558549,0.968381,All (with consensus)
3,TCGA-XF-A9SI-01Z-00-DX1.537F0394-40FE-4CB7-8524-7BC34F624C15,0.203189,0.253986,0.305809,1.540483,0.957156,All (with consensus)
3,TCGA-XF-A9SU-01Z-00-DX1.35E2DDBE-5BB9-443B-A3D5-20F77D1C6B92,0.176264,0.220331,0.303503,1.558005,0.968043,All (with consensus)
3,TCGA-XF-A9SV-01Z-00-DX1.2ACAA181-2EFA-4E63-B692-D968BCC56031,0.213019,0.266274,0.298527,1.530913,0.951210,All (with consensus)
3,TCGA-XF-A9T3-01Z-00-DX1.408F9901-F442-420B-BE89-ADBD01D1E256,0.314274,0.392842,0.439806,1.431850,0.889659,All (with consensus)
3,TCGA-XF-AAMG-01Z-00-DX1.E0234C99-915C-4190-805A-147D4E3B10D9,0.243412,0.304265,0.377807,1.506917,0.936300,All (with consensus)
3,TCGA-XF-AAMR-01Z-00-DX1.7BFF4F04-9B60-41AA-9977-AF63547748AB,0.181136,0.226420,0.332668,1.551819,0.964199,All (with consensus)
3,TCGA-XF-AAMT-01Z-00-DX1.F5A3715A-55DC-46C1-A6F9-4B1BFE1176EC,0.273409,0.341762,0.433214,1.462103,0.908456,All (with consensus)
3,TCGA-XF-AAMZ-01Z-00-DX1.05AB4629-F59E-4877-B7F3-CF4336557EE0,0.159297,0.199122,0.286288,1.567439,0.973905,All (with consensus)
3,TCGA-XF-AAN7-01Z-00-DX1.B8EDF045-604C-48CB-8E54-A60564CAE2AD,0.144827,0.181034,0.304585,1.569045,0.974903,All (with consensus)
3,TCGA-YF-AA3L-01Z-00-DX1.56C211C1-20C7-4000-9C39-F76919ADA592,0.202577,0.253221,0.345413,1.533759,0.952978,All (with consensus)
3,TCGA-ZF-A9RC-01Z-00-DX1.A3F3826E-2BDE-48C3-9854-1061273AF9DC,0.174964,0.218705,0.334648,1.551071,0.963735,All (with consensus)
3,TCGA-ZF-AA4N-01Z-00-DX1.F176510E-CF8B-4681-9CDE-B6210D8DC88F,0.213328,0.266659,0.303206,1.530705,0.951080,All (with consensus)
3,TCGA-ZF-AA4X-01Z-00-DX1.925D02DA-FAFF-4F2B-A3CE-BF884E5C4C03,0.254392,0.317990,0.350396,1.505279,0.935282,All (with consensus)
3,TCGA-ZF-AA58-01Z-00-DX1.85C3611E-11FA-4AAE-B880-C67C8CC7383B,0.206100,0.257624,0.344784,1.537719,0.955439,All (with consensus)
4,TCGA-2F-A9KP-01Z-00-DX1.3CDF534E-958F-4467-AA7E-FD3C5A86AAAA,0.221293,0.276617,0.357319,1.525924,0.948110,All (with consensus)
4,TCGA-2F-A9KP-01Z-00-DX2.718C82A3-252B-498E-BFBE-F4E4EB431BF5,0.212659,0.265824,0.348394,1.533713,0.952950,All (with consensus)
4,TCGA-2F-A9KW-01Z-00-DX1.CECFDA2E-2CE7-4115-B4E6-A3D75B130232,0.155475,0.194344,0.267632,1.568305,0.974442,All (with consensus)
4,TCGA-2F-A9KW-01Z-00-DX2.10D33B2F-631F-4E3D-BF53-24D40A1088A3,0.111175,0.138969,0.241628,1.586567,0.985790,All (with consensus)
4,TCGA-4Z-AA7W-01Z-00-DX1.9BE6DF4E-480F-483E-8299-D949B5C09B4B,0.309626,0.387033,0.418519,1.442406,0.896217,All (with consensus)
4,TCGA-4Z-AA80-01Z-00-DX1.303549D2-42A5-46C4-AD9D-D72337B416E5,0.231758,0.289698,0.325451,1.521941,0.945635,All (with consensus)
4,TCGA-4Z-AA83-01Z-00-DX1.432ADCAA-36B5-4F9F-B4AE-6D755805FEF5,0.334662,0.418328,0.449310,1.413769,0.878424,All (with consensus)
4,TCGA-4Z-AA87-01Z-00-DX1.84170458-631E-49C5-9D7F-70126388ADE3,0.234741,0.293426,0.340501,1.517812,0.943070,All (with consensus)
4,TCGA-4Z-AA89-01Z-00-DX1.6DD89FC0-A062-41F1-AED3-FF8975FAADF3,0.308418,0.385522,0.375791,1.445116,0.897901,All (with consensus)
4,TCGA-5N-A9KI-01Z-00-DX1.1BAE5EFF-859F-4D0A-8DDC-527E2901F7D4,0.180661,0.225826,0.320088,1.555938,0.966759,All (with consensus)
4,TCGA-5N-A9KM-01Z-00-DX1.5197F750-D17F-459B-B74D-846F5F50F7B7,0.136505,0.170632,0.257336,1.577046,0.979874,All (with consensus)
4,TCGA-BT-A20N-01Z-00-DX1.0FB9D7FF-BDF5-4768-A6F3-D8D16A899772,0.347218,0.434022,0.471568,1.392154,0.864994,All (with consensus)
4,TCGA-BT-A20O-01Z-00-DX1.BD64154E-5CB0-4088-94CC-C48C036E3715,0.301464,0.376830,0.390589,1.458427,0.906172,All (with consensus)
4,TCGA-BT-A2LB-01Z-00-DX1.046294E0-4665-41B8-9B95-1A166163EC99,0.360394,0.450493,0.508672,1.356491,0.842835,All (with consensus)
4,TCGA-BT-A42C-01Z-00-DX1.49949E15-B218-4E43-947C-5D73B87B1CA9,0.190358,0.237947,0.333711,1.547641,0.961604,All (with consensus)
4,TCGA-BT-A42F-01Z-00-DX1.B934B6A1-C16E-4796-A297-9E92DD74763F,0.261395,0.326743,0.386327,1.493058,0.927689,All (with consensus)
4,TCGA-CF-A1HS-01Z-00-DX1.CA67D874-12C9-49AB-ACA1-92C202E27083,0.267948,0.334935,0.374254,1.490901,0.926349,All (with consensus)
4,TCGA-CF-A47T-01Z-00-DX1.2AFA4BB3-B97C-4C0D-86F4-53A5F3317129,0.295222,0.369027,0.424541,1.455497,0.904351,All (with consensus)
4,TCGA-CF-A8HY-01Z-00-DX1.53F599FE-3A6D-4BAC-92B2-CBE3F183BB71,0.280415,0.350518,0.395878,1.474411,0.916103,All (with consensus)
4,TCGA-CF-A9FH-01Z-00-DX1.26AACDC9-1C0B-4AD4-A484-E093515F42B1,0.226470,0.283088,0.341988,1.522728,0.946124,All (with consensus)
4,TCGA-DK-A2I2-01Z-00-DX1.FF39546E-EE64-4287-8CB5-585801A08519,0.199773,0.249717,0.303196,1.536866,0.954908,All (with consensus)
4,TCGA-DK-A2I4-01Z-00-DX1.2DE79A2D-575E-4D5A-A6E3-89D551A5FA46,0.253456,0.316820,0.374081,1.501342,0.932836,All (with consensus)
4,TCGA-DK-A3IN-01Z-00-DX1.2AB0F8FC-CC41-4277-A8AF-8AE709D98DA0,0.218038,0.272548,0.303098,1.527069,0.948821,All (with consensus)
4,TCGA-DK-A3IT-01Z-00-DX1.819410F8-5E45-484B-8D98-0A3DAB314C6E,0.203171,0.253964,0.315149,1.543425,0.958984,All (with consensus)
4,TCGA-DK-A3IV-01Z-00-DX1.3E7EDFE4-61F6-4EA8-9A29-D70C2785E408,0.256712,0.320890,0.338722,1.497731,0.930593,All (with consensus)
4,TCGA-DK-A3X2-01Z-00-DX1.CB507611-E3AE-43A2-B5F8-EEAE59423E2E,0.259292,0.324116,0.363273,1.487783,0.924412,All (with consensus)
4,TCGA-E5-A2PC-01Z-00-DX1.409697C6-097B-4B24-A54B-B52BEC5A0A9B,0.268862,0.336077,0.381648,1.489065,0.925208,All (with consensus)
4,TCGA-E5-A4TZ-01Z-00-DX1.08FA5E08-5AF7-461E-8EBC-200BF969E505,0.283125,0.353906,0.393374,1.472982,0.915215,All (with consensus)
4,TCGA-E7-A3Y1-01Z-00-DX1.D3E81A0B-1D20-4916-8872-81D469A1E276,0.238864,0.298581,0.378459,1.508784,0.937460,All (with consensus)
4,TCGA-E7-A678-01Z-00-DX1.C589E72B-7214-4EE9-A796-869C2372DD67,0.151856,0.189819,0.281070,1.570744,0.975958,All (with consensus)
4,TCGA-E7-A7DU-01Z-00-DX1.25C7F59E-1F03-47EF-9F17-DB9ADB16276E,0.283108,0.353885,0.374464,1.479649,0.919358,All (with consensus)
4,TCGA-E7-A97P-01Z-00-DX1.09FD969F-62C2-4C79-A826-657A7991C87B,0.295911,0.369889,0.422325,1.457232,0.905429,All (with consensus)
4,TCGA-FD-A3B4-01Z-00-DX1.45B61DCC-09B4-4863-875A-ED1DEECE5F27,0.190340,0.237925,0.276856,1.543062,0.958758,All (with consensus)
4,TCGA-FD-A3N6-01Z-00-DX1.C94C21D1-83F2-45EE-A7BE-6A4E5C9B1A89,0.153177,0.191471,0.297015,1.571349,0.976334,All (with consensus)
4,TCGA-FD-A3SJ-01Z-00-DX1.CF7DF110-22A8-4071-9717-A71915407248,0.179223,0.224028,0.305554,1.558316,0.968236,All (with consensus)
4,TCGA-FD-A3SM-01Z-00-DX1.D391C864-B5B5-4C4D-915F-FBD8BCACAD36,0.211773,0.264716,0.313386,1.531958,0.951859,All (with consensus)
4,TCGA-FD-A43U-01Z-00-DX1.003EC6EC-229E-4578-BF5B-1FB3EBF68845,0.214862,0.268578,0.327078,1.535605,0.954125,All (with consensus)
4,TCGA-FD-A6TC-01Z-00-DX1.AC96EA62-D56E-4565-88E0-EBAEB8087C4F,0.201516,0.251895,0.283938,1.537984,0.955603,All (with consensus)
4,TCGA-FD-A6TH-01Z-00-DX1.1791761E-876F-4AAB-A0B1-272A37A41E3A,0.183946,0.229932,0.282277,1.553576,0.965291,All (with consensus)
4,TCGA-FD-A6TI-01Z-00-DX1.A451F82D-983B-4646-BFC6-E40A66F2B9C8,0.184920,0.231150,0.323037,1.553297,0.965118,All (with consensus)
4,TCGA-FJ-A3ZE-01Z-00-DX1.CD478617-4D80-4F36-8908-8480738367C6,0.263195,0.328994,0.347270,1.494982,0.928884,All (with consensus)
4,TCGA-FJ-A3ZE-01Z-00-DX2.147C2363-55A3-4C02-BAF5-4F1256E30542,0.243214,0.304017,0.313098,1.505702,0.935545,All (with consensus)
4,TCGA-FJ-A871-01Z-00-DX1.72748A33-5021-4AC6-AEF4-9BDA17233AB3,0.257512,0.321890,0.378373,1.499035,0.931403,All (with consensus)
4,TCGA-FJ-A871-01Z-00-DX2.B09F27BF-6786-4CC7-8471-5A73E048A813,0.254479,0.318098,0.369301,1.503316,0.934063,All (with consensus)
4,TCGA-FJ-A871-01Z-00-DX3.23DB58B1-62E3-4B74-AF08-198BD843FA22,0.244330,0.305413,0.364464,1.511036,0.938859,All (with consensus)
4,TCGA-FJ-A871-01Z-00-DX4.5917B34B-0752-40A9-B749-FB4B5514229B,0.240313,0.300391,0.358748,1.514951,0.941292,All (with consensus)
4,TCGA-FJ-A871-01Z-00-DX5.8F79D0A8-5DE6-4159-AA77-61DACB21E867,0.255015,0.318769,0.371478,1.502530,0.933574,All (with consensus)
4,TCGA-FT-A3EE-01Z-00-DX1.1CA5BFA3-F6F7-45DE-83EC-F328AC4EBE80,0.260791,0.325989,0.356256,1.493574,0.928009,All (with consensus)
4,TCGA-G2-A2EL-01Z-00-DX1.CCC37120-A9F0-4278-9EA6-6CD1A132596C,0.379274,0.474092,0.518899,1.337757,0.831195,All (with consensus)
4,TCGA-G2-A2EL-01Z-00-DX2.2E59E1ED-C518-46EC-B60A-B083BA3A77C7,0.364488,0.455610,0.500389,1.362496,0.846566,All (with consensus)
4,TCGA-G2-A2EO-01Z-00-DX1.E2FEF97D-F947-4497-8605-BBBFC3EC665B,0.241913,0.302391,0.377484,1.507905,0.936914,All (with consensus)
4,TCGA-G2-A2EO-01Z-00-DX2.94CC403C-1986-4906-AF11-92E349C8A114,0.268295,0.335368,0.399794,1.484371,0.922291,All (with consensus)
4,TCGA-G2-A2EO-01Z-00-DX3.F64AE021-27AB-4B3C-9DD2-9B8A358326C3,0.274670,0.343338,0.398477,1.480608,0.919953,All (with consensus)
4,TCGA-G2-A2EO-01Z-00-DX4.BE1980E2-83B2-4E04-A6A4-9B71B15793B5,0.263943,0.329929,0.408202,1.482142,0.920907,All (with consensus)
4,TCGA-G2-A2EO-01Z-00-DX5.85F4C6CF-E10B-4EF7-B477-D42E9F78247F,0.221431,0.276788,0.344679,1.529521,0.950345,All (with consensus)
4,TCGA-G2-A2EO-01Z-00-DX6.8FBEA23E-DC4C-4420-A72A-FDDC0CC1F80A,0.263763,0.329704,0.395381,1.488769,0.925024,All (with consensus)
4,TCGA-G2-A2EO-01Z-00-DX7.5784EBED-47AE-4ADA-84F2-3E58965EE2BC,0.249263,0.311578,0.368135,1.507177,0.936462,All (with consensus)
4,TCGA-G2-A2EO-01Z-00-DX8.04D3920F-D1FD-4B37-8229-877FC64C3492,0.250240,0.312800,0.374881,1.503134,0.933950,All (with consensus)
4,TCGA-G2-AA3D-01Z-00-DX1.8C31FE8D-13F9-49FF-A4FB-2D004B109394,0.371686,0.464608,0.534051,1.327246,0.824665,All (with consensus)
4,TCGA-GC-A3YS-01Z-00-DX1.97B4664A-9D8B-460D-B4A4-89855D3DB0C2,0.237390,0.296738,0.317292,1.512790,0.939949,All (with consensus)
4,TCGA-GV-A3JV-01Z-00-DX1.F071374F-1290-4A36-9466-D6F1F3EBC17E,0.192099,0.240124,0.351380,1.539977,0.956842,All (with consensus)
4,TCGA-GV-A3JZ-01Z-00-DX1.5DFDE227-D52D-481F-A8D8-28DF25096BD9,0.147441,0.184302,0.269828,1.571650,0.976521,All (with consensus)
4,TCGA-GV-A3QH-01Z-00-DX1.A87C25E1-8199-4557-944B-9ABD1A70ADE9,0.228295,0.285369,0.356662,1.520793,0.944922,All (with consensus)
4,TCGA-GV-A40E-01Z-00-DX1.6313DD1A-6E65-4775-82DC-58AD4EF81D32,0.202635,0.253293,0.339583,1.538141,0.955701,All (with consensus)
4,TCGA-GV-A6ZA-01Z-00-DX1.6EBD225D-5EE2-4F0A-BC07-1EF5CEBFE25A,0.260384,0.325481,0.417296,1.479078,0.919003,All (with consensus)
4,TCGA-HQ-A2OF-01Z-00-DX1.6D50B772-71C3-40C3-94CF-969946799028,0.170572,0.213215,0.329480,1.555783,0.966662,All (with consensus)
4,TCGA-HQ-A5NE-01Z-00-DX1.8046B606-085B-406F-A8D7-92A3E021020A,0.146809,0.183512,0.262043,1.570031,0.975515,All (with consensus)
4,TCGA-K4-A4AC-01Z-00-DX1.DED1674F-953D-40DB-85AE-9CD595248EC7,0.262468,0.328085,0.357196,1.489083,0.925219,All (with consensus)
4,TCGA-PQ-A6FI-01Z-00-DX1.EC3791D8-B5D2-468A-9FB7-D0217CD02DFB,0.285791,0.357238,0.398804,1.468482,0.912419,All (with consensus)
4,TCGA-SY-A9G5-01Z-00-DX1.CE221A12-59FC-4482-9BD5-7082A2EA4E61,0.302527,0.378158,0.434099,1.444778,0.897691,All (with consensus)
4,TCGA-UY-A78L-01Z-00-DX1.8955EB83-E4AE-452E-8B68-83C4B8BED6D5,0.204353,0.255441,0.315516,1.542135,0.958182,All (with consensus)
4,TCGA-UY-A78M-01Z-00-DX1.9C08E77F-E63B-480E-A4D5-1576EF802152,0.271308,0.339135,0.394034,1.485549,0.923023,All (with consensus)
4,TCGA-UY-A78O-01Z-00-DX1.6DDC084F-A086-4B5B-90B6-9C45E842A5FA,0.350802,0.438503,0.469316,1.387436,0.862063,All (with consensus)
4,TCGA-UY-A8OB-01Z-00-DX1.9DD447FB-44F0-4FFF-8293-9FF0D54A96A0,0.310052,0.387565,0.418259,1.448164,0.899795,All (with consensus)
4,TCGA-UY-A9PD-01Z-00-DX1.55AF21E3-74DF-4D18-ADA4-A2A12665DF0A,0.228374,0.285467,0.331820,1.513852,0.940609,All (with consensus)
4,TCGA-XF-A9SH-01Z-00-DX1.B1E33049-ABB8-4F2F-9D2D-503E48B8CDE5,0.171371,0.214214,0.336733,1.553520,0.965256,All (with consensus)
4,TCGA-XF-A9SL-01Z-00-DX1.AA56A70C-28E1-4140-9B15-72AB0D5051A6,0.177473,0.221841,0.299890,1.557697,0.967851,All (with consensus)
4,TCGA-XF-A9SP-01Z-00-DX1.7F3BF700-89AD-4045-AFCD-C94F1F959B41,0.187933,0.234916,0.315058,1.552749,0.964777,All (with consensus)
4,TCGA-XF-A9ST-01Z-00-DX1.C135C4EB-6A64-4B9E-A8A0-87B72594568C,0.110795,0.138493,0.253096,1.588212,0.986812,All (with consensus)
4,TCGA-XF-A9SX-01Z-00-DX1.6DB4572E-915C-491F-BE68-99C019799E20,0.172320,0.215400,0.283167,1.560216,0.969417,All (with consensus)
4,TCGA-XF-A9SZ-01Z-00-DX1.42A301F5-42E9-4618-A85A-51C1AEC8B8D1,0.340037,0.425046,0.455900,1.409388,0.875702,All (with consensus)
4,TCGA-XF-AAME-01Z-00-DX1.90E1555F-CBAF-434C-9C7E-5BAC38069AC7,0.214929,0.268661,0.340797,1.534399,0.953376,All (with consensus)
4,TCGA-XF-AAMX-01Z-00-DX1.453214DD-54FF-42DF-8BD6-E6BC4B376EFF,0.190763,0.238454,0.343072,1.544423,0.959604,All (with consensus)
4,TCGA-XF-AAN8-01Z-00-DX1.2962EEBB-A4F1-4958-85C9-480B7CA769A8,0.278397,0.347996,0.396284,1.479786,0.919443,All (with consensus)
4,TCGA-ZF-A9R1-01Z-00-DX1.74520759-D448-45B5-B8AD-45502C99A519,0.291625,0.364532,0.399228,1.466935,0.911458,All (with consensus)
4,TCGA-ZF-A9R2-01Z-00-DX1.D5BC88BD-594B-4EAA-988E-2577E48FEE15,0.319990,0.399987,0.433402,1.434613,0.891375,All (with consensus)
4,TCGA-ZF-A9R3-01Z-00-DX1.AF828281-A45C-47D1-9FE3-CE7B9E105914,0.378263,0.472829,0.540545,1.317887,0.818849,All (with consensus)
4,TCGA-ZF-A9RE-01Z-00-DX1.6E1EF772-E62D-4D9F-8688-43AAF764A6E6,0.289852,0.362314,0.438212,1.450213,0.901068,All (with consensus)
4,TCGA-ZF-A9RL-01Z-00-DX1.6A6B23B8-78D2-4468-8B25-A2D94130722C,0.289918,0.362398,0.420013,1.459306,0.906718,All (with consensus)
4,TCGA-ZF-A9RN-01Z-00-DX1.262DCE43-154D-492E-80C3-6F8C8D4058D0,0.305532,0.381916,0.418425,1.452747,0.902642,All (with consensus)
4,TCGA-ZF-AA4R-01Z-00-DX1.2CDCECED-FC91-48D4-AAAC-4452B7C2F218,0.266023,0.332529,0.346131,1.485196,0.922804,All (with consensus)
4,TCGA-ZF-AA53-01Z-00-DX1.04E05AAC-DAE2-428F-98DD-37F2B414E818,0.245704,0.307130,0.406916,1.490989,0.926404,All (with consensus)
5,TCGA-2F-A9KT-01Z-00-DX1.ADD6D87C-0CC2-4B1F-A75F-108C9EB3970F,0.180610,0.225762,0.312315,1.550421,0.963331,All (with consensus)
5,TCGA-2F-A9KT-01Z-00-DX2.A06896B2-FC9A-430D-8F59-C89EEA002C8B,0.236204,0.295255,0.352974,1.515314,0.941517,All (with consensus)
5,TCGA-4Z-AA7Q-01Z-00-DX1.9C30EAED-8DE3-437C-8852-0C64B415AFA8,0.358179,0.447723,0.438599,1.395896,0.867319,All (with consensus)
5,TCGA-4Z-AA86-01Z-00-DX1.C4DC6342-85A3-4F8A-BA6E-B63C554880B4,0.514063,0.642579,0.657431,1.091721,0.678324,All (with consensus)
5,TCGA-BT-A20U-01Z-00-DX1.C2FDF7E9-3391-44E8-9E84-C5EA8EB4AB4C,0.259075,0.323844,0.323768,1.493795,0.928147,All (with consensus)
5,TCGA-BT-A3PJ-01Z-00-DX1.C730AD35-81DF-4758-97B5-1E9F58E67A2B,0.263530,0.329412,0.360306,1.494919,0.928845,All (with consensus)
5,TCGA-BT-A42E-01Z-00-DX1.7DAF02FF-70D0-412D-8EE3-03AC04E83300,0.394173,0.492717,0.508347,1.335817,0.829990,All (with consensus)
5,TCGA-C4-A0F0-01Z-00-DX1.8EBBC2EF-DA6F-4901-838D-C1AC80E83E92,0.166653,0.208317,0.278891,1.564067,0.971810,All (with consensus)
5,TCGA-CF-A1HR-01Z-00-DX1.C56E4296-EB85-4DBA-B0A0-9D6FA097A74F,0.235287,0.294108,0.341482,1.508262,0.937136,All (with consensus)
5,TCGA-CF-A3MH-01Z-00-DX1.4A6F7BDC-B7D2-4203-AA8E-7BA5DB8BF3AC,0.204258,0.255322,0.304062,1.540584,0.957219,All (with consensus)
5,TCGA-CF-A47S-01Z-00-DX1.1397F7C0-1098-4C42-B158-28A37723F5F6,0.264860,0.331075,0.331433,1.489857,0.925700,All (with consensus)
5,TCGA-CF-A5UA-01Z-00-DX1.7352D4EB-46F5-4EAA-95B9-1D869E8291C3,0.279338,0.349172,0.364116,1.483070,0.921484,All (with consensus)
5,TCGA-CU-A0YO-01Z-00-DX1.847097EC-2E17-44BA-9162-6AA298B7CAFD,0.202977,0.253721,0.294397,1.534320,0.953326,All (with consensus)
5,TCGA-DK-A1AG-01Z-00-DX1.1794B149-3C25-4C51-B96F-1EA24BCBBB3C,0.199152,0.248940,0.283277,1.541769,0.957955,All (with consensus)
5,TCGA-DK-A2HX-01Z-00-DX1.F5D261DF-5A52-4BF6-B892-89B245809F7B,0.190317,0.237896,0.290774,1.547446,0.961482,All (with consensus)
5,TCGA-DK-A3IM-01Z-00-DX1.ED1A8B22-566E-4A95-AF6D-7C9E536BE2B7,0.464976,0.581220,0.616933,1.178772,0.732412,All (with consensus)
5,TCGA-DK-A3IS-01Z-00-DX1.31CABE32-36D7-4920-BF5A-9C9D8B54320F,0.477589,0.596987,0.599431,1.187834,0.738043,All (with consensus)
5,TCGA-DK-A3WW-01Z-00-DX1.4C3751B5-BD3E-4902-A092-B5877B67851F,0.246104,0.307630,0.316603,1.508448,0.937252,All (with consensus)
5,TCGA-DK-A3WY-01Z-00-DX1.B2B8F28A-A9A4-4C6E-8C7F-3008DF2DE498,0.549756,0.687194,0.687536,1.021886,0.634933,All (with consensus)
5,TCGA-E7-A5KE-01Z-00-DX1.BDCD4071-5EE5-4863-A722-DAA32F3A7FB4,0.332616,0.415769,0.428526,1.424774,0.885262,All (with consensus)
5,TCGA-E7-A677-01Z-00-DX1.D66285D0-F67B-4423-929B-DF34BBC55C80,0.300932,0.376165,0.385981,1.462508,0.908708,All (with consensus)
5,TCGA-E7-A7XN-01Z-00-DX1.5C955881-5B13-4D6B-B99C-E849ADCDE647,0.437014,0.546267,0.529417,1.278719,0.794513,All (with consensus)
5,TCGA-E7-A8O7-01Z-00-DX1.E3D79C43-608D-40A1-9F65-0414FDF27741,0.332300,0.415375,0.411523,1.429299,0.888073,All (with consensus)
5,TCGA-FD-A3B7-01Z-00-DX1.758419EB-E5A3-4383-817A-B3870FBA1776,0.187822,0.234778,0.288144,1.546959,0.961179,All (with consensus)
5,TCGA-FD-A3NA-01Z-00-DX1.2AD62CEE-0D76-4382-AE2E-9B7FCB1130D9,0.235352,0.294191,0.307294,1.515012,0.941330,All (with consensus)
5,TCGA-FD-A43N-01Z-00-DX1.57422C5F-A3A1-4595-9E06-C05C7FF5944B,0.274009,0.342511,0.351289,1.483602,0.921814,All (with consensus)
5,TCGA-FD-A43X-01Z-00-DX1.CB2A73D9-F64C-4553-8D11-4C25CEF98C45,0.287443,0.359303,0.348131,1.471573,0.914340,All (with consensus)
5,TCGA-FD-A5BR-01Z-00-DX1.53CA363B-8DA6-465A-9FEA-2D120B5787A8,0.271675,0.339593,0.319278,1.481162,0.920297,All (with consensus)
5,TCGA-FD-A5BZ-01Z-00-DX1.344B1F8F-3B3A-4D42-894E-27C5AE265F42,0.237173,0.296466,0.303925,1.510316,0.938412,All (with consensus)
5,TCGA-FD-A62S-01Z-00-DX1.B35DA29A-6F19-4663-9DB2-AB57DAFC84A7,0.237823,0.297279,0.298234,1.505366,0.935336,All (with consensus)
5,TCGA-FD-A6TE-01Z-00-DX1.1CD738A0-1D6D-461B-9322-21F77CC3D167,0.265390,0.331738,0.355283,1.494743,0.928736,All (with consensus)
5,TCGA-FD-A6TG-01Z-00-DX1.C49D520E-3589-4623-9BBE-9676BAC83A8F,0.281235,0.351544,0.383951,1.477696,0.918144,All (with consensus)
5,TCGA-FD-A6TK-01Z-00-DX1.B685DA87-72A6-4C38-8AA1-40B6E543383C,0.253090,0.316362,0.357135,1.500879,0.932548,All (with consensus)
5,TCGA-FJ-A3Z7-01Z-00-DX1.B36BF723-0E71-4FA9-A915-823634B91EA9,0.479560,0.599451,0.618662,1.166039,0.724501,All (with consensus)
5,TCGA-FJ-A3Z7-01Z-00-DX2.C4531060-32B7-4472-8B6D-3E4477810B9F,0.415119,0.518899,0.551463,1.284264,0.797958,All (with consensus)
5,TCGA-FJ-A3Z7-01Z-00-DX3.6709359F-68F9-4B02-B793-359B83F26372,0.444952,0.556190,0.584754,1.231626,0.765252,All (with consensus)
5,TCGA-FJ-A3Z7-01Z-00-DX4.7DDE20DA-894A-4751-A7C0-D5740CB30DD9,0.316273,0.395342,0.415615,1.443812,0.897091,All (with consensus)
5,TCGA-FJ-A3Z7-01Z-00-DX5.B0ABE3C5-94EC-4650-9698-0D4C57291267,0.426464,0.533079,0.552649,1.276385,0.793062,All (with consensus)
5,TCGA-FJ-A3Z7-01Z-00-DX6.28B723F7-1035-4DC2-8DB1-87F08166A9FA,0.335943,0.419929,0.432467,1.422037,0.883561,All (with consensus)
5,TCGA-FJ-A3Z9-01Z-00-DX1.012EC33E-2BEF-4EDB-81D5-6EAC32D90C87,0.402116,0.502644,0.474332,1.339718,0.832414,All (with consensus)
5,TCGA-FJ-A3ZF-01Z-00-DX1.1B5E03AA-51A0-4E2B-A2B3-9652B1FA1D55,0.506369,0.632961,0.669872,1.080939,0.671625,All (with consensus)
5,TCGA-G2-A2EJ-01Z-00-DX1.BBADB2AF-BF32-4678-A54B-F82CA11DC715,0.245856,0.307320,0.370554,1.508975,0.937579,All (with consensus)
5,TCGA-G2-A2EJ-01Z-00-DX2.3DCD4041-FBE0-45B4-BD5B-6A9E8200289C,0.191593,0.239491,0.307821,1.550089,0.963124,All (with consensus)
5,TCGA-G2-A2EJ-01Z-00-DX3.3FA3BE61-17DA-4CFE-8845-0889701340EB,0.173350,0.216688,0.301458,1.559442,0.968936,All (with consensus)
5,TCGA-G2-A2EJ-01Z-00-DX4.A156EE54-2814-415F-A7AD-9E408E7B0F50,0.219909,0.274887,0.334212,1.530760,0.951115,All (with consensus)
5,TCGA-G2-A2EJ-01Z-00-DX5.B20A9A5E-23B7-4C19-A021-8B19D56C80B2,0.219967,0.274958,0.345692,1.528281,0.949574,All (with consensus)
5,TCGA-G2-A2EJ-01Z-00-DX6.6EFFECC5-45F4-4828-8AD7-84E060E6FC9D,0.230723,0.288403,0.351881,1.520701,0.944864,All (with consensus)
5,TCGA-G2-A2EJ-01Z-00-DX7.79C8E05D-5640-49AC-923D-58030F64DD5A,0.210600,0.263250,0.334429,1.537378,0.955227,All (with consensus)
5,TCGA-G2-A2EJ-01Z-00-DX8.C3EB2C27-F483-4CE5-AF8D-2AF462AB296F,0.252080,0.315100,0.381796,1.501407,0.932877,All (with consensus)
5,TCGA-G2-A2ES-01Z-00-DX1.B80524C7-9705-461E-852E-DA99575FABF0,0.257080,0.321351,0.399438,1.491276,0.926582,All (with consensus)
5,TCGA-G2-A2ES-01Z-00-DX2.CA66A071-D602-41CD-BD39-4AF1FD7BFC43,0.236493,0.295617,0.364289,1.515954,0.941915,All (with consensus)
5,TCGA-G2-A2ES-01Z-00-DX3.4127F544-FC83-44F6-85CD-3F1542785E71,0.274240,0.342800,0.395570,1.476293,0.917273,All (with consensus)
5,TCGA-G2-A2ES-01Z-00-DX4.F8B9CC1E-CDC8-4335-82DD-4BE4F6A35CEF,0.192947,0.241184,0.300648,1.550012,0.963077,All (with consensus)
5,TCGA-G2-A2ES-01Z-00-DX5.3576FA08-47B1-4A10-94F1-5F5A57A7835E,0.290180,0.362725,0.449140,1.443786,0.897075,All (with consensus)
5,TCGA-G2-A2ES-01Z-00-DX6.FF3254DB-03CE-48A3-8C68-E0BAE60694F6,0.280148,0.350186,0.438207,1.455790,0.904533,All (with consensus)
5,TCGA-G2-A2ES-01Z-00-DX7.03160CC5-FC81-4A8D-96D4-BCEBADCDF599,0.315328,0.394161,0.458538,1.422527,0.883866,All (with consensus)
5,TCGA-G2-A3IB-01Z-00-DX1.27F44B48-11D5-438D-B568-E099C05AD428,0.223682,0.279603,0.295997,1.520825,0.944942,All (with consensus)
5,TCGA-G2-A3IB-01Z-00-DX2.233CCEF1-7332-4940-84A6-7CD6ADE8272E,0.237357,0.296697,0.345462,1.516082,0.941995,All (with consensus)
5,TCGA-G2-A3IB-01Z-00-DX3.87062FFE-72F3-48E0-A9CD-71F5FF3819D3,0.231379,0.289224,0.341536,1.520717,0.944875,All (with consensus)
5,TCGA-G2-A3IB-01Z-00-DX4.2AECF9F2-3DC4-4474-9D1D-13B40EC9DBDD,0.225804,0.282256,0.305928,1.523369,0.946523,All (with consensus)
5,TCGA-G2-A3VY-01Z-00-DX1.E571536B-7C5A-48DC-9CED-5ACA78DDD43F,0.258037,0.322547,0.386190,1.495712,0.929338,All (with consensus)
5,TCGA-GC-A3I6-01Z-00-DX1.47650F7B-0AD3-49C9-AB9E-40383C7D07AC,0.220973,0.276216,0.314338,1.529165,0.950124,All (with consensus)
5,TCGA-GD-A6C6-01Z-00-DX1.5C5F2FA2-6284-4DD8-BE73-D13A88988640,0.371349,0.464187,0.481148,1.368181,0.850099,All (with consensus)
5,TCGA-GU-A762-01Z-00-DX1.F01B133E-3744-4430-9752-FDD25EEF58A3,0.372058,0.465073,0.493880,1.363879,0.847425,All (with consensus)
5,TCGA-GU-A766-01Z-00-DX1.72BD6744-E817-4B15-BF58-64BDBC1943FF,0.303704,0.379630,0.380961,1.460326,0.907352,All (with consensus)
5,TCGA-GU-A767-01Z-00-DX1.A8B13490-D25A-45E1-A2D8-02125DB3A6B2,0.421647,0.527059,0.555119,1.278563,0.794416,All (with consensus)
5,TCGA-GV-A3QF-01Z-00-DX1.C59696CF-C415-46AD-B6D6-70A022AC10FA,0.303283,0.379104,0.446477,1.438604,0.893855,All (with consensus)
5,TCGA-GV-A3QG-01Z-00-DX1.4A550B20-2A4C-48E5-BFE2-6EBBC59E4041,0.304496,0.380619,0.442628,1.436556,0.892582,All (with consensus)
5,TCGA-H4-A2HO-01Z-00-DX1.37FB76BF-EA5F-430D-89A4-8789ECACC5DB,0.327819,0.409774,0.431638,1.429748,0.888352,All (with consensus)
5,TCGA-K4-A3WV-01Z-00-DX1.F44E3C25-920C-4730-9019-D1E993121F08,0.517905,0.647382,0.677350,1.060943,0.659201,All (with consensus)
5,TCGA-K4-A5RI-01Z-00-DX1.A56C3CF4-543E-46D6-BA50-52A4C790FAE8,0.240403,0.300504,0.361563,1.510493,0.938522,All (with consensus)
5,TCGA-K4-A6FZ-01Z-00-DX1.E4BB7534-1719-45C7-8E0F-78558DB9AD37,0.285922,0.357402,0.399334,1.469621,0.913127,All (with consensus)
5,TCGA-K4-A83P-01Z-00-DX1.6B9251BD-650E-4F69-BE8F-AB0BE5DC90FB,0.250651,0.313314,0.332295,1.504104,0.934552,All (with consensus)
5,TCGA-PQ-A6FN-01Z-00-DX1.58FC60E8-7386-4E57-804D-6AD103AE0FDC,0.419262,0.524077,0.535536,1.295749,0.805094,All (with consensus)
5,TCGA-UY-A78K-01Z-00-DX1.329D9BFF-A204-4A7D-8767-B39F34179708,0.250750,0.313438,0.372987,1.504333,0.934695,All (with consensus)
5,TCGA-UY-A78P-01Z-00-DX1.B6783816-0322-4453-BC80-20ED79A40588,0.380959,0.476199,0.522853,1.333785,0.828727,All (with consensus)
5,TCGA-UY-A9PA-01Z-00-DX1.A83A79FB-810C-42A4-8EC7-A3328D79542D,0.437720,0.547150,0.563242,1.254705,0.779592,All (with consensus)
5,TCGA-XF-A8HD-01Z-00-DX1.809538C0-0D52-4DA5-AA7D-EDA7B363BF36,0.273688,0.342110,0.370603,1.486322,0.923504,All (with consensus)
5,TCGA-XF-A8HH-01Z-00-DX1.22E9DD6D-F231-422F-A349-9FF60B65D50E,0.213679,0.267099,0.309910,1.533474,0.952801,All (with consensus)
5,TCGA-XF-A8HI-01Z-00-DX1.1BA3EF33-D4D5-4213-833D-A7F8C0EFFF02,0.218917,0.273646,0.293043,1.525598,0.947907,All (with consensus)
5,TCGA-XF-A9SG-01Z-00-DX1.6D50B71D-9736-46F9-B527-63565FC65AF2,0.223138,0.278923,0.298690,1.524103,0.946978,All (with consensus)
5,TCGA-XF-A9SK-01Z-00-DX1.1D198106-323F-463B-832B-CB3A03E7B343,0.307046,0.383807,0.428432,1.444741,0.897668,All (with consensus)
5,TCGA-XF-A9SM-01Z-00-DX1.7AADC753-E07E-44A5-91EC-D1740ED5A168,0.312473,0.390591,0.402292,1.443937,0.897168,All (with consensus)
5,TCGA-XF-A9SW-01Z-00-DX1.3FC62DD6-E5D2-4F74-A937-A2A62946E5C0,0.183027,0.228784,0.295364,1.553144,0.965023,All (with consensus)
5,TCGA-XF-A9T8-01Z-00-DX1.C18E4176-C0C1-4F5A-B128-23DF5CE77C05,0.283140,0.353925,0.371349,1.476484,0.917391,All (with consensus)
5,TCGA-XF-AAMJ-01Z-00-DX1.726E3D84-8370-45AC-9C98-ACA30CAB2359,0.168846,0.211058,0.265502,1.559400,0.968910,All (with consensus)
5,TCGA-XF-AAMW-01Z-00-DX1.875DED6D-805B-418C-8C9E-AE45FDECC504,0.252905,0.316131,0.396510,1.494876,0.928819,All (with consensus)
5,TCGA-XF-AAMY-01Z-00-DX1.44D91D18-357D-4FB2-A7CA-38792E3CB839,0.396977,0.496222,0.551378,1.294500,0.804318,All (with consensus)
5,TCGA-XF-AAN3-01Z-00-DX1.2F004F0A-57C1-42CA-A07C-CE0FE8F876D5,0.235189,0.293986,0.353753,1.518916,0.943756,All (with consensus)
5,TCGA-YC-A8S6-01Z-00-DX1.6B92FB17-2000-48B0-B7AE-6C8766D958E2,0.268829,0.336037,0.352786,1.492300,0.927218,All (with consensus)
5,TCGA-ZF-A9R4-01Z-00-DX1.0A115B7F-FB7F-4D82-953F-62BF64C1245F,0.370805,0.463506,0.494982,1.359980,0.845003,All (with consensus)
5,TCGA-ZF-A9RF-01Z-00-DX1.948A32F2-EF55-44E8-BC52-6FCF4A3411BF,0.373364,0.466705,0.466527,1.372014,0.852480,All (with consensus)
5,TCGA-ZF-A9RM-01Z-00-DX1.68758A74-2409-48F4-811A-EA42B4F8F942,0.302498,0.378123,0.352529,1.444341,0.897419,All (with consensus)
5,TCGA-ZF-AA4U-01Z-00-DX1.E7FBFD1C-E974-4B9C-8DA8-D14FEC22D117,0.304012,0.380014,0.395011,1.456675,0.905083,All (with consensus)
5,TCGA-ZF-AA51-01Z-00-DX1.128C9731-C206-4E71-9A64-864FA9FD7E96,0.459021,0.573777,0.591294,1.209568,0.751547,All (with consensus)
5,TCGA-ZF-AA52-01Z-00-DX1.BABC9074-8AF5-42E7-B3F8-39590121B620,0.317164,0.396454,0.428324,1.439117,0.894174,All (with consensus)
1,TCGA-4Z-AA7R-01Z-00-DX1.8FBDAFEB-265F-4594-9069-E34BAB417FC4,0.155625,0.194531,0.273255,1.569555,0.975219,w/o Consensus
1,TCGA-4Z-AA7Y-01Z-00-DX1.5771D5DA-5163-4F6C-A99A-DA682D3F059F,0.141293,0.176617,0.264195,1.576486,0.979526,w/o Consensus
1,TCGA-BL-A13J-01Z-00-DX1.F2AFDD81-C88A-45EA-AC10-D9B38E878019,0.185536,0.231920,0.282042,1.552296,0.964496,w/o Consensus
1,TCGA-BL-A13J-01Z-00-DX2.289B5C8E-56AF-440D-A844-36BD98B573AF,0.182641,0.228301,0.293043,1.555881,0.966723,w/o Consensus
1,TCGA-BT-A20P-01Z-00-DX1.721A7D6B-C9F3-4A70-8E84-EA2556349AE1,0.163612,0.204514,0.270233,1.559522,0.968986,w/o Consensus
1,TCGA-BT-A20Q-01Z-00-DX1.BFF3D35C-CB0C-49C3-8D35-D5C84E133B49,0.170560,0.213200,0.279256,1.556939,0.967380,w/o Consensus
1,TCGA-BT-A20T-01Z-00-DX1.96460E53-65E0-425F-B079-939D7AA537BE,0.174913,0.218642,0.299448,1.559835,0.969180,w/o Consensus
1,TCGA-BT-A20W-01Z-00-DX1.26F73765-704B-4D81-923D-F20860A3EFFC,0.181514,0.226893,0.287864,1.555124,0.966253,w/o Consensus
1,TCGA-BT-A2LD-01Z-00-DX1.A2AEDD2E-481A-401B-BDD7-5D680B5E36E9,0.174142,0.217677,0.289473,1.560247,0.969436,w/o Consensus
1,TCGA-BT-A3PK-01Z-00-DX1.0C10EB75-B766-47DB-8BD0-853F81074355,0.204787,0.255983,0.299058,1.535612,0.954129,w/o Consensus
1,TCGA-BT-A42B-01Z-00-DX1.00FCBDE2-728B-4024-A515-64A366DAB307,0.169379,0.211724,0.309861,1.559969,0.969263,w/o Consensus
1,TCGA-C4-A0F1-01Z-00-DX1.C29436CC-B584-4898-8168-97B5552B1B24,0.186521,0.233151,0.281595,1.549572,0.962803,w/o Consensus
1,TCGA-CF-A27C-01Z-00-DX1.0FDBC44E-EC0D-4C6F-8B77-177CB1516CF1,0.280405,0.350506,0.370950,1.481332,0.920404,w/o Consensus
1,TCGA-CF-A3MF-01Z-00-DX1.91768C26-5BB1-4DE6-9737-AA26BD687A75,0.251105,0.313881,0.352240,1.506170,0.935836,w/o Consensus
1,TCGA-CF-A3MG-01Z-00-DX1.49D55C73-735B-496E-82DA-1F6BFE88D607,0.233337,0.291671,0.313559,1.519669,0.944224,w/o Consensus
1,TCGA-CF-A47X-01Z-00-DX1.1FA2C95C-CFB9-47AA-9BA8-2C2D391BA5D7,0.185030,0.231287,0.288220,1.553054,0.964967,w/o Consensus
1,TCGA-CF-A47Y-01Z-00-DX1.1D4B8964-E7AB-4C6F-80AC-AF84B80B80C2,0.240920,0.301150,0.328900,1.514375,0.940934,w/o Consensus
1,TCGA-CF-A8HX-01Z-00-DX1.92B22756-3D98-4DE6-A077-36C9F1AF1EC2,0.256347,0.320434,0.357125,1.502866,0.933783,w/o Consensus
1,TCGA-CU-A5W6-01Z-00-DX1.11155086-4A71-4207-85B9-CAF7B6D3D60D,0.169680,0.212100,0.264185,1.556606,0.967174,w/o Consensus
1,TCGA-DK-A1A7-01Z-00-DX1.57B1442D-8862-447F-98D4-0D52F7B94E62,0.165842,0.207303,0.315719,1.561879,0.970450,w/o Consensus
1,TCGA-DK-A1AB-01Z-00-DX1.D6032D7B-43EF-469B-A29D-D6DC41DB46D7,0.180811,0.226013,0.309241,1.555800,0.966673,w/o Consensus
1,TCGA-DK-A1AC-01Z-00-DX1.6F484315-00FC-4D41-86E2-16200DC61A04,0.198506,0.248132,0.305331,1.544800,0.959838,w/o Consensus
1,TCGA-DK-A3IQ-01Z-00-DX1.D68A6FD8-6E48-4FC1-BAF3-B80D6198EFAE,0.168231,0.210289,0.309258,1.561980,0.970513,w/o Consensus
1,TCGA-DK-A6AW-01Z-00-DX1.C2453A8C-8282-443C-9E76-5B6CAD2FE69B,0.192830,0.241037,0.287280,1.547870,0.961746,w/o Consensus
1,TCGA-DK-A6B5-01Z-00-DX1.A1A01D61-DAA3-4172-8D69-FF0456190967,0.147277,0.184096,0.287654,1.574556,0.978327,w/o Consensus
1,TCGA-E5-A4U1-01Z-00-DX1.A088BCB3-86D7-4895-A168-00981B44EF78,0.158832,0.198540,0.273494,1.567894,0.974187,w/o Consensus
1,TCGA-E7-A3X6-01Z-00-DX1.5566A0E9-E1C3-4F97-8C82-D2FF3FE3FD8D,0.237517,0.296897,0.321688,1.517584,0.942928,w/o Consensus
1,TCGA-E7-A519-01Z-00-DX1.F197805D-A2DB-4207-91EC-A9AE1FE16C53,0.228304,0.285380,0.343337,1.524901,0.947474,w/o Consensus
1,TCGA-E7-A5KF-01Z-00-DX1.61663245-91CA-423F-9639-30B9F7E216C4,0.207542,0.259427,0.335942,1.536455,0.954653,w/o Consensus
1,TCGA-E7-A6MD-01Z-00-DX1.7E0C04CD-B51E-47F7-B79D-FEEC9B5023FF,0.165573,0.206967,0.273585,1.564278,0.971941,w/o Consensus
1,TCGA-E7-A6MF-01Z-00-DX1.2B0C8CBF-3244-4D17-B9CA-3CBE000BEC29,0.120197,0.150246,0.252786,1.585293,0.984998,w/o Consensus
1,TCGA-E7-A7DV-01Z-00-DX1.FCE4752B-30BC-4747-A9F4-38141E09F005,0.174713,0.218392,0.266613,1.548909,0.962391,w/o Consensus
1,TCGA-E7-A97Q-01Z-00-DX1.821AF545-5433-4D2C-AACE-EA206E15B13D,0.140114,0.175143,0.253797,1.572727,0.977190,w/o Consensus
1,TCGA-FD-A3SN-01Z-00-DX1.CB50ED59-FB7E-4892-AF72-6D297EC62466,0.105611,0.132014,0.238074,1.588136,0.986765,w/o Consensus
1,TCGA-FD-A3SO-01Z-00-DX1.C3A855BF-976F-4E2B-9E39-3D1AEA1A67F6,0.148618,0.185773,0.263405,1.572805,0.977239,w/o Consensus
1,TCGA-FD-A3SQ-01Z-00-DX1.86DF2023-BD72-4D84-B7AA-2330AA433DB9,0.144390,0.180488,0.277494,1.575399,0.978850,w/o Consensus
1,TCGA-FD-A5BS-01Z-00-DX1.A7155CEB-37C9-4AD2-B229-B76F18814585,0.180759,0.225949,0.282147,1.554499,0.965864,w/o Consensus
1,TCGA-FD-A5BT-01Z-00-DX1.2A4716E6-A5C0-4C69-82FD-E771ABB3B28D,0.210206,0.262757,0.291189,1.533222,0.952644,w/o Consensus
1,TCGA-FD-A5BU-01Z-00-DX1.94A8468C-59E7-4185-A877-CC271EA01C90,0.187138,0.233922,0.293989,1.552131,0.964393,w/o Consensus
1,TCGA-FD-A5BX-01Z-00-DX1.172B23F4-4651-4C93-93E1-D0E81331DCA7,0.171115,0.213894,0.272498,1.558010,0.968046,w/o Consensus
1,TCGA-FD-A5BY-01Z-00-DX1.9DF7C69C-FABA-46DC-9954-A7120C65061F,0.207732,0.259665,0.292089,1.537333,0.955199,w/o Consensus
1,TCGA-FD-A5C0-01Z-00-DX1.D11E8348-04DE-4934-B063-2E3F3AD8D110,0.189369,0.236712,0.286991,1.549753,0.962916,w/o Consensus
1,TCGA-FD-A62O-01Z-00-DX1.4DD5E512-EF71-498B-8C25-18F42D0E1F1F,0.199898,0.249872,0.304389,1.545095,0.960022,w/o Consensus
1,TCGA-FD-A6TA-01Z-00-DX1.FC156A8A-B71C-46A3-B83F-99DB0FC41FC8,0.197522,0.246903,0.280477,1.542533,0.958430,w/o Consensus
1,TCGA-FD-A6TD-01Z-00-DX1.836B03BC-CD19-437D-A925-9862BB08AB1D,0.215423,0.269279,0.319558,1.529006,0.950025,w/o Consensus
1,TCGA-G2-A2EC-01Z-00-DX1.44DA27E7-C499-46A1-A871-DBA4E5BCAA6A,0.147141,0.183926,0.269742,1.572849,0.977266,w/o Consensus
1,TCGA-G2-A2EC-01Z-00-DX2.42C4093A-A313-41E6-B2FD-B7928F9B32F9,0.134800,0.168500,0.269159,1.577382,0.980083,w/o Consensus
1,TCGA-G2-A2EC-01Z-00-DX3.6DD4B773-86DE-4D58-A405-3C1B45FD6004,0.137804,0.172255,0.265139,1.576771,0.979703,w/o Consensus
1,TCGA-G2-A2EC-01Z-00-DX4.8E4382A4-71F9-4BC3-89AA-09B4F1B54985,0.154952,0.193690,0.267980,1.568425,0.974518,w/o Consensus
1,TCGA-G2-A2EC-01Z-00-DX5.94164B15-8070-4F16-B0A5-C9345E00BB83,0.140652,0.175814,0.261758,1.574294,0.978164,w/o Consensus
1,TCGA-G2-A2EC-01Z-00-DX6.60307899-9A64-4176-8617-BEBEFEF81CEE,0.154535,0.193168,0.271203,1.569513,0.975193,w/o Consensus
1,TCGA-G2-A2EC-01Z-00-DX7.F421FDF6-AF52-44C9-8AB2-9E37E1B8C8CC,0.145377,0.181722,0.267153,1.573738,0.977818,w/o Consensus
1,TCGA-G2-A2EC-01Z-00-DX8.59E69965-ADB5-4E9D-B455-D766A90EB2AD,0.122520,0.153150,0.256514,1.581954,0.982923,w/o Consensus
1,TCGA-GC-A3RB-01Z-00-DX1.C0011A55-EA8A-436B-BBCA-342B96803B22,0.148704,0.185880,0.256561,1.568257,0.974413,w/o Consensus
1,TCGA-GC-A3RD-01Z-00-DX1.40B5E97D-B45F-4C93-A41B-0F17B757491B,0.153422,0.191778,0.271772,1.570198,0.975619,w/o Consensus
1,TCGA-GC-A4ZW-01Z-00-DX1.6ECD07FB-AE2C-4A04-812F-F5FB2B31F820,0.154110,0.192638,0.312228,1.567765,0.974107,w/o Consensus
1,TCGA-GU-A764-01Z-00-DX1.213E1BDD-33DE-454E-BE79-940E5D793D42,0.174548,0.218186,0.307354,1.559888,0.969213,w/o Consensus
1,TCGA-GU-AATQ-01Z-00-DX1.6D436809-1238-44CA-9CFC-03DC2277C192,0.190805,0.238506,0.315245,1.550671,0.963486,w/o Consensus
1,TCGA-GV-A3QI-01Z-00-DX1.0B9889AC-06C7-405F-B300-D93EB0F19D9A,0.191632,0.239540,0.290931,1.549698,0.962881,w/o Consensus
1,TCGA-GV-A40G-01Z-00-DX1.AD1A709F-A10C-4E69-B4ED-6361777361FD,0.147519,0.184398,0.282248,1.574365,0.978208,w/o Consensus
1,TCGA-HQ-A2OE-01Z-00-DX1.6F764592-DFDC-4636-BE91-3F1F92EE5A65,0.171974,0.214967,0.276309,1.559732,0.969116,w/o Consensus
1,TCGA-K4-A54R-01Z-00-DX1.66AAF596-8C68-4857-9944-226F39E82CA8,0.197297,0.246621,0.282024,1.536144,0.954460,w/o Consensus
1,TCGA-K4-A6MB-01Z-00-DX1.4A6009D3-05D9-4E8B-8EB2-4A52B5B6FED8,0.186268,0.232835,0.310055,1.552103,0.964376,w/o Consensus
1,TCGA-K4-AAQO-01Z-00-DX1.7533831F-414B-4BA5-9CDA-D8B24E579962,0.161882,0.202353,0.273407,1.565028,0.972407,w/o Consensus
1,TCGA-LT-A5Z6-01Z-00-DX1.F547947F-DDB8-4DFF-B08E-FB494F7F044B,0.148814,0.186018,0.270445,1.568768,0.974731,w/o Consensus
1,TCGA-MV-A51V-01Z-00-DX1.5D626704-0803-4912-96D5-FB1EEFA509FB,0.171035,0.213794,0.279434,1.561566,0.970256,w/o Consensus
1,TCGA-S5-A6DX-01Z-00-DX1.70418D45-0396-4838-BF0C-588C7719A131,0.160454,0.200567,0.291260,1.568719,0.974700,w/o Consensus
1,TCGA-UY-A8OC-01Z-00-DX1.EE2DF9C6-3CA9-411D-85D4-D1831F14AAFD,0.192679,0.240848,0.308116,1.549575,0.962805,w/o Consensus
1,TCGA-XF-A8HC-01Z-00-DX1.BF199254-2954-4836-B037-E10493275D8C,0.186331,0.232914,0.311989,1.550525,0.963396,w/o Consensus
1,TCGA-XF-A8HE-01Z-00-DX1.A0E05485-2A24-4BD0-8B2F-E0D9641ADD9F,0.167112,0.208890,0.289990,1.562660,0.970935,w/o Consensus
1,TCGA-XF-A8HG-01Z-00-DX1.9D3970D1-C598-4F4C-ABBD-92C55C7C837A,0.187753,0.234691,0.281336,1.548059,0.961863,w/o Consensus
1,TCGA-XF-A9SY-01Z-00-DX1.758C5D9F-274B-4D4A-92D3-78728CB35139,0.137761,0.172201,0.290170,1.576785,0.979711,w/o Consensus
1,TCGA-XF-A9T0-01Z-00-DX1.63C52F23-3DE3-4D3A-914E-E7F3CB23D410,0.127543,0.159429,0.275714,1.579990,0.981703,w/o Consensus
1,TCGA-XF-A9T2-01Z-00-DX1.E33F796C-46EB-44C4-AC65-ED6098EE3043,0.182305,0.227881,0.303810,1.555062,0.966214,w/o Consensus
1,TCGA-XF-A9T4-01Z-00-DX1.1F44D95D-E341-4FBA-BCB5-43E89E6C359E,0.157246,0.196558,0.292208,1.568296,0.974437,w/o Consensus
1,TCGA-XF-AAMF-01Z-00-DX1.01371D44-969E-44C8-993B-13B83D9E4F0F,0.100466,0.125583,0.264357,1.591764,0.989018,w/o Consensus
1,TCGA-XF-AAML-01Z-00-DX1.E2780FA6-641F-4A5A-B755-9ABD3C57C13E,0.189941,0.237427,0.321577,1.547447,0.961483,w/o Consensus
1,TCGA-XF-AAN0-01Z-00-DX1.B9D6C207-F124-4558-ABD4-2846F42C5F66,0.153597,0.191997,0.300997,1.570131,0.975577,w/o Consensus
1,TCGA-XF-AAN5-01Z-00-DX1.DACB5253-366B-40A2-AD52-376F26C103A6,0.163814,0.204767,0.285569,1.564882,0.972316,w/o Consensus
1,TCGA-YC-A9TC-01Z-00-DX1.D7C1A85C-C39C-436F-A22A-2A09558CCF18,0.120352,0.150440,0.251771,1.585130,0.984897,w/o Consensus
1,TCGA-YC-A9TC-01Z-00-DX2.F74F61C0-CB9F-4E6E-BDA7-D206ECBBDEFC,0.115204,0.144006,0.243619,1.586427,0.985702,w/o Consensus
1,TCGA-ZF-A9R7-01Z-00-DX1.AF323B5F-EE04-422E-B635-1050870897DC,0.170936,0.213670,0.270545,1.554348,0.965771,w/o Consensus
1,TCGA-ZF-AA4V-01Z-00-DX1.04E4C701-9AA4-41DC-A615-4EB695CE8E3C,0.140301,0.175376,0.258670,1.575542,0.978939,w/o Consensus
1,TCGA-ZF-AA4W-01Z-00-DX1.1B35CC2D-3115-4BCF-8BAD-164806CAA7D3,0.171941,0.214926,0.285771,1.560063,0.969322,w/o Consensus
1,TCGA-ZF-AA5H-01Z-00-DX1.2B5DF00E-E0FD-4C58-A82C-3107A27F99D6,0.176110,0.220138,0.270894,1.555362,0.966401,w/o Consensus
1,TCGA-ZF-AA5N-01Z-00-DX1.A207E3EE-CC7D-4267-A77E-71BBD15B95A8,0.138151,0.172689,0.270979,1.577724,0.980295,w/o Consensus
1,TCGA-ZF-AA5P-01Z-00-DX1.B91697A2-A186-4E67-A818-56271D2009A9,0.130355,0.162944,0.255536,1.580686,0.982135,w/o Consensus
2,TCGA-2F-A9KR-01Z-00-DX1.D6A4BD2D-18F3-4FA6-8272-60392DDAF7B5,0.170774,0.213468,0.302832,1.562988,0.971139,w/o Consensus
2,TCGA-4Z-AA7N-01Z-00-DX1.10AA3499-6678-4DB2-9466-9CB3EA25CBB6,0.169570,0.211962,0.292394,1.559949,0.969251,w/o Consensus
2,TCGA-4Z-AA7S-01Z-00-DX1.35242781-51FD-4883-A347-6EADC40E39C2,0.157732,0.197165,0.271227,1.565864,0.972926,w/o Consensus
2,TCGA-4Z-AA81-01Z-00-DX1.797432E9-56C6-4142-9AA4-233D7C565BF1,0.220950,0.276188,0.317419,1.528101,0.949463,w/o Consensus
2,TCGA-BL-A5ZZ-01Z-00-DX1.4CF32B22-118E-4570-B341-0F35258329E6,0.187584,0.234480,0.307728,1.550514,0.963389,w/o Consensus
2,TCGA-BL-A5ZZ-01Z-00-DX2.BB151354-01C6-43DE-ABCC-0B03468D54FF,0.218444,0.273055,0.306979,1.529965,0.950621,w/o Consensus
2,TCGA-BT-A3PH-01Z-00-DX1.18FB196C-9F66-4676-81DC-F58A0A5577D8,0.217066,0.271332,0.318656,1.528786,0.949888,w/o Consensus
2,TCGA-C4-A0F7-01Z-00-DX1.606C3AFA-F93D-4226-AA49-41B5916F9018,0.170322,0.212902,0.272381,1.559217,0.968796,w/o Consensus
2,TCGA-CF-A47V-01Z-00-DX1.DCDFBB74-48BC-434A-ABD3-55367C56F2FD,0.193895,0.242368,0.324373,1.546394,0.960828,w/o Consensus
2,TCGA-CF-A7I0-01Z-00-DX1.9920A024-B523-4CB6-992F-0BD80D9E11C9,0.112918,0.141147,0.276418,1.588020,0.986692,w/o Consensus
2,TCGA-CF-A9FF-01Z-00-DX1.69267287-0015-4BC2-A965-CEE9D0CFC5AA,0.117634,0.147042,0.265029,1.586513,0.985756,w/o Consensus
2,TCGA-CU-A0YN-01Z-00-DX1.6C5EAAAF-8F14-49D3-8FFC-9BDAE56CAFD0,0.113536,0.141920,0.241605,1.586279,0.985611,w/o Consensus
2,TCGA-CU-A0YR-01Z-00-DX1.B3690B2C-0B90-47D6-8709-D493A74E3F7B,0.151945,0.189932,0.299338,1.570395,0.975741,w/o Consensus
2,TCGA-CU-A72E-01Z-00-DX1.11B1B313-85DB-460B-9B78-398224F63A04,0.192510,0.240638,0.289814,1.541075,0.957524,w/o Consensus
2,TCGA-DK-A1A3-01Z-00-DX1.89FB6586-56D1-4EF7-AE4B-66EED29667CD,0.235246,0.294058,0.348389,1.520246,0.944582,w/o Consensus
2,TCGA-DK-A1A5-01Z-00-DX1.463753DB-C4EA-4973-AF04-4BD0FF39C19D,0.189220,0.236525,0.326138,1.549604,0.962823,w/o Consensus
2,TCGA-DK-A1A6-01Z-00-DX1.FC604B50-6BA7-488C-A153-7F9610E6E37B,0.181269,0.226586,0.287522,1.554941,0.966139,w/o Consensus
2,TCGA-DK-A1AE-01Z-00-DX1.85F1B791-E0CD-479F-9C2D-E411981E4471,0.204508,0.255635,0.323593,1.538843,0.956137,w/o Consensus
2,TCGA-DK-A2I6-01Z-00-DX1.7BF86D3B-D4F7-47F9-B021-7FD6B673A238,0.263276,0.329095,0.367704,1.493551,0.927996,w/o Consensus
2,TCGA-DK-A3IU-01Z-00-DX1.A624F891-20E8-48F6-8FAE-D046F30E257C,0.171317,0.214147,0.301218,1.560326,0.969485,w/o Consensus
2,TCGA-DK-A3WX-01Z-00-DX1.02E25F1B-4726-4D9E-BBC0-CF42F548F559,0.155290,0.194113,0.322728,1.563540,0.971482,w/o Consensus
2,TCGA-DK-A3X1-01Z-00-DX1.DE470E1B-1DB4-4985-B11D-ECB02A65CA6C,0.219550,0.274437,0.302587,1.527393,0.949023,w/o Consensus
2,TCGA-DK-A6B1-01Z-00-DX1.16F4E625-D690-45CD-B810-9E7F12EF9A90,0.120933,0.151167,0.259082,1.585357,0.985038,w/o Consensus
2,TCGA-DK-A6B2-01Z-00-DX1.23D318D9-A05D-49D5-8C0E-BAA71BC2AFFA,0.194738,0.243423,0.281536,1.545093,0.960020,w/o Consensus
2,TCGA-DK-A6B6-01Z-00-DX1.CD8B2F09-A5BA-4795-92FD-03A7315C3A2D,0.199253,0.249067,0.342096,1.541369,0.957707,w/o Consensus
2,TCGA-E7-A7PW-01Z-00-DX1.27B92FC6-D50C-4816-A2C2-35E73D379DDD,0.128757,0.160946,0.239981,1.574584,0.978344,w/o Consensus
2,TCGA-FD-A3B3-01Z-00-DX1.CD634C50-2746-468E-BEEC-50E76E400602,0.229985,0.287481,0.337604,1.522098,0.945732,w/o Consensus
2,TCGA-FD-A3N5-01Z-00-DX1.C42537CC-55C9-43CD-921E-75D010B06582,0.256119,0.320149,0.346341,1.502044,0.933273,w/o Consensus
2,TCGA-FD-A3SL-01Z-00-DX1.7B364C1F-3879-43C1-A3C7-B1CB03A7616B,0.174314,0.217893,0.293226,1.561037,0.969927,w/o Consensus
2,TCGA-FD-A3SP-01Z-00-DX1.05986238-A4B9-497D-9D00-8DB37B0040FE,0.169776,0.212220,0.297663,1.563232,0.971291,w/o Consensus
2,TCGA-FD-A3SS-01Z-00-DX1.FEEC4D8E-E87D-4742-B377-5DA2999D6997,0.178143,0.222679,0.300765,1.557553,0.967762,w/o Consensus
2,TCGA-FD-A43P-01Z-00-DX1.792612F7-802C-4A90-A2B5-A6A82FCDE92F,0.260567,0.325709,0.377731,1.495334,0.929103,w/o Consensus
2,TCGA-FD-A43Y-01Z-00-DX1.6516167F-A303-4524-98D6-E32CB521ED08,0.263891,0.329863,0.384462,1.492703,0.927469,w/o Consensus
2,TCGA-FD-A5BV-01Z-00-DX1.FD47C060-5104-45AC-95F8-0C4C5924FE26,0.287761,0.359702,0.422419,1.463100,0.909075,w/o Consensus
2,TCGA-FD-A5C1-01Z-00-DX1.EAD87C49-A25C-4D37-AF27-E27F7016E065,0.199678,0.249598,0.327286,1.544424,0.959605,w/o Consensus
2,TCGA-FD-A62P-01Z-00-DX1.56B14555-896E-420A-AE8B-4E2D35D87871,0.234390,0.292988,0.356229,1.515261,0.941485,w/o Consensus
2,TCGA-FD-A6TB-01Z-00-DX1.CDCC077C-2DFE-4B04-A0D0-69E1CFE80AC5,0.208176,0.260220,0.334467,1.538858,0.956146,w/o Consensus
2,TCGA-FD-A6TF-01Z-00-DX1.15B2C3E0-A0D7-4879-82B1-6C9AB09AF8E2,0.248779,0.310974,0.363475,1.505879,0.935655,w/o Consensus
2,TCGA-G2-A2EF-01Z-00-DX1.5FA6C53C-C749-46CE-B85C-DDFE27962F7C,0.198945,0.248681,0.305972,1.545699,0.960397,w/o Consensus
2,TCGA-G2-A2EF-01Z-00-DX2.90428613-C414-421F-9502-EADCEBC47184,0.199371,0.249214,0.311424,1.545017,0.959973,w/o Consensus
2,TCGA-G2-A2EF-01Z-00-DX3.04EC2CA4-7CCF-4DB6-829D-9067E7EF07C4,0.201357,0.251697,0.311887,1.544181,0.959454,w/o Consensus
2,TCGA-G2-A2EF-01Z-00-DX4.70FC5B2D-E8EC-41EE-99B7-CB3FFC0F4D98,0.190299,0.237873,0.296907,1.549024,0.962463,w/o Consensus
2,TCGA-G2-A3IE-01Z-00-DX1.DEEF9D35-CE4C-499F-9481-9E9E379694FC,0.155071,0.193839,0.272041,1.570512,0.975814,w/o Consensus
2,TCGA-G2-A3IE-01Z-00-DX2.48A6B225-8608-41A5-9268-63262105DDED,0.154175,0.192719,0.282275,1.571379,0.976353,w/o Consensus
2,TCGA-G2-AA3B-01Z-00-DX1.F4F8CCF4-E74C-4B07-B385-5E30E0E1BB0D,0.167641,0.209551,0.261245,1.558084,0.968092,w/o Consensus
2,TCGA-G2-AA3B-01Z-00-DX2.B9AC70CF-591B-4AFF-A8C0-F43A9C91CFF9,0.143708,0.179634,0.260897,1.571354,0.976337,w/o Consensus
2,TCGA-G2-AA3B-01Z-00-DX3.A193600C-0B83-4FEB-AB0C-DECF6FC78E1A,0.131061,0.163826,0.263206,1.580075,0.981756,w/o Consensus
2,TCGA-G2-AA3B-01Z-00-DX4.6E70BFE1-D95F-48A9-9897-97322FBA937A,0.172779,0.215974,0.275455,1.556212,0.966929,w/o Consensus
2,TCGA-G2-AA3B-01Z-00-DX5.57084980-934B-4A4A-A720-24FA2E9E0CB2,0.153527,0.191908,0.276540,1.569755,0.975344,w/o Consensus
2,TCGA-GC-A3WC-01Z-00-DX1.D8F5CD43-7338-414C-ADE8-AC0BBC6A871C,0.157043,0.196304,0.257906,1.560929,0.969860,w/o Consensus
2,TCGA-GC-A6I1-01Z-00-DX1.2AD569EC-372B-4B72-A222-924091ADEE99,0.152605,0.190756,0.266164,1.569304,0.975063,w/o Consensus
2,TCGA-GD-A2C5-01Z-00-DX1.3A81505E-5BF9-466C-938B-28909CD88193,0.218282,0.272853,0.341864,1.531002,0.951265,w/o Consensus
2,TCGA-GD-A3OP-01Z-00-DX1.A1D66E35-8E4D-4420-AD57-D45016D016D5,0.174450,0.218062,0.292483,1.557427,0.967684,w/o Consensus
2,TCGA-GU-A42R-01Z-00-DX1.1A14BFD8-DE37-4D10-ACB6-317ECEB930CA,0.190886,0.238607,0.366668,1.532750,0.952351,w/o Consensus
2,TCGA-GU-A42R-01Z-00-DX2.B54CCE4D-E4DE-473B-B7C6-5A349FD7F55C,0.201322,0.251653,0.338457,1.541005,0.957480,w/o Consensus
2,TCGA-GU-AATP-01Z-00-DX1.0D8EC37C-88E7-49D5-A76D-F0A4A3FD8AE4,0.168733,0.210916,0.302612,1.560554,0.969627,w/o Consensus
2,TCGA-GV-A3JW-01Z-00-DX1.152AD6E5-D30A-4D94-A793-3DDF3828625C,0.157657,0.197071,0.269001,1.568037,0.974276,w/o Consensus
2,TCGA-GV-A3QK-01Z-00-DX1.DACDDD23-0DD8-44EC-9FE2-945ADEA8AC43,0.182826,0.228532,0.291729,1.554793,0.966047,w/o Consensus
2,TCGA-H4-A2HQ-01Z-00-DX1.DFBDDFDD-0C65-4130-96F5-4E3838190D13,0.180734,0.225918,0.284554,1.555783,0.966662,w/o Consensus
2,TCGA-K4-A3WS-01Z-00-DX1.6814457F-C30E-4B3D-BA37-B701FF591BFE,0.093436,0.116794,0.240275,1.594568,0.990761,w/o Consensus
2,TCGA-K4-A4AB-01Z-00-DX1.88A9D084-1B3B-4B13-AAD7-18C6587624C0,0.145108,0.181386,0.263008,1.571906,0.976680,w/o Consensus
2,TCGA-K4-A5RH-01Z-00-DX1.8AA2FC59-CDA4-49F5-BAB7-B14B6792FAF8,0.227272,0.284089,0.344866,1.522612,0.946052,w/o Consensus
2,TCGA-LT-A8JT-01Z-00-DX1.8D04BB53-EEA9-401B-B92E-8EB9DEEE7E4E,0.123680,0.154600,0.252560,1.582610,0.983331,w/o Consensus
2,TCGA-S5-AA26-01Z-00-DX1.10D28D0C-D537-485E-A371-E3C60ED66FE7,0.137687,0.172108,0.321577,1.567440,0.973905,w/o Consensus
2,TCGA-UY-A78N-01Z-00-DX1.31873403-A629-4ED9-B2AF-14817689BB3B,0.218986,0.273732,0.327663,1.530316,0.950839,w/o Consensus
2,TCGA-UY-A8OD-01Z-00-DX1.3985C497-D586-4AB9-A635-63A7946C5A2E,0.110188,0.137735,0.251794,1.589143,0.987390,w/o Consensus
2,TCGA-UY-A9PE-01Z-00-DX1.19205347-9969-475E-9293-E99D4833E462,0.226985,0.283731,0.326519,1.524385,0.947153,w/o Consensus
2,TCGA-UY-A9PF-01Z-00-DX1.8A5B3826-48D2-42AE-A4DE-C0BB90134FCB,0.127048,0.158810,0.257206,1.583118,0.983646,w/o Consensus
2,TCGA-UY-A9PH-01Z-00-DX1.7FAA1EC7-C2BB-47E0-BCEB-5D4095078B2E,0.181383,0.226729,0.296963,1.550812,0.963574,w/o Consensus
2,TCGA-XF-A8HF-01Z-00-DX1.119AB9B9-73CE-4DE3-B305-4872F704E3E4,0.151626,0.189532,0.262378,1.568648,0.974656,w/o Consensus
2,TCGA-XF-A9SJ-01Z-00-DX1.AED4FF1B-441D-47EE-B7E5-CC6C595D3D98,0.239123,0.298903,0.351710,1.515508,0.941638,w/o Consensus
2,TCGA-XF-A9T5-01Z-00-DX1.B0A44AF2-B075-4280-809E-DDACCDB20E3D,0.114206,0.142758,0.249629,1.587898,0.986616,w/o Consensus
2,TCGA-XF-A9T6-01Z-00-DX1.57AE17FC-DB4C-4D2B-A53F-A259E8482064,0.201036,0.251294,0.288150,1.532319,0.952083,w/o Consensus
2,TCGA-XF-AAMH-01Z-00-DX1.AB5E1C7D-C3BF-4A69-B614-0ED69F8A3C07,0.208219,0.260273,0.286521,1.531162,0.951364,w/o Consensus
2,TCGA-XF-AAMQ-01Z-00-DX1.E8D304A9-4BD0-4C62-8B01-4C00994F8EE9,0.225390,0.281737,0.315828,1.526027,0.948174,w/o Consensus
2,TCGA-XF-AAN1-01Z-00-DX1.F6F0E65A-0D01-4C00-AEAC-359D52C802BF,0.181214,0.226517,0.293116,1.556842,0.967320,w/o Consensus
2,TCGA-XF-AAN2-01Z-00-DX1.EB523A3A-0DE0-4FFC-9FE7-CF4FB2FB36CF,0.150776,0.188470,0.271950,1.571233,0.976262,w/o Consensus
2,TCGA-XF-AAN4-01Z-00-DX1.F9F1800B-9945-4695-B851-A4585E9D56D6,0.253998,0.317497,0.356084,1.504679,0.934910,w/o Consensus
2,TCGA-YC-A89H-01Z-00-DX1.ACE5AFD4-274B-4579-9B0E-EDD8D9251A8C,0.208701,0.260876,0.291997,1.535415,0.954007,w/o Consensus
2,TCGA-YF-AA3M-01Z-00-DX1.28587CDB-1FDF-4FD0-B809-86C7EA64562A,0.151383,0.189228,0.259229,1.566637,0.973406,w/o Consensus
2,TCGA-ZF-A9R0-01Z-00-DX1.B9FD30D2-807E-49F7-A9E0-C58226EDEF13,0.205494,0.256867,0.292482,1.530822,0.951153,w/o Consensus
2,TCGA-ZF-A9R5-01Z-00-DX1.50B18159-9376-411A-B519-12BB50D06DFC,0.220708,0.275885,0.345811,1.527392,0.949022,w/o Consensus
2,TCGA-ZF-A9R9-01Z-00-DX1.8E68A35C-F2B7-410E-A1DE-3C460D67DB85,0.197836,0.247295,0.280649,1.536586,0.954735,w/o Consensus
2,TCGA-ZF-A9RD-01Z-00-DX1.84823027-AA0A-412A-9DEA-EFBB8406FD9C,0.159268,0.199085,0.278827,1.568242,0.974404,w/o Consensus
2,TCGA-ZF-A9RG-01Z-00-DX1.E9C92201-31AD-4D7E-87C0-64842D705380,0.259803,0.324754,0.330926,1.497734,0.930594,w/o Consensus
2,TCGA-ZF-AA4T-01Z-00-DX1.3AC48F6E-01E2-4C20-BEFE-3B4A150DFF67,0.103990,0.129988,0.264171,1.591835,0.989063,w/o Consensus
2,TCGA-ZF-AA54-01Z-00-DX1.9118BB51-333A-4257-A797-75620F1E7AD6,0.221535,0.276919,0.315021,1.529584,0.950384,w/o Consensus
3,TCGA-2F-A9KO-01Z-00-DX1.195576CF-B739-4BD9-B15B-4A70AE287D3E,0.158159,0.197698,0.296924,1.565139,0.972475,w/o Consensus
3,TCGA-2F-A9KQ-01Z-00-DX1.1C8CB2DD-5CC6-4E99-A0F9-32A0F598F5F9,0.181326,0.226658,0.304214,1.552047,0.964341,w/o Consensus
3,TCGA-4Z-AA7M-01Z-00-DX1.05317C75-A8F3-4124-95D2-F039BEFFE63A,0.136728,0.170910,0.254988,1.568267,0.974419,w/o Consensus
3,TCGA-4Z-AA7O-01Z-00-DX1.A45C32E8-AA40-4182-8A6F-986DFE56A748,0.137170,0.171462,0.256569,1.576258,0.979384,w/o Consensus
3,TCGA-4Z-AA82-01Z-00-DX1.D18C9339-88DE-48E7-9D75-1ACB95483F7D,0.225115,0.281393,0.343073,1.526144,0.948247,w/o Consensus
3,TCGA-4Z-AA84-01Z-00-DX1.604B60F3-1E19-4335-9F8D-0D6920B1ACF8,0.234817,0.293521,0.350978,1.517606,0.942941,w/o Consensus
3,TCGA-BL-A0C8-01Z-00-DX1.E7FC7156-EF0C-4C79-93D1-1345ADB36A45,0.197970,0.247462,0.282381,1.534233,0.953273,w/o Consensus
3,TCGA-BL-A0C8-01Z-00-DX2.1D788C7B-801F-4957-B1DE-43DCAA82A16A,0.271204,0.339005,0.327753,1.481863,0.920733,w/o Consensus
3,TCGA-BL-A13I-01Z-00-DX1.D08284EF-2E42-44FE-A3B9-BEF64076A86E,0.183783,0.229729,0.305624,1.553451,0.965213,w/o Consensus
3,TCGA-BL-A13I-01Z-00-DX2.251412B0-EECB-420A-B963-B19432DB3F29,0.174222,0.217778,0.299121,1.554510,0.965871,w/o Consensus
3,TCGA-BL-A3JM-01Z-00-DX1.33E53972-CEA4-4D84-A5D2-7DAD7B0C27F8,0.125068,0.156335,0.242165,1.576643,0.979624,w/o Consensus
3,TCGA-BT-A0S7-01Z-00-DX1.32588823-EE4E-4F55-B586-29E8E9D98EDE,0.265313,0.331642,0.376664,1.492300,0.927218,w/o Consensus
3,TCGA-BT-A0YX-01Z-00-DX1.B28C49EA-BF1C-44D8-B9A0-DC0A6172702E,0.193853,0.242316,0.321892,1.546828,0.961098,w/o Consensus
3,TCGA-BT-A20J-01Z-00-DX1.EB1BC7DB-9BF1-467D-B897-9BA2130320CB,0.269334,0.336668,0.356519,1.489039,0.925192,w/o Consensus
3,TCGA-BT-A20R-01Z-00-DX1.38320FC0-F1E5-401B-9336-D77796456B30,0.103662,0.129577,0.240024,1.588451,0.986960,w/o Consensus
3,TCGA-BT-A2LA-01Z-00-DX1.B76379CE-99AB-4598-B55B-0FA800B8DB74,0.107730,0.134662,0.235390,1.584489,0.984498,w/o Consensus
3,TCGA-C4-A0EZ-01Z-00-DX1.993A12F0-9687-4E56-B887-13C9453A7E63,0.249695,0.312118,0.364651,1.504810,0.934991,w/o Consensus
3,TCGA-C4-A0F6-01Z-00-DX1.05FAB26A-4BE9-42B4-95F0-6BD15EBE8792,0.307096,0.383871,0.426246,1.448469,0.899985,w/o Consensus
3,TCGA-CF-A3MI-01Z-00-DX1.5619CA1A-F772-44CC-BBE2-F2C365E2699D,0.269407,0.336759,0.344618,1.490681,0.926212,w/o Consensus
3,TCGA-CF-A47W-01Z-00-DX1.D14F1F9A-E684-4140-9714-3197A4325568,0.462649,0.578311,0.598272,1.203744,0.747928,w/o Consensus
3,TCGA-CF-A5U8-01Z-00-DX1.D0385BD3-3128-41C6-889D-4EC916B2B228,0.504932,0.631165,0.639158,1.122916,0.697707,w/o Consensus
3,TCGA-CF-A9FL-01Z-00-DX1.711B523B-E033-41ED-AE06-6233C89DCC57,0.333097,0.416371,0.471224,1.399242,0.869398,w/o Consensus
3,TCGA-CF-A9FM-01Z-00-DX1.F9379708-8E04-435E-BF12-8E3222AE728D,0.472036,0.590045,0.595594,1.198335,0.744568,w/o Consensus
3,TCGA-CU-A3KJ-01Z-00-DX1.5E6E8B80-4059-4625-AED8-D049F4B63FF7,0.309658,0.387073,0.398424,1.452801,0.902676,w/o Consensus
3,TCGA-CU-A3YL-01Z-00-DX1.813C9F59-869C-4B8E-B295-22F67AD83F37,0.277804,0.347255,0.328510,1.473665,0.915640,w/o Consensus
3,TCGA-DK-A1AA-01Z-00-DX1.11F015AE-3B8A-4827-93E2-54F8563BE248,0.306213,0.382766,0.402886,1.454881,0.903968,w/o Consensus
3,TCGA-DK-A1AD-01Z-00-DX1.1B438E00-C022-4CB8-994D-C4EE8E009F00,0.223529,0.279411,0.356014,1.518705,0.943625,w/o Consensus
3,TCGA-DK-A1AF-01Z-00-DX1.E18DE029-27A6-43A6-9E9D-D0225C7D5324,0.200966,0.251208,0.301971,1.538032,0.955633,w/o Consensus
3,TCGA-DK-A2I1-01Z-00-DX1.7EBA720C-60F8-4012-95D2-F4B10FB74A18,0.239274,0.299093,0.316310,1.514596,0.941071,w/o Consensus
3,TCGA-DK-A3IK-01Z-00-DX1.2C3A7E93-113C-4321-94B1-7A228E4897F0,0.265321,0.331651,0.402827,1.483181,0.921552,w/o Consensus
3,TCGA-DK-A3IL-01Z-00-DX1.B3F0006E-CB53-4475-9576-3411C835B25A,0.217594,0.271992,0.291531,1.527876,0.949323,w/o Consensus
3,TCGA-DK-A6AV-01Z-00-DX1.FC632EEE-668B-4757-B2FB-139D869812E0,0.206730,0.258412,0.312144,1.540179,0.956967,w/o Consensus
3,TCGA-DK-A6B0-01Z-00-DX1.83628045-FDD9-4167-879F-7813FDCA7D97,0.267730,0.334662,0.405660,1.474898,0.916406,w/o Consensus
3,TCGA-E7-A4IJ-01Z-00-DX1.7215592C-D179-4EE8-81F7-B3E32AE0D830,0.276342,0.345427,0.396305,1.477598,0.918083,w/o Consensus
3,TCGA-E7-A4XJ-01Z-00-DX1.70DA8872-34A6-41B7-8D17-2B15C80EF5CF,0.305617,0.382022,0.413742,1.451903,0.902118,w/o Consensus
3,TCGA-E7-A541-01Z-00-DX1.8387CEF8-706B-486C-BC07-783EC1016BCC,0.284120,0.355151,0.391305,1.473897,0.915784,w/o Consensus
3,TCGA-E7-A6ME-01Z-00-DX1.114098C0-6CD9-4240-B8F4-C2E6D86A6868,0.125155,0.156443,0.269055,1.580416,0.981968,w/o Consensus
3,TCGA-E7-A85H-01Z-00-DX1.0C1D94F2-1120-45AC-9053-7833DA12194F,0.141926,0.177408,0.252387,1.569288,0.975053,w/o Consensus
3,TCGA-FD-A3B5-01Z-00-DX1.69DEA650-3D53-46AC-BB60-BF68C4413608,0.165846,0.207308,0.288260,1.562045,0.970553,w/o Consensus
3,TCGA-FD-A3B6-01Z-00-DX1.04CCC012-F2FF-4CBA-9A2C-8EC979427204,0.150284,0.187855,0.275058,1.568487,0.974556,w/o Consensus
3,TCGA-FD-A3B8-01Z-00-DX1.85E75835-8607-47C3-B8BD-4F01E54E5574,0.106346,0.132933,0.242702,1.590480,0.988221,w/o Consensus
3,TCGA-FD-A3SR-01Z-00-DX1.7E2FB51A-9562-4B3D-8431-6283342B4311,0.136388,0.170486,0.262849,1.578641,0.980865,w/o Consensus
3,TCGA-FD-A62N-01Z-00-DX1.204E48B7-51D1-49D7-88F3-4BD33A07146A,0.230506,0.288132,0.352263,1.522101,0.945735,w/o Consensus
3,TCGA-FT-A61P-01Z-00-DX1.39960BA6-ECC6-4EE0-B3ED-F3991E3742F6,0.091876,0.114846,0.240130,1.593720,0.990234,w/o Consensus
3,TCGA-G2-A2EK-01Z-00-DX1.1F826341-0877-46E0-8DB7-9D01E8874614,0.158517,0.198146,0.280331,1.562153,0.970620,w/o Consensus
3,TCGA-G2-A2EK-01Z-00-DX2.F68EC7A1-2B48-42EB-8621-39D8547E408D,0.174126,0.217657,0.295990,1.555405,0.966428,w/o Consensus
3,TCGA-G2-A2EK-01Z-00-DX3.22408270-F6D1-4257-9014-E13C7B69A407,0.184154,0.230192,0.306747,1.549970,0.963050,w/o Consensus
3,TCGA-G2-AA3C-01Z-00-DX1.D2CA01A1-A2F3-4624-A022-BAEA71AA67AC,0.229596,0.286995,0.326774,1.523032,0.946313,w/o Consensus
3,TCGA-G2-AA3C-01Z-00-DX2.00AE9115-F979-4DD6-8364-96493CC00835,0.237771,0.297214,0.332292,1.516646,0.942345,w/o Consensus
3,TCGA-G2-AA3F-01Z-00-DX1.C63054C3-6DBF-42A1-ADA3-79FF26ED02B3,0.223338,0.279173,0.346699,1.514030,0.940720,w/o Consensus
3,TCGA-G2-AA3F-01Z-00-DX2.8991BE4B-303B-4177-9046-2D6412D0698E,0.199033,0.248791,0.313894,1.529945,0.950608,w/o Consensus
3,TCGA-G2-AA3F-01Z-00-DX3.360ECD0E-F773-4153-A782-EDED1819BDBA,0.217516,0.271895,0.324762,1.524176,0.947024,w/o Consensus
3,TCGA-G2-AA3F-01Z-00-DX4.8DD53108-E08F-4F3C-80EE-E31D934B9BDF,0.211376,0.264220,0.301195,1.527771,0.949258,w/o Consensus
3,TCGA-G2-AA3F-01Z-00-DX5.A1D2BBD8-A1B6-46E1-8D22-C897019DB41F,0.229884,0.287355,0.322029,1.516361,0.942168,w/o Consensus
3,TCGA-G2-AA3F-01Z-00-DX6.AD188C41-F5A7-49ED-9C1A-F7E956A34AC5,0.240869,0.301086,0.335598,1.504272,0.934657,w/o Consensus
3,TCGA-G2-AA3F-01Z-00-DX7.61BFF067-ADE1-4879-8746-34F034B06A2A,0.226374,0.282968,0.320264,1.515312,0.941517,w/o Consensus
3,TCGA-G2-AA3F-01Z-00-DX8.D27EA057-F808-44FE-AF5D-9F7237D59488,0.239612,0.299515,0.327316,1.510852,0.938745,w/o Consensus
3,TCGA-G2-AA3F-01Z-00-DX9.77E9E77B-0A41-4045-A1EE-19FEC7259910,0.210034,0.262543,0.310894,1.523162,0.946394,w/o Consensus
3,TCGA-GC-A3BM-01Z-00-DX1.8880FA8C-8607-4C55-A619-2C8D7F2866EF,0.223677,0.279596,0.301498,1.519189,0.943925,w/o Consensus
3,TCGA-GC-A3OO-01Z-00-DX1.F2A671AF-74E6-4F9B-8ABC-6A10EB1F68A8,0.185825,0.232281,0.320942,1.544176,0.959451,w/o Consensus
3,TCGA-GC-A3RC-01Z-00-DX1.DC4B31BC-5C7F-421A-88CD-38428051A653,0.200849,0.251061,0.293539,1.541527,0.957804,w/o Consensus
3,TCGA-GC-A6I3-01Z-00-DX1.1B3D09B9-14FB-4236-9354-3E5CC59354A7,0.190876,0.238594,0.314731,1.550318,0.963267,w/o Consensus
3,TCGA-GD-A3OQ-01Z-00-DX1.ED8C9F09-57A9-4915-950A-A61FE2FE8538,0.103330,0.129163,0.238897,1.588917,0.987250,w/o Consensus
3,TCGA-GD-A3OS-01Z-00-DX1.5EA796F4-E7F3-4421-BDEA-522BED020B5B,0.205181,0.256476,0.322148,1.539248,0.956389,w/o Consensus
3,TCGA-GD-A76B-01Z-00-DX1.C299842E-F204-4071-AD72-1E1A303B396B,0.250746,0.313432,0.317524,1.503613,0.934247,w/o Consensus
3,TCGA-GU-A42P-01Z-00-DX1.3A4A8614-693F-452C-BB2C-AD16D5AC6F12,0.138659,0.173324,0.270554,1.574973,0.978586,w/o Consensus
3,TCGA-GU-A42P-01Z-00-DX2.3A4A8614-693F-452C-BB2C-AD16D5AC6F12,0.153481,0.191851,0.254548,1.563061,0.971185,w/o Consensus
3,TCGA-GU-A42Q-01Z-00-DX1.91D8B0D2-538F-4411-9B3C-0E1FAE1A0606,0.162939,0.203674,0.305953,1.563776,0.971629,w/o Consensus
3,TCGA-GU-A42Q-01Z-00-DX2.91D8B0D2-538F-4411-9B3C-0E1FAE1A0606,0.238307,0.297883,0.338901,1.517462,0.942852,w/o Consensus
3,TCGA-GU-A763-01Z-00-DX1.2B511825-320B-48D7-B8D6-D97894C02667,0.283697,0.354621,0.412646,1.470252,0.913519,w/o Consensus
3,TCGA-GU-AATO-01Z-00-DX1.1F0F2098-E4DF-4AA3-819E-E0DE23C5A0BE,0.129915,0.162394,0.255000,1.577958,0.980440,w/o Consensus
3,TCGA-GV-A3JX-01Z-00-DX1.36A00B8A-662D-43EE-AB52-CBBBF373BCFF,0.103672,0.129590,0.265161,1.590757,0.988393,w/o Consensus
3,TCGA-HQ-A5ND-01Z-00-DX1.EDDFB95C-827E-4533-B49A-56612BC4D9DD,0.280409,0.350512,0.364643,1.470187,0.913478,w/o Consensus
3,TCGA-K4-A3WU-01Z-00-DX1.DD4CA7B4-7950-4B7A-820A-74C763AFAE65,0.199971,0.249964,0.318896,1.544109,0.959409,w/o Consensus
3,TCGA-K4-A5RJ-01Z-00-DX1.DFDDA8B5-E80F-4BF9-87E3-EA75E294ABF5,0.204621,0.255777,0.349106,1.533617,0.952890,w/o Consensus
3,TCGA-LC-A66R-01Z-00-DX1.9D753031-E31A-4E0E-B937-E0D3C47CFFB9,0.156112,0.195140,0.257241,1.561120,0.969978,w/o Consensus
3,TCGA-SY-A9G0-01Z-00-DX1.6F019857-03C8-4B2B-8892-32CBF3EB303F,0.243754,0.304692,0.336132,1.513734,0.940536,w/o Consensus
3,TCGA-UY-A9PB-01Z-00-DX1.4ACBFEEA-703A-47AF-A67D-359B9F027DD0,0.286602,0.358252,0.403885,1.471040,0.914008,w/o Consensus
3,TCGA-XF-A8HB-01Z-00-DX1.D6874152-D20A-4CA4-8E8B-8CBAB5F7D7B5,0.233874,0.292342,0.344468,1.519374,0.944040,w/o Consensus
3,TCGA-XF-A9SI-01Z-00-DX1.537F0394-40FE-4CB7-8524-7BC34F624C15,0.188059,0.235074,0.295560,1.550857,0.963602,w/o Consensus
3,TCGA-XF-A9SU-01Z-00-DX1.35E2DDBE-5BB9-443B-A3D5-20F77D1C6B92,0.221089,0.276361,0.306617,1.529155,0.950117,w/o Consensus
3,TCGA-XF-A9SV-01Z-00-DX1.2ACAA181-2EFA-4E63-B692-D968BCC56031,0.207309,0.259136,0.339960,1.537680,0.955414,w/o Consensus
3,TCGA-XF-A9T3-01Z-00-DX1.408F9901-F442-420B-BE89-ADBD01D1E256,0.223268,0.279085,0.348563,1.526495,0.948465,w/o Consensus
3,TCGA-XF-AAMG-01Z-00-DX1.E0234C99-915C-4190-805A-147D4E3B10D9,0.213364,0.266705,0.304987,1.535102,0.953813,w/o Consensus
3,TCGA-XF-AAMR-01Z-00-DX1.7BFF4F04-9B60-41AA-9977-AF63547748AB,0.285628,0.357035,0.359856,1.475478,0.916766,w/o Consensus
3,TCGA-XF-AAMT-01Z-00-DX1.F5A3715A-55DC-46C1-A6F9-4B1BFE1176EC,0.331454,0.414318,0.486847,1.393229,0.865662,w/o Consensus
3,TCGA-XF-AAMZ-01Z-00-DX1.05AB4629-F59E-4877-B7F3-CF4336557EE0,0.220897,0.276121,0.309691,1.528751,0.949866,w/o Consensus
3,TCGA-XF-AAN7-01Z-00-DX1.B8EDF045-604C-48CB-8E54-A60564CAE2AD,0.206142,0.257677,0.288687,1.537654,0.955398,w/o Consensus
3,TCGA-YF-AA3L-01Z-00-DX1.56C211C1-20C7-4000-9C39-F76919ADA592,0.171382,0.214228,0.309655,1.556501,0.967109,w/o Consensus
3,TCGA-ZF-A9RC-01Z-00-DX1.A3F3826E-2BDE-48C3-9854-1061273AF9DC,0.260833,0.326041,0.388326,1.493937,0.928235,w/o Consensus
3,TCGA-ZF-AA4N-01Z-00-DX1.F176510E-CF8B-4681-9CDE-B6210D8DC88F,0.221226,0.276532,0.359310,1.518783,0.943673,w/o Consensus
3,TCGA-ZF-AA4X-01Z-00-DX1.925D02DA-FAFF-4F2B-A3CE-BF884E5C4C03,0.271295,0.339118,0.376998,1.486473,0.923598,w/o Consensus
3,TCGA-ZF-AA58-01Z-00-DX1.85C3611E-11FA-4AAE-B880-C67C8CC7383B,0.283798,0.354747,0.406428,1.471627,0.914373,w/o Consensus
4,TCGA-2F-A9KP-01Z-00-DX1.3CDF534E-958F-4467-AA7E-FD3C5A86AAAA,0.232114,0.290142,0.345260,1.522512,0.945990,w/o Consensus
4,TCGA-2F-A9KP-01Z-00-DX2.718C82A3-252B-498E-BFBE-F4E4EB431BF5,0.225575,0.281969,0.343492,1.527420,0.949039,w/o Consensus
4,TCGA-2F-A9KW-01Z-00-DX1.CECFDA2E-2CE7-4115-B4E6-A3D75B130232,0.104508,0.130636,0.279245,1.588948,0.987269,w/o Consensus
4,TCGA-2F-A9KW-01Z-00-DX2.10D33B2F-631F-4E3D-BF53-24D40A1088A3,0.086622,0.108277,0.262001,1.596052,0.991683,w/o Consensus
4,TCGA-4Z-AA7W-01Z-00-DX1.9BE6DF4E-480F-483E-8299-D949B5C09B4B,0.133684,0.167104,0.248868,1.576331,0.979430,w/o Consensus
4,TCGA-4Z-AA80-01Z-00-DX1.303549D2-42A5-46C4-AD9D-D72337B416E5,0.100775,0.125968,0.251227,1.592090,0.989221,w/o Consensus
4,TCGA-4Z-AA83-01Z-00-DX1.432ADCAA-36B5-4F9F-B4AE-6D755805FEF5,0.153814,0.192267,0.269222,1.569848,0.975401,w/o Consensus
4,TCGA-4Z-AA87-01Z-00-DX1.84170458-631E-49C5-9D7F-70126388ADE3,0.085771,0.107214,0.234665,1.596441,0.991925,w/o Consensus
4,TCGA-4Z-AA89-01Z-00-DX1.6DD89FC0-A062-41F1-AED3-FF8975FAADF3,0.181422,0.226777,0.302799,1.556957,0.967392,w/o Consensus
4,TCGA-5N-A9KI-01Z-00-DX1.1BAE5EFF-859F-4D0A-8DDC-527E2901F7D4,0.322664,0.403330,0.433762,1.433395,0.890618,w/o Consensus
4,TCGA-5N-A9KM-01Z-00-DX1.5197F750-D17F-459B-B74D-846F5F50F7B7,0.136829,0.171036,0.262955,1.577200,0.979969,w/o Consensus
4,TCGA-BT-A20N-01Z-00-DX1.0FB9D7FF-BDF5-4768-A6F3-D8D16A899772,0.254082,0.317602,0.349092,1.505368,0.935338,w/o Consensus
4,TCGA-BT-A20O-01Z-00-DX1.BD64154E-5CB0-4088-94CC-C48C036E3715,0.263019,0.328774,0.349017,1.495377,0.929130,w/o Consensus
4,TCGA-BT-A2LB-01Z-00-DX1.046294E0-4665-41B8-9B95-1A166163EC99,0.224811,0.281014,0.323895,1.526109,0.948225,w/o Consensus
4,TCGA-BT-A42C-01Z-00-DX1.49949E15-B218-4E43-947C-5D73B87B1CA9,0.056264,0.070331,0.244212,1.603002,0.996001,w/o Consensus
4,TCGA-BT-A42F-01Z-00-DX1.B934B6A1-C16E-4796-A297-9E92DD74763F,0.061137,0.076421,0.225930,1.603141,0.996087,w/o Consensus
4,TCGA-CF-A1HS-01Z-00-DX1.CA67D874-12C9-49AB-ACA1-92C202E27083,0.376484,0.470604,0.467885,1.369289,0.850787,w/o Consensus
4,TCGA-CF-A47T-01Z-00-DX1.2AFA4BB3-B97C-4C0D-86F4-53A5F3317129,0.271862,0.339828,0.395849,1.483321,0.921639,w/o Consensus
4,TCGA-CF-A8HY-01Z-00-DX1.53F599FE-3A6D-4BAC-92B2-CBE3F183BB71,0.342115,0.427644,0.421794,1.412423,0.877588,w/o Consensus
4,TCGA-CF-A9FH-01Z-00-DX1.26AACDC9-1C0B-4AD4-A484-E093515F42B1,0.158294,0.197868,0.272224,1.566170,0.973116,w/o Consensus
4,TCGA-DK-A2I2-01Z-00-DX1.FF39546E-EE64-4287-8CB5-585801A08519,0.125710,0.157137,0.304923,1.576686,0.979650,w/o Consensus
4,TCGA-DK-A2I4-01Z-00-DX1.2DE79A2D-575E-4D5A-A6E3-89D551A5FA46,0.188964,0.236206,0.297443,1.549220,0.962585,w/o Consensus
4,TCGA-DK-A3IN-01Z-00-DX1.2AB0F8FC-CC41-4277-A8AF-8AE709D98DA0,0.093820,0.117275,0.252828,1.594405,0.990660,w/o Consensus
4,TCGA-DK-A3IT-01Z-00-DX1.819410F8-5E45-484B-8D98-0A3DAB314C6E,0.147986,0.184982,0.298660,1.570186,0.975611,w/o Consensus
4,TCGA-DK-A3IV-01Z-00-DX1.3E7EDFE4-61F6-4EA8-9A29-D70C2785E408,0.148229,0.185286,0.263742,1.572428,0.977004,w/o Consensus
4,TCGA-DK-A3X2-01Z-00-DX1.CB507611-E3AE-43A2-B5F8-EEAE59423E2E,0.136262,0.170328,0.319461,1.568817,0.974761,w/o Consensus
4,TCGA-E5-A2PC-01Z-00-DX1.409697C6-097B-4B24-A54B-B52BEC5A0A9B,0.163893,0.204866,0.268982,1.559874,0.969204,w/o Consensus
4,TCGA-E5-A4TZ-01Z-00-DX1.08FA5E08-5AF7-461E-8EBC-200BF969E505,0.226189,0.282736,0.379603,1.515073,0.941368,w/o Consensus
4,TCGA-E7-A3Y1-01Z-00-DX1.D3E81A0B-1D20-4916-8872-81D469A1E276,0.180308,0.225386,0.271322,1.548679,0.962249,w/o Consensus
4,TCGA-E7-A678-01Z-00-DX1.C589E72B-7214-4EE9-A796-869C2372DD67,0.114578,0.143223,0.269678,1.588125,0.986757,w/o Consensus
4,TCGA-E7-A7DU-01Z-00-DX1.25C7F59E-1F03-47EF-9F17-DB9ADB16276E,0.197388,0.246735,0.314216,1.546365,0.960811,w/o Consensus
4,TCGA-E7-A97P-01Z-00-DX1.09FD969F-62C2-4C79-A826-657A7991C87B,0.145460,0.181825,0.282199,1.573264,0.977524,w/o Consensus
4,TCGA-FD-A3B4-01Z-00-DX1.45B61DCC-09B4-4863-875A-ED1DEECE5F27,0.170221,0.212777,0.305545,1.561626,0.970293,w/o Consensus
4,TCGA-FD-A3N6-01Z-00-DX1.C94C21D1-83F2-45EE-A7BE-6A4E5C9B1A89,0.081456,0.101820,0.251814,1.598291,0.993074,w/o Consensus
4,TCGA-FD-A3SJ-01Z-00-DX1.CF7DF110-22A8-4071-9717-A71915407248,0.143567,0.179458,0.259162,1.570403,0.975746,w/o Consensus
4,TCGA-FD-A3SM-01Z-00-DX1.D391C864-B5B5-4C4D-915F-FBD8BCACAD36,0.147926,0.184907,0.281996,1.573440,0.977634,w/o Consensus
4,TCGA-FD-A43U-01Z-00-DX1.003EC6EC-229E-4578-BF5B-1FB3EBF68845,0.167000,0.208750,0.294779,1.557729,0.967871,w/o Consensus
4,TCGA-FD-A6TC-01Z-00-DX1.AC96EA62-D56E-4565-88E0-EBAEB8087C4F,0.074635,0.093293,0.239991,1.600589,0.994502,w/o Consensus
4,TCGA-FD-A6TH-01Z-00-DX1.1791761E-876F-4AAB-A0B1-272A37A41E3A,0.099743,0.124679,0.258720,1.593242,0.989937,w/o Consensus
4,TCGA-FD-A6TI-01Z-00-DX1.A451F82D-983B-4646-BFC6-E40A66F2B9C8,0.173881,0.217351,0.290954,1.558627,0.968429,w/o Consensus
4,TCGA-FJ-A3ZE-01Z-00-DX1.CD478617-4D80-4F36-8908-8480738367C6,0.226646,0.283308,0.363865,1.520432,0.944698,w/o Consensus
4,TCGA-FJ-A3ZE-01Z-00-DX2.147C2363-55A3-4C02-BAF5-4F1256E30542,0.188411,0.235514,0.318596,1.552322,0.964512,w/o Consensus
4,TCGA-FJ-A871-01Z-00-DX1.72748A33-5021-4AC6-AEF4-9BDA17233AB3,0.134270,0.167838,0.276968,1.580361,0.981934,w/o Consensus
4,TCGA-FJ-A871-01Z-00-DX2.B09F27BF-6786-4CC7-8471-5A73E048A813,0.126846,0.158558,0.274730,1.583618,0.983957,w/o Consensus
4,TCGA-FJ-A871-01Z-00-DX3.23DB58B1-62E3-4B74-AF08-198BD843FA22,0.125238,0.156548,0.271568,1.584257,0.984354,w/o Consensus
4,TCGA-FJ-A871-01Z-00-DX4.5917B34B-0752-40A9-B749-FB4B5514229B,0.134477,0.168096,0.281651,1.579914,0.981656,w/o Consensus
4,TCGA-FJ-A871-01Z-00-DX5.8F79D0A8-5DE6-4159-AA77-61DACB21E867,0.136390,0.170488,0.283227,1.578291,0.980647,w/o Consensus
4,TCGA-FT-A3EE-01Z-00-DX1.1CA5BFA3-F6F7-45DE-83EC-F328AC4EBE80,0.146233,0.182791,0.312047,1.567982,0.974242,w/o Consensus
4,TCGA-G2-A2EL-01Z-00-DX1.CCC37120-A9F0-4278-9EA6-6CD1A132596C,0.179638,0.224548,0.304168,1.558043,0.968067,w/o Consensus
4,TCGA-G2-A2EL-01Z-00-DX2.2E59E1ED-C518-46EC-B60A-B083BA3A77C7,0.184833,0.231041,0.307947,1.555121,0.966251,w/o Consensus
4,TCGA-G2-A2EO-01Z-00-DX1.E2FEF97D-F947-4497-8605-BBBFC3EC665B,0.225429,0.281786,0.333548,1.526968,0.948759,w/o Consensus
4,TCGA-G2-A2EO-01Z-00-DX2.94CC403C-1986-4906-AF11-92E349C8A114,0.201348,0.251685,0.331259,1.540810,0.957359,w/o Consensus
4,TCGA-G2-A2EO-01Z-00-DX3.F64AE021-27AB-4B3C-9DD2-9B8A358326C3,0.185872,0.232340,0.297977,1.552991,0.964928,w/o Consensus
4,TCGA-G2-A2EO-01Z-00-DX4.BE1980E2-83B2-4E04-A6A4-9B71B15793B5,0.206402,0.258003,0.320848,1.540019,0.956868,w/o Consensus
4,TCGA-G2-A2EO-01Z-00-DX5.85F4C6CF-E10B-4EF7-B477-D42E9F78247F,0.214634,0.268293,0.328897,1.533982,0.953116,w/o Consensus
4,TCGA-G2-A2EO-01Z-00-DX6.8FBEA23E-DC4C-4420-A72A-FDDC0CC1F80A,0.186751,0.233438,0.295948,1.549983,0.963058,w/o Consensus
4,TCGA-G2-A2EO-01Z-00-DX7.5784EBED-47AE-4ADA-84F2-3E58965EE2BC,0.205847,0.257309,0.313522,1.540975,0.957462,w/o Consensus
4,TCGA-G2-A2EO-01Z-00-DX8.04D3920F-D1FD-4B37-8229-877FC64C3492,0.220783,0.275979,0.340851,1.529261,0.950183,w/o Consensus
4,TCGA-G2-AA3D-01Z-00-DX1.8C31FE8D-13F9-49FF-A4FB-2D004B109394,0.131496,0.164370,0.279614,1.581697,0.982764,w/o Consensus
4,TCGA-GC-A3YS-01Z-00-DX1.97B4664A-9D8B-460D-B4A4-89855D3DB0C2,0.132045,0.165056,0.275334,1.581941,0.982915,w/o Consensus
4,TCGA-GV-A3JV-01Z-00-DX1.F071374F-1290-4A36-9466-D6F1F3EBC17E,0.073393,0.091741,0.234334,1.600388,0.994377,w/o Consensus
4,TCGA-GV-A3JZ-01Z-00-DX1.5DFDE227-D52D-481F-A8D8-28DF25096BD9,0.104248,0.130309,0.241334,1.588179,0.986791,w/o Consensus
4,TCGA-GV-A3QH-01Z-00-DX1.A87C25E1-8199-4557-944B-9ABD1A70ADE9,0.160018,0.200022,0.325132,1.561076,0.969951,w/o Consensus
4,TCGA-GV-A40E-01Z-00-DX1.6313DD1A-6E65-4775-82DC-58AD4EF81D32,0.129316,0.161645,0.270027,1.582800,0.983449,w/o Consensus
4,TCGA-GV-A6ZA-01Z-00-DX1.6EBD225D-5EE2-4F0A-BC07-1EF5CEBFE25A,0.110895,0.138619,0.247958,1.587442,0.986333,w/o Consensus
4,TCGA-HQ-A2OF-01Z-00-DX1.6D50B772-71C3-40C3-94CF-969946799028,0.184317,0.230396,0.313685,1.553650,0.965337,w/o Consensus
4,TCGA-HQ-A5NE-01Z-00-DX1.8046B606-085B-406F-A8D7-92A3E021020A,0.127060,0.158824,0.282086,1.582055,0.982986,w/o Consensus
4,TCGA-K4-A4AC-01Z-00-DX1.DED1674F-953D-40DB-85AE-9CD595248EC7,0.174804,0.218504,0.301835,1.560216,0.969417,w/o Consensus
4,TCGA-PQ-A6FI-01Z-00-DX1.EC3791D8-B5D2-468A-9FB7-D0217CD02DFB,0.143559,0.179449,0.298480,1.573419,0.977620,w/o Consensus
4,TCGA-SY-A9G5-01Z-00-DX1.CE221A12-59FC-4482-9BD5-7082A2EA4E61,0.141715,0.177144,0.276435,1.576394,0.979469,w/o Consensus
4,TCGA-UY-A78L-01Z-00-DX1.8955EB83-E4AE-452E-8B68-83C4B8BED6D5,0.106720,0.133400,0.247550,1.591030,0.988563,w/o Consensus
4,TCGA-UY-A78M-01Z-00-DX1.9C08E77F-E63B-480E-A4D5-1576EF802152,0.166774,0.208467,0.300142,1.565084,0.972442,w/o Consensus
4,TCGA-UY-A78O-01Z-00-DX1.6DDC084F-A086-4B5B-90B6-9C45E842A5FA,0.171105,0.213882,0.275853,1.560268,0.969449,w/o Consensus
4,TCGA-UY-A8OB-01Z-00-DX1.9DD447FB-44F0-4FFF-8293-9FF0D54A96A0,0.188578,0.235723,0.319721,1.545171,0.960069,w/o Consensus
4,TCGA-UY-A9PD-01Z-00-DX1.55AF21E3-74DF-4D18-ADA4-A2A12665DF0A,0.078869,0.098586,0.226627,1.597617,0.992655,w/o Consensus
4,TCGA-XF-A9SH-01Z-00-DX1.B1E33049-ABB8-4F2F-9D2D-503E48B8CDE5,0.128167,0.160209,0.260963,1.580201,0.981834,w/o Consensus
4,TCGA-XF-A9SL-01Z-00-DX1.AA56A70C-28E1-4140-9B15-72AB0D5051A6,0.128094,0.160118,0.267514,1.581287,0.982509,w/o Consensus
4,TCGA-XF-A9SP-01Z-00-DX1.7F3BF700-89AD-4045-AFCD-C94F1F959B41,0.197440,0.246800,0.322409,1.545845,0.960488,w/o Consensus
4,TCGA-XF-A9ST-01Z-00-DX1.C135C4EB-6A64-4B9E-A8A0-87B72594568C,0.099483,0.124354,0.261841,1.593135,0.989870,w/o Consensus
4,TCGA-XF-A9SX-01Z-00-DX1.6DB4572E-915C-491F-BE68-99C019799E20,0.135125,0.168907,0.291927,1.578469,0.980758,w/o Consensus
4,TCGA-XF-A9SZ-01Z-00-DX1.42A301F5-42E9-4618-A85A-51C1AEC8B8D1,0.216754,0.270942,0.340060,1.527432,0.949047,w/o Consensus
4,TCGA-XF-AAME-01Z-00-DX1.90E1555F-CBAF-434C-9C7E-5BAC38069AC7,0.116997,0.146247,0.245266,1.584696,0.984627,w/o Consensus
4,TCGA-XF-AAMX-01Z-00-DX1.453214DD-54FF-42DF-8BD6-E6BC4B376EFF,0.083375,0.104218,0.232458,1.596730,0.992104,w/o Consensus
4,TCGA-XF-AAN8-01Z-00-DX1.2962EEBB-A4F1-4958-85C9-480B7CA769A8,0.255460,0.319325,0.326724,1.497914,0.930706,w/o Consensus
4,TCGA-ZF-A9R1-01Z-00-DX1.74520759-D448-45B5-B8AD-45502C99A519,0.216119,0.270149,0.320941,1.533953,0.953098,w/o Consensus
4,TCGA-ZF-A9R2-01Z-00-DX1.D5BC88BD-594B-4EAA-988E-2577E48FEE15,0.242030,0.302537,0.356142,1.513422,0.940342,w/o Consensus
4,TCGA-ZF-A9R3-01Z-00-DX1.AF828281-A45C-47D1-9FE3-CE7B9E105914,0.316402,0.395503,0.444878,1.430266,0.888674,w/o Consensus
4,TCGA-ZF-A9RE-01Z-00-DX1.6E1EF772-E62D-4D9F-8688-43AAF764A6E6,0.213495,0.266869,0.323231,1.532484,0.952186,w/o Consensus
4,TCGA-ZF-A9RL-01Z-00-DX1.6A6B23B8-78D2-4468-8B25-A2D94130722C,0.186447,0.233059,0.336583,1.546318,0.960781,w/o Consensus
4,TCGA-ZF-A9RN-01Z-00-DX1.262DCE43-154D-492E-80C3-6F8C8D4058D0,0.189927,0.237409,0.273646,1.545905,0.960525,w/o Consensus
4,TCGA-ZF-AA4R-01Z-00-DX1.2CDCECED-FC91-48D4-AAAC-4452B7C2F218,0.202351,0.252938,0.314939,1.542089,0.958154,w/o Consensus
4,TCGA-ZF-AA53-01Z-00-DX1.04E05AAC-DAE2-428F-98DD-37F2B414E818,0.148008,0.185010,0.285876,1.573529,0.977688,w/o Consensus
5,TCGA-2F-A9KT-01Z-00-DX1.ADD6D87C-0CC2-4B1F-A75F-108C9EB3970F,0.217404,0.271756,0.325471,1.531869,0.951804,w/o Consensus
5,TCGA-2F-A9KT-01Z-00-DX2.A06896B2-FC9A-430D-8F59-C89EEA002C8B,0.316145,0.395182,0.385484,1.444575,0.897565,w/o Consensus
5,TCGA-4Z-AA7Q-01Z-00-DX1.9C30EAED-8DE3-437C-8852-0C64B415AFA8,0.366515,0.458144,0.462828,1.375407,0.854588,w/o Consensus
5,TCGA-4Z-AA86-01Z-00-DX1.C4DC6342-85A3-4F8A-BA6E-B63C554880B4,0.403203,0.504004,0.543631,1.292240,0.802914,w/o Consensus
5,TCGA-BT-A20U-01Z-00-DX1.C2FDF7E9-3391-44E8-9E84-C5EA8EB4AB4C,0.257627,0.322034,0.297564,1.480804,0.920075,w/o Consensus
5,TCGA-BT-A3PJ-01Z-00-DX1.C730AD35-81DF-4758-97B5-1E9F58E67A2B,0.353456,0.441821,0.389768,1.395856,0.867294,w/o Consensus
5,TCGA-BT-A42E-01Z-00-DX1.7DAF02FF-70D0-412D-8EE3-03AC04E83300,0.417439,0.521799,0.538430,1.289773,0.801381,w/o Consensus
5,TCGA-C4-A0F0-01Z-00-DX1.8EBBC2EF-DA6F-4901-838D-C1AC80E83E92,0.275514,0.344393,0.363118,1.484594,0.922430,w/o Consensus
5,TCGA-CF-A1HR-01Z-00-DX1.C56E4296-EB85-4DBA-B0A0-9D6FA097A74F,0.469269,0.586586,0.564450,1.220984,0.758640,w/o Consensus
5,TCGA-CF-A3MH-01Z-00-DX1.4A6F7BDC-B7D2-4203-AA8E-7BA5DB8BF3AC,0.288271,0.360339,0.415663,1.460843,0.907673,w/o Consensus
5,TCGA-CF-A47S-01Z-00-DX1.1397F7C0-1098-4C42-B158-28A37723F5F6,0.321373,0.401717,0.462967,1.416808,0.880312,w/o Consensus
5,TCGA-CF-A5UA-01Z-00-DX1.7352D4EB-46F5-4EAA-95B9-1D869E8291C3,0.287888,0.359859,0.405254,1.467165,0.911601,w/o Consensus
5,TCGA-CU-A0YO-01Z-00-DX1.847097EC-2E17-44BA-9162-6AA298B7CAFD,0.227099,0.283874,0.302163,1.513258,0.940240,w/o Consensus
5,TCGA-DK-A1AG-01Z-00-DX1.1794B149-3C25-4C51-B96F-1EA24BCBBB3C,0.369347,0.461684,0.482808,1.370725,0.851680,w/o Consensus
5,TCGA-DK-A2HX-01Z-00-DX1.F5D261DF-5A52-4BF6-B892-89B245809F7B,0.317052,0.396315,0.385711,1.437199,0.892982,w/o Consensus
5,TCGA-DK-A3IM-01Z-00-DX1.ED1A8B22-566E-4A95-AF6D-7C9E536BE2B7,0.429583,0.536979,0.558950,1.268493,0.788159,w/o Consensus
5,TCGA-DK-A3IS-01Z-00-DX1.31CABE32-36D7-4920-BF5A-9C9D8B54320F,0.605739,0.757173,0.761058,0.857961,0.533081,w/o Consensus
5,TCGA-DK-A3WW-01Z-00-DX1.4C3751B5-BD3E-4902-A092-B5877B67851F,0.306455,0.383069,0.346147,1.429154,0.887983,w/o Consensus
5,TCGA-DK-A3WY-01Z-00-DX1.B2B8F28A-A9A4-4C6E-8C7F-3008DF2DE498,0.652087,0.815109,0.817254,0.711463,0.442057,w/o Consensus
5,TCGA-E7-A5KE-01Z-00-DX1.BDCD4071-5EE5-4863-A722-DAA32F3A7FB4,0.583572,0.729465,0.741572,0.909165,0.564896,w/o Consensus
5,TCGA-E7-A677-01Z-00-DX1.D66285D0-F67B-4423-929B-DF34BBC55C80,0.256813,0.321017,0.348088,1.501563,0.932974,w/o Consensus
5,TCGA-E7-A7XN-01Z-00-DX1.5C955881-5B13-4D6B-B99C-E849ADCDE647,0.406602,0.508252,0.545388,1.296484,0.805551,w/o Consensus
5,TCGA-E7-A8O7-01Z-00-DX1.E3D79C43-608D-40A1-9F65-0414FDF27741,0.345297,0.431622,0.454618,1.405316,0.873172,w/o Consensus
5,TCGA-FD-A3B7-01Z-00-DX1.758419EB-E5A3-4383-817A-B3870FBA1776,0.319486,0.399357,0.339184,1.418752,0.881520,w/o Consensus
5,TCGA-FD-A3NA-01Z-00-DX1.2AD62CEE-0D76-4382-AE2E-9B7FCB1130D9,0.335214,0.419017,0.420347,1.418900,0.881612,w/o Consensus
5,TCGA-FD-A43N-01Z-00-DX1.57422C5F-A3A1-4595-9E06-C05C7FF5944B,0.328588,0.410735,0.403743,1.427912,0.887212,w/o Consensus
5,TCGA-FD-A43X-01Z-00-DX1.CB2A73D9-F64C-4553-8D11-4C25CEF98C45,0.324752,0.405940,0.411365,1.435724,0.892065,w/o Consensus
5,TCGA-FD-A5BR-01Z-00-DX1.53CA363B-8DA6-465A-9FEA-2D120B5787A8,0.357887,0.447358,0.433972,1.391010,0.864283,w/o Consensus
5,TCGA-FD-A5BZ-01Z-00-DX1.344B1F8F-3B3A-4D42-894E-27C5AE265F42,0.315038,0.393797,0.385311,1.441833,0.895861,w/o Consensus
5,TCGA-FD-A62S-01Z-00-DX1.B35DA29A-6F19-4663-9DB2-AB57DAFC84A7,0.306091,0.382614,0.347923,1.438307,0.893670,w/o Consensus
5,TCGA-FD-A6TE-01Z-00-DX1.1CD738A0-1D6D-461B-9322-21F77CC3D167,0.375633,0.469541,0.478034,1.354765,0.841763,w/o Consensus
5,TCGA-FD-A6TG-01Z-00-DX1.C49D520E-3589-4623-9BBE-9676BAC83A8F,0.315832,0.394790,0.417605,1.433648,0.890776,w/o Consensus
5,TCGA-FD-A6TK-01Z-00-DX1.B685DA87-72A6-4C38-8AA1-40B6E543383C,0.369006,0.461257,0.464503,1.365395,0.848368,w/o Consensus
5,TCGA-FJ-A3Z7-01Z-00-DX1.B36BF723-0E71-4FA9-A915-823634B91EA9,0.588683,0.735853,0.733895,0.918954,0.570978,w/o Consensus
5,TCGA-FJ-A3Z7-01Z-00-DX2.C4531060-32B7-4472-8B6D-3E4477810B9F,0.529867,0.662333,0.640477,1.090649,0.677658,w/o Consensus
5,TCGA-FJ-A3Z7-01Z-00-DX3.6709359F-68F9-4B02-B793-359B83F26372,0.609449,0.761811,0.759976,0.857494,0.532791,w/o Consensus
5,TCGA-FJ-A3Z7-01Z-00-DX4.7DDE20DA-894A-4751-A7C0-D5740CB30DD9,0.469186,0.586482,0.571469,1.209153,0.751289,w/o Consensus
5,TCGA-FJ-A3Z7-01Z-00-DX5.B0ABE3C5-94EC-4650-9698-0D4C57291267,0.493919,0.617398,0.592113,1.162280,0.722165,w/o Consensus
5,TCGA-FJ-A3Z7-01Z-00-DX6.28B723F7-1035-4DC2-8DB1-87F08166A9FA,0.432924,0.541155,0.504076,1.277379,0.793680,w/o Consensus
5,TCGA-FJ-A3Z9-01Z-00-DX1.012EC33E-2BEF-4EDB-81D5-6EAC32D90C87,0.531893,0.664866,0.606770,1.094405,0.679992,w/o Consensus
5,TCGA-FJ-A3ZF-01Z-00-DX1.1B5E03AA-51A0-4E2B-A2B3-9652B1FA1D55,0.637223,0.796529,0.805639,0.748164,0.464860,w/o Consensus
5,TCGA-G2-A2EJ-01Z-00-DX1.BBADB2AF-BF32-4678-A54B-F82CA11DC715,0.356967,0.446209,0.451854,1.394969,0.866743,w/o Consensus
5,TCGA-G2-A2EJ-01Z-00-DX2.3DCD4041-FBE0-45B4-BD5B-6A9E8200289C,0.318000,0.397500,0.390477,1.440083,0.894774,w/o Consensus
5,TCGA-G2-A2EJ-01Z-00-DX3.3FA3BE61-17DA-4CFE-8845-0889701340EB,0.291515,0.364393,0.358399,1.468482,0.912419,w/o Consensus
5,TCGA-G2-A2EJ-01Z-00-DX4.A156EE54-2814-415F-A7AD-9E408E7B0F50,0.358930,0.448662,0.444222,1.385994,0.861167,w/o Consensus
5,TCGA-G2-A2EJ-01Z-00-DX5.B20A9A5E-23B7-4C19-A021-8B19D56C80B2,0.335439,0.419299,0.426742,1.417223,0.880570,w/o Consensus
5,TCGA-G2-A2EJ-01Z-00-DX6.6EFFECC5-45F4-4828-8AD7-84E060E6FC9D,0.322394,0.402993,0.415588,1.434169,0.891100,w/o Consensus
5,TCGA-G2-A2EJ-01Z-00-DX7.79C8E05D-5640-49AC-923D-58030F64DD5A,0.288793,0.360991,0.341320,1.465265,0.910420,w/o Consensus
5,TCGA-G2-A2EJ-01Z-00-DX8.C3EB2C27-F483-4CE5-AF8D-2AF462AB296F,0.377742,0.472177,0.479479,1.364157,0.847598,w/o Consensus
5,TCGA-G2-A2ES-01Z-00-DX1.B80524C7-9705-461E-852E-DA99575FABF0,0.367481,0.459352,0.451436,1.380285,0.857619,w/o Consensus
5,TCGA-G2-A2ES-01Z-00-DX2.CA66A071-D602-41CD-BD39-4AF1FD7BFC43,0.322950,0.403687,0.359731,1.431089,0.889186,w/o Consensus
5,TCGA-G2-A2ES-01Z-00-DX3.4127F544-FC83-44F6-85CD-3F1542785E71,0.448414,0.560518,0.572566,1.235260,0.767510,w/o Consensus
5,TCGA-G2-A2ES-01Z-00-DX4.F8B9CC1E-CDC8-4335-82DD-4BE4F6A35CEF,0.355038,0.443798,0.437460,1.393509,0.865836,w/o Consensus
5,TCGA-G2-A2ES-01Z-00-DX5.3576FA08-47B1-4A10-94F1-5F5A57A7835E,0.430068,0.537585,0.512758,1.293802,0.803884,w/o Consensus
5,TCGA-G2-A2ES-01Z-00-DX6.FF3254DB-03CE-48A3-8C68-E0BAE60694F6,0.393459,0.491823,0.455242,1.352775,0.840527,w/o Consensus
5,TCGA-G2-A2ES-01Z-00-DX7.03160CC5-FC81-4A8D-96D4-BCEBADCDF599,0.437606,0.547008,0.548351,1.264735,0.785824,w/o Consensus
5,TCGA-G2-A3IB-01Z-00-DX1.27F44B48-11D5-438D-B568-E099C05AD428,0.296026,0.370032,0.406196,1.462336,0.908600,w/o Consensus
5,TCGA-G2-A3IB-01Z-00-DX2.233CCEF1-7332-4940-84A6-7CD6ADE8272E,0.344954,0.431192,0.466705,1.393875,0.866063,w/o Consensus
5,TCGA-G2-A3IB-01Z-00-DX3.87062FFE-72F3-48E0-A9CD-71F5FF3819D3,0.341130,0.426412,0.421665,1.410533,0.876413,w/o Consensus
5,TCGA-G2-A3IB-01Z-00-DX4.2AECF9F2-3DC4-4474-9D1D-13B40EC9DBDD,0.404951,0.506189,0.501273,1.318989,0.819534,w/o Consensus
5,TCGA-G2-A3VY-01Z-00-DX1.E571536B-7C5A-48DC-9CED-5ACA78DDD43F,0.435926,0.544908,0.553584,1.264734,0.785823,w/o Consensus
5,TCGA-GC-A3I6-01Z-00-DX1.47650F7B-0AD3-49C9-AB9E-40383C7D07AC,0.325766,0.407208,0.404668,1.429065,0.887928,w/o Consensus
5,TCGA-GD-A6C6-01Z-00-DX1.5C5F2FA2-6284-4DD8-BE73-D13A88988640,0.507738,0.634673,0.665195,1.087595,0.675761,w/o Consensus
5,TCGA-GU-A762-01Z-00-DX1.F01B133E-3744-4430-9752-FDD25EEF58A3,0.361659,0.452074,0.466338,1.384026,0.859944,w/o Consensus
5,TCGA-GU-A766-01Z-00-DX1.72BD6744-E817-4B15-BF58-64BDBC1943FF,0.364212,0.455265,0.402198,1.377749,0.856044,w/o Consensus
5,TCGA-GU-A767-01Z-00-DX1.A8B13490-D25A-45E1-A2D8-02125DB3A6B2,0.323675,0.404594,0.443602,1.428745,0.887729,w/o Consensus
5,TCGA-GV-A3QF-01Z-00-DX1.C59696CF-C415-46AD-B6D6-70A022AC10FA,0.375706,0.469632,0.488665,1.356598,0.842902,w/o Consensus
5,TCGA-GV-A3QG-01Z-00-DX1.4A550B20-2A4C-48E5-BFE2-6EBBC59E4041,0.384300,0.480375,0.504833,1.346029,0.836335,w/o Consensus
5,TCGA-H4-A2HO-01Z-00-DX1.37FB76BF-EA5F-430D-89A4-8789ECACC5DB,0.250686,0.313358,0.369108,1.504283,0.934663,w/o Consensus
5,TCGA-K4-A3WV-01Z-00-DX1.F44E3C25-920C-4730-9019-D1E993121F08,0.558292,0.697866,0.715121,0.972995,0.604556,w/o Consensus
5,TCGA-K4-A5RI-01Z-00-DX1.A56C3CF4-543E-46D6-BA50-52A4C790FAE8,0.280072,0.350090,0.347994,1.476141,0.917178,w/o Consensus
5,TCGA-K4-A6FZ-01Z-00-DX1.E4BB7534-1719-45C7-8E0F-78558DB9AD37,0.316636,0.395795,0.419282,1.432816,0.890259,w/o Consensus
5,TCGA-K4-A83P-01Z-00-DX1.6B9251BD-650E-4F69-BE8F-AB0BE5DC90FB,0.352346,0.440432,0.477852,1.388621,0.862799,w/o Consensus
5,TCGA-PQ-A6FN-01Z-00-DX1.58FC60E8-7386-4E57-804D-6AD103AE0FDC,0.259664,0.324580,0.319793,1.487631,0.924317,w/o Consensus
5,TCGA-UY-A78K-01Z-00-DX1.329D9BFF-A204-4A7D-8767-B39F34179708,0.225854,0.282318,0.365216,1.521089,0.945106,w/o Consensus
5,TCGA-UY-A78P-01Z-00-DX1.B6783816-0322-4453-BC80-20ED79A40588,0.406400,0.508000,0.563727,1.277919,0.794016,w/o Consensus
5,TCGA-UY-A9PA-01Z-00-DX1.A83A79FB-810C-42A4-8EC7-A3328D79542D,0.265728,0.332160,0.364253,1.493858,0.928186,w/o Consensus
5,TCGA-XF-A8HD-01Z-00-DX1.809538C0-0D52-4DA5-AA7D-EDA7B363BF36,0.347204,0.434005,0.431312,1.405488,0.873279,w/o Consensus
5,TCGA-XF-A8HH-01Z-00-DX1.22E9DD6D-F231-422F-A349-9FF60B65D50E,0.445608,0.557011,0.573785,1.241167,0.771180,w/o Consensus
5,TCGA-XF-A8HI-01Z-00-DX1.1BA3EF33-D4D5-4213-833D-A7F8C0EFFF02,0.355130,0.443913,0.490097,1.378186,0.856315,w/o Consensus
5,TCGA-XF-A9SG-01Z-00-DX1.6D50B71D-9736-46F9-B527-63565FC65AF2,0.227210,0.284013,0.314482,1.515215,0.941456,w/o Consensus
5,TCGA-XF-A9SK-01Z-00-DX1.1D198106-323F-463B-832B-CB3A03E7B343,0.480074,0.600092,0.587979,1.189069,0.738810,w/o Consensus
5,TCGA-XF-A9SM-01Z-00-DX1.7AADC753-E07E-44A5-91EC-D1740ED5A168,0.521682,0.652103,0.671084,1.068665,0.663999,w/o Consensus
5,TCGA-XF-A9SW-01Z-00-DX1.3FC62DD6-E5D2-4F74-A937-A2A62946E5C0,0.324118,0.405147,0.430225,1.428962,0.887864,w/o Consensus
5,TCGA-XF-A9T8-01Z-00-DX1.C18E4176-C0C1-4F5A-B128-23DF5CE77C05,0.373666,0.467083,0.470303,1.364923,0.848074,w/o Consensus
5,TCGA-XF-AAMJ-01Z-00-DX1.726E3D84-8370-45AC-9C98-ACA30CAB2359,0.347944,0.434930,0.470967,1.391393,0.864521,w/o Consensus
5,TCGA-XF-AAMW-01Z-00-DX1.875DED6D-805B-418C-8C9E-AE45FDECC504,0.512831,0.641038,0.639545,1.115198,0.692911,w/o Consensus
5,TCGA-XF-AAMY-01Z-00-DX1.44D91D18-357D-4FB2-A7CA-38792E3CB839,0.506299,0.632874,0.635621,1.124985,0.698992,w/o Consensus
5,TCGA-XF-AAN3-01Z-00-DX1.2F004F0A-57C1-42CA-A07C-CE0FE8F876D5,0.592591,0.740738,0.766832,0.858026,0.533122,w/o Consensus
5,TCGA-YC-A8S6-01Z-00-DX1.6B92FB17-2000-48B0-B7AE-6C8766D958E2,0.363240,0.454051,0.494879,1.366693,0.849174,w/o Consensus
5,TCGA-ZF-A9R4-01Z-00-DX1.0A115B7F-FB7F-4D82-953F-62BF64C1245F,0.448049,0.560061,0.625390,1.177151,0.731405,w/o Consensus
5,TCGA-ZF-A9RF-01Z-00-DX1.948A32F2-EF55-44E8-BC52-6FCF4A3411BF,0.604653,0.755817,0.778828,0.826584,0.513585,w/o Consensus
5,TCGA-ZF-A9RM-01Z-00-DX1.68758A74-2409-48F4-811A-EA42B4F8F942,0.359301,0.449126,0.436034,1.393468,0.865810,w/o Consensus
5,TCGA-ZF-AA4U-01Z-00-DX1.E7FBFD1C-E974-4B9C-8DA8-D14FEC22D117,0.386651,0.483313,0.474383,1.357811,0.843656,w/o Consensus
5,TCGA-ZF-AA51-01Z-00-DX1.128C9731-C206-4E71-9A64-864FA9FD7E96,0.733868,0.917335,0.929390,0.352313,0.218904,w/o Consensus
5,TCGA-ZF-AA52-01Z-00-DX1.BABC9074-8AF5-42E7-B3F8-39590121B620,0.481489,0.601862,0.623410,1.159977,0.720734,w/o Consensus
